,0,id,review,category,target,term,polarity
0,the wine list is interesting and has many good values.,1014458:3,The wine list is interesting and has many good values.,"FOOD,PRICES","wine list,wine list",list!interesting|wine!interesting|values!many,"positive,positive"
1,"service was devine, oysters where a sensual as they come, and the price can't be beat!!!",1028246:1,"Service was devine, oysters where a sensual as they come, and the price can't be beat!!!","SERVICE,FOOD,PRICES","Service,oysters,NULL",|price!beat,"positive,positive,positive"
2,we took advanatage of the half price sushi deal on saturday so it was well worth it.,1064477:4,We took advanatage of the half price sushi deal on saturday so it was well worth it.,"FOOD,PRICES","half price sushi deal,half price sushi deal",,"positive,positive"
3,the prix fixe menu is worth every penny and you get more than enough (both in quantity and quality).,1084394:3,The Prix Fixe menu is worth every penny and you get more than enough (both in quantity AND quality).,"FOOD,FOOD,PRICES","Prix Fixe menu,Prix Fixe menu,Prix Fixe menu",menu!worth|prix!worth|fixe!worth|penny!more,"positive,positive,positive"
4,"$6 and there is much tasty food, all of it fresh and continually refilled.",1086415:2,"$6 and there is much tasty food, all of it fresh and continually refilled.","FOOD,FOOD,PRICES","food,food,food",food!fresh,"positive,positive,positive"
5,add to that great service and great food at a reasonable price and you have yourself the beginning of a great evening.,1090587:2,Add to that great service and great food at a reasonable price and you have yourself the beginning of a great evening.,"SERVICE,FOOD,PRICES","service,food,food",service!great|food!great|price!reasonable|beginning!great|evening!service,"positive,positive,positive"
6,the pizza is overpriced and soggy.,1119578:1,The pizza is overpriced and soggy.,"FOOD,PRICES","pizza,pizza",,"negative,negative"
7,decent wine at reasonable prices.,1126814:3,Decent wine at reasonable prices.,"FOOD,PRICES","wine,wine",wine!decent|prices!decent,"neutral,positive"
8,but the pizza is way to expensive.,1145510:2,But the pizza is way to expensive.,PRICES,pizza,,negative
9,"a large is $20, and toppings are about $3 each.",1145510:3,"A large is $20, and toppings are about $3 each.","PRICES,PRICES","NULL,toppings",,"negative,negative"
10,"the atmosphere isn't the greatest , but i suppose that's how they keep the prices down .",1162037:2,"The atmosphere isn't the greatest , but I suppose that's how they keep the prices down .","AMBIENCE,PRICES","atmosphere,NULL",atmosphere!greatest,"neutral,positive"
11,"great wine selection, gigondas is worth the price, and the house champagne is a great value.",1189674:4,"Great wine selection, Gigondas is worth the price, and the house champagne is a great value.","FOOD,FOOD,PRICES","wine selection,Gigondas,house champagne",selection!great|wine!great|value!great|price!great|champagne!price|house!value,"positive,positive,positive"
12,tiny dessert was $8.00...just plain overpriced for what it is.,1212346:4,Tiny dessert was $8.00...just plain overpriced for what it is.,"FOOD,PRICES","dessert,dessert",|dessert!tiny,"negative,negative"
13,the drinks are always welll made and wine selection is fairly priced.,1221938:0,The drinks are always welll made and wine selection is fairly priced.,"FOOD,PRICES","drinks,wine selection",|drinks!welll,"positive,positive"
14,the bar is very well stocked with interesting beers and well priced wines.,1225162:4,The bar is very well stocked with interesting beers and well priced wines.,"FOOD,FOOD,PRICES","bar,beers,wines",beers!interesting|wines!interesting,"positive,positive,positive"
15,the price is reasonable although the service is poor.,1310217:2,The price is reasonable although the service is poor.,"PRICES,SERVICE","NULL,service",price!reasonable|service!poor,"positive,negative"
16,"this is some really good, inexpensive sushi.",1338124:0,"This is some really good, inexpensive sushi.","FOOD,PRICES","sushi,sushi",sushi!good,"positive,positive"
17,the spicy tuna roll is huge and probably the best that i've had at this price range.,1338124:2,The spicy Tuna roll is huge and probably the best that I've had at this price range.,"FOOD,FOOD,PRICES","spicy Tuna roll,spicy Tuna roll,spicy Tuna roll",|roll!huge|spicy!huge|tuna!huge,"positive,positive,positive"
18,"i have reservations about the all you can eat deal, however -- the choices are fairly limited and you can probably order more food than you can eat for less than $18 by just going off the menu.",1338124:4,"I have reservations about the all you can eat deal, however -- the choices are fairly limited and you can probably order more food than you can eat for less than $18 by just going off the menu.","FOOD,PRICES","all you can eat deal,all you can eat deal",choices!limited|food!more,"negative,negative"
19,"they have it all -- great price, food, and service.",1340075:1,"They have it all -- great price, food, and service.","PRICES,FOOD,SERVICE","NULL,NULL,food,service",price!great|food!great|service!great,"positive,positive,positive,positive"
20,"and it all comes at a very reasonable price (congee, noodles, and rice dishes are no more than $3-6 each).",1340075:4,"And it all comes at a very reasonable price (congee, noodles, and rice dishes are no more than $3-6 each).","PRICES,PRICES,PRICES,PRICES","NULL,congee,noodles,rice dishes",price!reasonable,"positive,positive,positive,positive"
21,very affordable and excellent ambient!,1394712:0,Very affordable and excellent ambient!,"AMBIENCE,PRICES","ambient,NULL",,"positive,positive"
22,"the tables are crammed way too close, the menu is typical of any italian restaurant, and the wine list is simply overpriced.",1398844:2,"The tables are crammed way too close, the menu is typical of any Italian restaurant, and the wine list is simply overpriced.","AMBIENCE,FOOD,PRICES","tables,menu,wine list",|menu!typical|restaurant!menu,"negative,neutral,negative"
23,slightly above average wines start at $70+ with only one selection listed at $30+.,1398844:3,Slightly above average wines start at $70+ with only one selection listed at $30+.,"FOOD,PRICES","wines,wines",|wines!average,"negative,negative"
24,the food can get pricey but the prixe fixe tasting menu is the greatest food for a good price and they cater the food to any food allergies or food you don't like.,1439875:3,The food can get pricey but the prixe fixe tasting menu is the greatest food for a good price and they cater the food to any food allergies or food you don't like.,"PRICES,FOOD,PRICES,SERVICE","food,prixe fixe tasting menu,prixe fixe tasting menu,NULL",food!greatest|menu!greatest|price!good|price!greatest|allergies!food|prixe!food|fixe!food|tasting!food,"negative,positive,positive,positive"
25,drinks way over priced.,1459569:2,Drinks way over priced.,PRICES,Drinks,,negative
26,prices too high for this cramped and unappealing resturant.,1471273:3,Prices too high for this cramped and unappealing resturant.,"PRICES,AMBIENCE","resturant,resturant",resturant!cramped|prices!high,"negative,negative"
27,the prices were cheap compared to the quality of service and food.,1490757:2,The prices were CHEAP compared to the quality of service and food.,"PRICES,SERVICE,FOOD","NULL,service,food",prices!cheap|quality!prices,"positive,positive,positive"
28,"i have known about this secret for the last 13 years, emilio(the godfather) has continued to serve food and wine for the gods at mortal prices.",1506491:0,"I have known about this secret for the last 13 years, Emilio(the Godfather) has continued to serve food and wine for the gods at mortal prices.","FOOD,FOOD,PRICES,PRICES","food,wine,food,wine",|prices!mortal|gods!mortal|years!last|secret!last,"positive,positive,positive,positive"
29,"i found the food, service and value exceptional everytime i have been there.",1538149:0,"I found the food, service and value exceptional everytime I have been there.","FOOD,SERVICE,PRICES","food,service,NULL",everytime!exceptional|food!exceptional|service!food|value!food,"positive,positive,positive"
30,"this place is pricey, and yes, the food is worth it; but the service makes you feel like you should be paying a quater of the price.",1561259:4,"This place is pricey, and yes, the food is worth it; but the service makes you feel like you should be paying a quater of the price.","PRICES,FOOD,SERVICE","place,food,service",place!pricey|food!worth,"negative,positive,negative"
31,i ate here a week ago and found most dishes average at best and too expensive.,1572027:3,I ate here a week ago and found most dishes average at best and too expensive.,"FOOD,PRICES","dishes,dishes",|dishes!average,"negative,negative"
32,"try the pad thai, it's fabulous and their prices are so cheap!",1609375:3,"Try the Pad Thai, it's fabulous and their prices are so cheap!","FOOD,PRICES","Pad Thai,NULL",prices!cheap,"positive,positive"
33,"just because it's cheap does not mean the portions are small or the food is nasty, it is great!",1609375:4,"Just because it's cheap does NOT mean the portions are small or the food is nasty, IT IS GREAT!","FOOD,FOOD,PRICES","portions,food,NULL",food!nasty|portions!small,"positive,positive,positive"
34,"also, the sandwiches (nearing $7) didn't come with anything like chips or a side.",1611489:1,"Also, the sandwiches (nearing $7) didn't come with anything like chips or a side.","FOOD,PRICES","sandwiches,sandwiches",,"negative,negative"
35,they have authentic indian at amazin prices.,1615322:2,They have authentic Indian at amazin prices.,"FOOD,PRICES","Indian,Indian",prices!authentic,"positive,positive"
36,the only fallback on this restaurant is the prices.,1632445:4,The only fallback on this restaurant is the prices.,PRICES,restaurant,|fallback!only|prices!only|restaurant!prices,negative
37,"even though its good seafood, the prices are too high.",1632445:5,"Even though its good seafood, the prices are too high.","FOOD,PRICES","seafood,seafood",seafood!good|prices!high,"positive,negative"
38,the lobster sandwich is $24 and although it was good it was not nearly enough to warrant that price.,1632445:6,The lobster sandwich is $24 and although it was good it was not nearly enough to warrant that price.,"FOOD,FOOD,PRICES","lobster sandwich,lobster sandwich,lobster sandwich",,"positive,negative,negative"
39,the food is so cheap and the waiters are nice.,1649025:2,The food is so cheap and the waiters are nice.,"PRICES,SERVICE","food,waiters",food!cheap|waiters!nice,"positive,positive"
40,cheese plate is a varied delight and great bargain at $10.,1655504:1,Cheese plate is a varied delight and great bargain at $10.,"FOOD,FOOD,PRICES","Cheese plate,Cheese plate,Cheese plate",plate!delight|cheese!delight|bargain!plate|delight!bargain,"positive,positive,positive"
41,wine list is extensive without being over-priced.,1655504:4,Wine list is extensive without being over-priced.,"FOOD,PRICES","Wine list,Wine list",|list!extensive|wine!extensive,"positive,positive"
42,"the food was very good, a great deal, and the place its self was great.",1655521:2,"The food was very good, a great deal, and the place its self was great.","FOOD,PRICES,AMBIENCE","food,food,place",food!good|deal!great|place!food|self!great,"positive,positive,positive"
43,"the ambience was so fun, and the prices were great, on top of the fact that the food was really tasty.",1661757:2,"The ambience was so fun, and the prices were great, on top of the fact that the food was really tasty.","AMBIENCE,PRICES,FOOD","ambience,NULL,food",ambience!fun|prices!great|fun!prices|food!tasty|top!fun|fact!food,"positive,positive,positive"
44,the food is great and reasonably priced.,1671113:1,The food is great and reasonably priced.,"FOOD,PRICES","food,food",food!great,"positive,positive"
45,this is a wonderful place on all stand points especially value ofr money.,1727363:1,This is a wonderful place on all stand points especially value ofr money.,PRICES,"place,place",place!wonderful|points!wonderful,"positive,positive"
46,all of the pizzas are terrific and the price is even better!,1748813:1,All of the pizzas are terrific and the price is even better!,"FOOD,PRICES","pizzas,pizzas",price!better|pizzas!terrific,"positive,positive"
47,i expected quite a bit more from such an expensive menu.,404464:3,I expected quite a bit more from such an expensive menu.,"PRICES,FOOD","menu,menu",menu!expensive,"negative,negative"
48,authentic taiwanese food that's cheap... what more could you ask for?,426930:0,Authentic Taiwanese food that's cheap... what more could you ask for?,"FOOD,PRICES","Taiwanese food,Taiwanese food",food!authentic,"positive,positive"
49,"the sandwiches are dry, tasteless and way overpriced.",436868:2,"The sandwiches are dry, tasteless and way overpriced.","FOOD,PRICES","sandwiches,sandwiches",|sandwiches!dry,"negative,negative"
50,this place is not worth the prices.,454704:2,This place is not worth the prices.,PRICES,"place,place",place!worth|prices!place,"negative,negative"
51,food is great and inexpensive.,475298:2,Food is great and inexpensive.,"FOOD,PRICES","Food,Food",food!great,"positive,positive"
52,if you like your music blasted and the system isnt that great and if you want to pay at least 100 dollar bottle minimun then you'll love it here.,475512:3,If you like your music blasted and the system isnt that great and if you want to pay at least 100 dollar bottle minimun then you'll love it here.,"PRICES,AMBIENCE","bottle minimun,music",music!blasted|isnt!music,"negative,negative"
53,the food is reliable and the price is moderate.,483111:1,The food is reliable and the price is moderate.,"FOOD,PRICES","food,NULL",food!reliable|price!moderate,"positive,neutral"
54,"you can get a completely delish martini in a glass (that's about 2 1/2 drinks) for $8.50 (i recommend the vanilla shanty, mmmm!) in a great homey setting with great music.",490565:4,"You can get a completely delish martini in a glass (that's about 2 1/2 drinks) for $8.50 (I recommend the Vanilla Shanty, mmmm!) in a great homey setting with great music.","FOOD,FOOD,PRICES,FOOD,AMBIENCE,AMBIENCE","martini,martini,martini,Vanilla Shanty,setting,music",shanty!recommend|vanilla!recommend|setting!great|music!great|mmmm!shanty,"positive,positive,positive,positive,positive,positive"
55,"its location is good and the fact that hutner college is near and their prices are very reasonable, makes students go back to suan again and again.",493013:1,"Its location is good and the fact that Hutner College is near and their prices are very reasonable, makes students go back to Suan again and again.","AMBIENCE,PRICES","location,Suan",location!good|college!near|hutner!near|fact!location|prices!reasonable,"positive,positive"
56,"the rest of the dim sum, though pricey by chinatown standards, is worth it.",498657:2,"The rest of the dim sum, though pricey by Chinatown standards, is worth it.","PRICES,FOOD","dim sum,dim sum",rest!worth|sum!worth,"negative,positive"
57,this little place has a cute interior decor and affordable city prices.,505535:0,this little place has a cute interior decor and affordable city prices.,"AMBIENCE,PRICES","interior decor,place",decor!cute|prices!cute|place!little|city!affordable,"positive,positive"
58,spreads and toppings are great - though a bit pricey.,507937:2,Spreads and toppings are great - though a bit pricey.,"FOOD,FOOD,PRICES,PRICES","Spreads,toppings,Spreads,toppings",spreads!great|toppings!great,"positive,positive,negative,negative"
59,"great food, great prices, great service.",512294:0,"Great food, great prices, great service.","FOOD,PRICES,SERVICE","food,NULL,service",food!great|prices!great|service!great|service!great,"positive,positive,positive"
60,"if you are looking for a good quality, cheap eats - this is the place.",512294:1,"If you are looking for a good quality, cheap eats - this is the place.","FOOD,PRICES","eats,eats",quality!good|place!cheap,"positive,positive"
61,the wine list is extensive and can easily hike up an otherwise reasonably priced meal.,527109:3,The wine list is extensive and can easily hike up an otherwise reasonably priced meal.,"FOOD,PRICES","wine list,meal",|list!extensive|wine!extensive,"positive,positive"
62,"still, any quibbles about the bill were off-set by the pour-your-own measures of liquers which were courtesey of the house...",527109:4,"Still, any quibbles about the bill were off-set by the pour-your-own measures of liquers which were courtesey of the house...","PRICES,FOOD","NULL,measures of liquers",measures!quibbles|liquers!pour-your-own|quibbles!off-set|bill!off-set,"neutral,positive"
63,"however, if you want great food at a great price and don't mind the decor, you can't beat this place.",558423:4,"However, if you want great food at a great price and don't mind the decor, you can't beat this place.","FOOD,AMBIENCE,PRICES","food,decor,food",food!great|price!great|place!beat,"positive,neutral,positive"
64,this little place definitely exceeded my expectations and you sure get a lot of food for your money.,565344:1,This little place definitely exceeded my expectations and you sure get a lot of food for your money.,"FOOD,PRICES","food,place,food",place!exceeded|expectations!exceeded,"positive,positive,positive"
65,the food is great and they have a good selecion of wines at reasonable prices.,584025:2,The food is great and they have a good selecion of wines at reasonable prices.,"FOOD,FOOD,PRICES","food,selecion of wines,selecion of wines",food!great|wines!good|selecion!good|prices!selecion,"positive,positive,positive"
66,ravioli was good...but i have to say that i found everything a bit overpriced.,620892:3,Ravioli was good...but I have to say that I found everything a bit overpriced.,"FOOD,PRICES","Ravioli,NULL",ravioli!good|everything!overpriced|bit!everything,"positive,negative"
67,"food was just average...if they lowered the prices just a bit, it would be a bigger draw.",620892:6,"Food was just average...if they lowered the prices just a bit, it would be a bigger draw.","FOOD,PRICES","Food,Food",|food!average|draw!food,"neutral,negative"
68,this place is a great bargain.,624715:0,This place is a great bargain.,PRICES,place,place!bargain,positive
69,"just straight up cheap, good food.",624715:4,"Just straight up cheap, good food.","FOOD,PRICES","food,food",food!good,"positive,positive"
70,bottles of wine are cheap and good.,626269:3,bottles of wine are cheap and good.,"PRICES,FOOD","bottles of wine,bottles of wine",bottles!cheap|wine!cheap,"positive,positive"
71,the drinks are amazing and half off till 8pm.,657129:3,the drinks are amazing and half off till 8pm.,"FOOD,PRICES","drinks,drinks",drinks!amazing|half!drinks,"positive,positive"
72,great food and the prices are very reasonable.,720418:4,Great food and the prices are very reasonable.,"FOOD,PRICES","food,NULL",food!reasonable|prices!reasonable,"positive,positive"
73,simply some good tasting chinese food at incredible prices...,720620:5,Simply some good tasting Chinese food at incredible prices...,"FOOD,PRICES","Chinese food,Chinese food",food!good|tasting!good|prices!incredible|prices!good,"positive,positive"
74,"good music, great food, speedy service affordable prices.",735448:2,"good music, great food, speedy service affordable prices.","AMBIENCE,FOOD,SERVICE,PRICES","music,food,service,NULL",music!good|food!good|prices!speedy|prices!good|service!speedy,"positive,positive,positive,positive"
75,price and quality of fish alone will keep us from making a return visit.,740923:2,Price and quality of fish alone will keep us from making a return visit.,"PRICES,FOOD","fish,fish,NULL",,"negative,negative,negative"
76,"fabulous decor - makes you feel like you're in a trendy manhattan restaurant, very very good food, cheaply-priced, generally friendly staff, and if you're a manhattanite, or spend most of your time in manhattan, rice avenue will make you feel at home.....very soho/village/upper west side minus the expensive prices and pretentious clientele.....all on roosevelt avenue!",744478:1,"Fabulous decor - makes you feel like you're in a trendy Manhattan restaurant, very very good food, cheaply-priced, generally friendly staff, and if you're a Manhattanite, or spend most of your time in Manhattan, Rice Avenue will make you feel at home.....very Soho/Village/Upper West Side minus the expensive prices and pretentious clientele.....all on Roosevelt Avenue!","AMBIENCE,FOOD,PRICES,SERVICE,AMBIENCE,AMBIENCE,PRICES","decor,food,food,staff,Rice Avenue,Rice Avenue,Rice Avenue",decor!fabulous|manhattan!trendy|restaurant!trendy|food!trendy|staff!restaurant|manhattanite!restaurant|side!soho/village/upper|west!soho/village/upper|prices!side|avenue!restaurant|clientele!pretentious|clientele!soho/village/upper,"positive,positive,positive,positive,positive,positive,positive"
77,"with so many good restaurants on the uws, i don't need overpriced food, absurdly arrogant wait-staff who don't recognize they work at a glorified diner, clumsy service, and management that doesn't care.",746254:4,"With so many good restaurants on the UWS, I don't need overpriced food, absurdly arrogant wait-staff who don't recognize they work at a glorified diner, clumsy service, and management that doesn't care.","PRICES,SERVICE,SERVICE,SERVICE","food,wait-staff,service,management",restaurants!good|uws!good|food!overpriced|wait-staff!overpriced|service!clumsy|diner!clumsy|management!diner,"negative,negative,negative,negative"
78,i am relatively new to the area and tried pick a bgel on 2nd and was disappointed with the service and i thought the food was overated and on the pricey side.,751493:0,I am relatively new to the area and tried Pick a bgel on 2nd and was disappointed with the service and I thought the food was overated and on the pricey side.,"SERVICE,PRICES,FOOD","service,food,food",side!pricey|service!new|food!side,"negative,negative,negative"
79,the food is okay and the prices here are mediocre.,754495:2,The food is okay and the prices here are mediocre.,"FOOD,PRICES","food,NULL",prices!mediocre|food!okay,"neutral,neutral"
80,baluchi's has solid food and a nice decor at reasonable prices.,757762:0,Baluchi's has solid food and a nice decor at reasonable prices.,"FOOD,AMBIENCE,PRICES","food,decor,Baluchi's",food!solid|decor!solid|prices!reasonable|prices!nice|baluchi!food,"positive,positive,positive"
81,$20 for all you can eat sushi cannot be beaten.,758263:3,$20 for all you can eat sushi cannot be beaten.,PRICES,all you can eat sushi,,positive
82,it was totally overpriced- fish and chips was about $15.... ,BFC#4:2,It was totally overpriced- fish and chips was about $15.... ,"PRICES,PRICES","NULL,fish and chips",,"negative,negative"
83,"i paid just about $60 for a good meal, though :)",Z#3:2,"I paid just about $60 for a good meal, though :)","FOOD,PRICES","meal,meal",meal!good,"positive,positive"
84,excellent food for great prices,TM#7:0,Excellent food for great prices,"FOOD,PRICES","food,food",food!excellent|prices!excellent,"positive,positive"
85,"im not necessarily fanatical about this place, but it was a fun time for low pirces.",RL#3:1,"im not necessarily fanatical about this place, but it was a fun time for low pirces.",PRICES,"place,place",im!fanatical|time!fanatical|place!im|fun!im|pirces!im,"positive,positive"
86,overpriced japanese food with mediocre service,Y#5:0,overpriced japanese food with mediocre service,"PRICES,SERVICE","japanese food,service",food!overpriced|service!overpriced,"negative,neutral"
87,"not because you are ""the four seasons""... – you are allowed to charge an arm and a leg for a romatic dinner.",TFS#8:0,"Not because you are ""The Four Seasons""... – you are allowed to charge an arm and a leg for a romatic dinner.",PRICES,The Four Seasons,|dinner!romatic,negative
88,i do not think dinner in manhattan should cost $400.00 where i am not swept off my feet.,TFS#8:2,I do not think dinner in Manhattan should cost $400.00 where I am not swept off my feet.,PRICES,dinner,,negative
89,and $11 for a plate of bland guacamole?,P#10:3,And $11 for a plate of bland guacamole?,"FOOD,PRICES","guacamole,guacamole",guacamole!bland|plate!bland,"negative,negative"
90,"the food was good, the place was clean and affordable.",TM#3:3,"The food was good, the place was clean and affordable.","FOOD,AMBIENCE,PRICES","food,place,place",food!good|place!clean,"positive,positive,positive"
91,we were offered water for the table but were not told the voss bottles of water were $8 a piece.,TR#8:4,We were offered water for the table but were not told the Voss bottles of water were $8 a piece.,PRICES,Voss bottles of water,,negative
92,"overall, decent food at a good price, with friendly people.",P#9:9,"Overall, decent food at a good price, with friendly people.","FOOD,PRICES,SERVICE","food,food,people",food!decent|price!decent|people!friendly|people!decent,"neutral,positive,positive"
93,the high prices you're going to pay is for the view not for the food.,TR#2:2,The high prices you're going to pay is for the view not for the food.,"AMBIENCE,FOOD,PRICES","view,food,NULL",|prices!high|view!prices,"neutral,negative,negative"
94,not what i would expect for the price and prestige of this location.,TFS#10:8,Not what I would expect for the price and prestige of this location.,"SERVICE,PRICES","NULL,location,location",,"negative,neutral,neutral"
95,so what you really end up paying for is the restaurant not the food.,Z#9:6,So what you really end up paying for is the restaurant not the food.,"PRICES,AMBIENCE,FOOD","restaurant,restaurant,food",,"negative,neutral,negative"
96,prices are fair across the board for both food and bev.,NP#3:6,Prices are fair across the board for both food and bev.,"PRICES,PRICES","food,bev",prices!fair|board!prices,"positive,positive"
97,"great place, great value.",BzG#2:0,"Great place, great value.",PRICES,"place,place",place!great|value!great,"positive,positive"
98,"the food is flavorful, plentiful and reasonably priced.",BzG#2:1,"The food is flavorful, plentiful and reasonably priced.","FOOD,FOOD,PRICES","food,food,food",|food!flavorful,"positive,positive,positive"
99,helpful service and average price per dish $10.,TM#5:3,Helpful service and average price per dish $10.,"SERVICE,PRICES","service,dish",service!helpful|price!helpful|dish!helpful,"positive,positive"
100,the martinis are amazing and very fairly priced.,TVU#6:3,The martinis are amazing and very fairly priced.,"FOOD,PRICES","martinis,martinis",martinis!amazing,"positive,positive"
101,but $500 for a dinner for two that didn't include wine?,TFS#5:2,But $500 for a dinner for two that didn't include Wine?,PRICES,dinner for two,,negative
102,what you are paying for is the environment and the name.,TFS#5:7,What you are paying for is the environment and the name.,"AMBIENCE,PRICES","environment,NULL,NULL",,"neutral,neutral,negative"
103,"yes, the place is classy and beautiful, but they most certainly target the uber whealthy not the common joe that wants to go all out every once in a while.",TFS#5:8,"Yes, the place is classy and beautiful, but they most certainly target the uber whealthy Not the common joe that wants to go all out every once in a while.","AMBIENCE,PRICES","place,place",place!classy|joe!common|whealthy!common,"positive,negative"
104,"i read reviews that called the restaurant too expensive and i thought to myself, but may be it is worth it.",TFS#5:21,"I read reviews that called the restaurant too expensive and I thought to myself, but may be it is worth it.",PRICES,"restaurant,restaurant",restaurant!expensive,"negative,negative"
105,"the four seasons has history and it is a sort of landmark of new york city restaurants, but trust me, they will charge you through the nose just so that you can say ""i've been to the four seasons restaurant"".",TFS#5:23,"The Four Seasons has history and it is a sort of landmark of New York City restaurants, but trust me, they will charge you through the nose just so that you can say ""I've been to the four seasons restaurant"".",PRICES,"The Four Seasons,The Four Seasons",|restaurants!new|landmark!new|city!new,"neutral,negative"
106,"service was just ok, it is not what you'd expect for $500.",TFS#5:30,"Service was just ok, it is not what you'd expect for $500.","SERVICE,PRICES","Service,NULL",|service!ok,"negative,negative"
107,i literally just got back home after visiting casa la femme and was so offended by my visit felt it necessary to try and warn other diners who value their money and time.,CLF#3:4,I literally just got back home after visiting Casa La Femme and was so offended by my visit felt it necessary to try and warn other diners who value their money and time.,PRICES,"Casa La Femme,Casa La Femme",,"negative,negative"
108,"however, our $14 drinks were were horrible!",CLF#3:13,"However, our $14 drinks were were horrible!","FOOD,PRICES","drinks,drinks",drinks!horrible,"negative,negative"
109,i would not expect this for a $55 dinner.,CLF#3:23,I would not expect this for a $55 dinner.,"FOOD,PRICES","dinner,dinner",,"negative,negative"
110,"by the time we left our wallets were empy and so were our stomachs and we missed the show we were supposed to see following our dinner, which would have been acceptable if we got to enjoy the experience of good food and belly dancers!",CLF#3:28,"By the time we left our wallets were empy and so were our stomachs AND we missed the show we were supposed to see following our dinner, which would have been acceptable if we got to enjoy the experience of good food and belly dancers!","FOOD,PRICES","food,NULL,NULL",show!missed|food!enjoy|wallets!empy|experience!good|dancers!food|belly!food,"negative,negative,negative"
111,if it seemed possible to do so while there i would have fought my bill since my dinner portion of my meal was inedible!,CLF#3:29,If it seemed possible to do so while there I would have fought my bill since my dinner portion of my meal was inedible!,"FOOD,PRICES","meal,NULL",|bill!inedible|portion!bill,"negative,negative"
112,"i have never left a restaurant feeling as if i was abused, and wasted my hard earned money.",CLF#3:30,"I have never left a restaurant feeling as if i was abused, and wasted my hard earned money.",PRICES,"restaurant,restaurant",money!wasted,"negative,negative"
113,"all in all the food was good - a little on the expensive side, but fresh. ",BFC#9:21,"All in all the food was good - a little on the expensive side, but fresh. ","FOOD,PRICES","food,food",side!expensive|food!good,"positive,negative"
114,"i have it a 4 instead of 5 because of the price (just chicken tikka masala - no bread of rice - is $25), which i would expect at a upscale indian restaurant but this place doesn't have an upscale feel.",BG#5:4,"I have it a 4 instead of 5 because of the price (just chicken tikka masala - no bread of rice - is $25), which I would expect at a upscale Indian restaurant but this place doesn't have an upscale feel.","PRICES,PRICES,AMBIENCE","place,place,chicken tikka masala,feel",restaurant!upscale|feel!upscale|price!feel|place!feel,"positive,negative,negative,negative"
115,"but if you're prepared to spend some $ and remember to ask if something they offer is complimentary, then this is the place to go for indian food",BG#5:7,"But if you're prepared to spend some $ and remember to ask if something they offer is complimentary, then this is the place to go for Indian food","FOOD,PRICES","Indian food,place",something!complimentary|food!indian,"positive,negative"
116,the lunch buffet is expensive but is deff worth it.,BG#8:3,The lunch buffet is expensive but is deff worth it.,"PRICES,FOOD","lunch buffet,lunch buffet",buffet!expensive|lunch!expensive,"negative,positive"
117,too bad i had paid an extra $2 for the stone bowl.,DBG#7:5,Too bad I had paid an extra $2 for the stone bowl.,PRICES,stone bowl,,negative
118,"my party had the bbe $29 fixe prix menu, which was such a wonderful deal since it also came with a flight of sake!",Z#6:5,"My party had the BBE $29 fixe prix menu, which was such a wonderful deal since it also came with a flight of sake!","PRICES,FOOD","BBE $29 fixe prix menu,BBE $29 fixe prix menu",deal!wonderful|bbe!wonderful|party!bbe,"positive,positive"
119,"maybe it was the great company (i had friends visiting from philly – yes, it was not a date this time) or the super reasonable price point, but i just can’t say enough good things about this brasserie.",Z#6:13,"Maybe it was the great company (I had friends visiting from Philly – yes, it was not a date this time) or the super reasonable price point, but I just can’t say enough good things about this brasserie.",PRICES,"brasserie,brasserie",company!great|date!super|point!super|price!super|things!date|brasserie!good,"positive,positive"
120,"they are extremely rude, not even apologizing for the horrible service we got and handing us a bill well over $500 for some drinks adn their pita bread!",CLF#6:5,"They are extremely rude, not even apologizing for the horrible service we got and handing us a bill well over $500 for some drinks adn their pita bread!","SERVICE,PRICES,PRICES,SERVICE","service,drinks,pita bread,NULL",service!horrible,"negative,negative,negative,negative"
121,"the meat is fresh, the sauces are great, you get kimchi and a salad free with your meal and service is good too.",DBG#6:7,"The meat is fresh, the sauces are great, you get kimchi and a salad free with your meal and service is good too.","FOOD,FOOD,SERVICE,FOOD,PRICES,PRICES","meat,sauces,service,meal,kimchi,salad",meat!fresh|kimchi!good|sauces!great|salad!kimchi|meal!salad|service!meal,"positive,positive,positive,positive,positive,positive"
122,"price is high but the food is good, so i would come back again.",TR#5:6,"Price is high but the food is good, so I would come back again.","FOOD,PRICES","food,food,NULL",food!good|price!high,"positive,negative,positive"
123,"i took one bite from the $24 salmon, and i have never, in the 17 years i have been going to restaurants tasted salmon as fishy, as dry, and as bland as the one in flatbush farms.",FF#3:9,"I took one bite from the $24 salmon, and I have never, in the 17 years I have been going to restaurants tasted salmon as fishy, as dry, and as bland as the one in Flatbush Farms.","FOOD,PRICES","salmon,salmon",,"negative,negative"
124,the decor however seems to be the distraction so you won't notice that you just payed 300 bucks for some cold eggplant that took 2 frickin hours to come!!!!,CLF#4:12,The decor however seems to be the distraction so you won't notice that you just payed 300 bucks for some cold eggplant that took 2 FRICKIN HOURS TO COME!!!!,"AMBIENCE,FOOD,PRICES,SERVICE","decor,eggplant,eggplant,NULL",eggplant!cold,"neutral,negative,negative,negative"
125,only complaint is the pricing--i believe it would be more reasonable to pay a dollar less on each item listed on the menu.,BHD#4:5,Only complaint is the pricing--I believe it would be more reasonable to pay a dollar less on each item listed on the menu.,PRICES,menu,pricing!complaint,negative
126,"considering you will spend at least $60 a head, i expect better service. ",BFC#7:11,"Considering you will spend at least $60 a head, I expect better service. ","SERVICE,PRICES","service,NULL",service!better,"negative,negative"
127,"at first glance this place seems a bit pricey for a hot dog joint, but at bark you don't just get your average hot dog.",BHD#8:1,"At first glance this place seems a bit pricey for a hot dog joint, but at Bark you don't just get your average hot dog.","PRICES,FOOD","Bark,hot dog",joint!hot|dog!hot|glance!first|bark!dog,"negative,positive"
128,can’t believe how an expensive nyc restaurant can be so disrespectful to its clients.,CLF#8:9,Can’t believe how an expensive NYC restaurant can be so disrespectful to its clients.,"PRICES,SERVICE","restaurant,NULL",restaurant!disrespectful|nyc!disrespectful|clients!restaurant,"negative,negative"
129,"the bread was stale, the salad was overpriced and empty.",WE#1:3,"The bread was stale, the salad was overpriced and empty.","FOOD,PRICES,FOOD","bread,salad,salad",bread!stale,"negative,negative,negative"
130,the food was lousy - too sweet or too salty and the portions tiny.,1004293:3,The food was lousy - too sweet or too salty and the portions tiny.,"FOOD,FOOD","food,portions",food!lousy|portions!tiny,"negative,negative"
131,the duck confit is always amazing and the foie gras terrine with figs was out of this world.,1014458:2,The duck confit is always amazing and the foie gras terrine with figs was out of this world.,"FOOD,FOOD","foie gras terrine with figs,duck confit",confit!amazing|duck!amazing,"positive,positive"
132,chow fun was dry; pork shu mai was more than usually greasy and had to share a table with loud and rude family. ,1016296:4,Chow fun was dry; pork shu mai was more than usually greasy and had to share a table with loud and rude family. ,"FOOD,FOOD","Chow fun,pork shu mai,NULL",mai!greasy|pork!greasy|fun!dry|chow!dry|family!loud|shu!greasy,"negative,negative,negative"
133,"the food is very average...the thai fusion stuff is a bit too sweet, every thing they serve is too sweet here.",1041457:2,"The food is very average...the Thai fusion stuff is a bit too sweet, every thing they serve is too sweet here.","FOOD,FOOD,FOOD","food,Thai fusion stuff,NULL",bit!sweet|stuff!sweet|food!average|fusion!thai|thing!bit,"negative,negative,negative"
134,i had never had edamame pureed before but i thought it was innovative and tasty (could've used a bit more salt).,1041457:4,I had never had Edamame pureed before but I thought it was innovative and tasty (could've used a bit more salt).,"FOOD,FOOD","Edamame pureed,Edamame pureed",|salt!more|bit!salt,"positive,positive"
135,we went around 9:30 on a friday and it had died down a bit by then so the service was great!,1053543:4,We went around 9:30 on a Friday and it had died down a bit by then so the service was great!,SERVICE,service,bit!died|service!great,positive
136,"however, it's the service that leaves a bad taste in my mouth.",1058221:3,"however, it's the service that leaves a bad taste in my mouth.",SERVICE,service,taste!bad|mouth!bad|service!taste,negative
137,"i happen to have a policy that goes along with a little bit of self-respect, which includes not letting a waiter intimidate me, i.e. make me feel bad asking for trivialities like water, or the check.",1058221:4,"i happen to have a policy that goes along with a little bit of self-respect, which includes not letting a waiter intimidate me, i.e. make me feel bad asking for trivialities like water, or the check.",SERVICE,waiter,waiter!intimidate|bit!little|self-respect!little,negative
138,service is top notch.,1062641:3,Service is top notch.,SERVICE,Service,notch!top|service!top,positive
139,"i tend to judge a sushi restaurant by its sea urchin, which was heavenly at sushi rose.",1064477:0,"I tend to judge a sushi restaurant by its sea urchin, which was heavenly at sushi rose.",FOOD,sea urchin,,positive
140,"the food here is rather good, but only if you like to wait for it.",1086478:0,"The food here is rather good, but only if you like to wait for it.","FOOD,SERVICE","food,NULL",food!good,"positive,negative"
141,"also, specify if you like your food spicy- its rather bland if you don't.",1086478:4,"Also, specify if you like your food spicy- its rather bland if you don't.",FOOD,food,,negative
142,the lava cake dessert was incredible and i recommend it.,1090587:3,The lava cake dessert was incredible and I recommend it.,FOOD,lava cake dessert,dessert!incredible|lava!incredible|cake!incredible,positive
143,"this tiny restaurant is as cozy as it gets, with that certain parisian flair.",1102681:1,"This tiny restaurant is as cozy as it gets, with that certain Parisian flair.",AMBIENCE,restaurant,restaurant!cozy,positive
144,"the food was average to above-average; the french onion soup filling yet not overly impressive, and the desserts not brilliant in any way.",1102681:2,"The food was average to above-average; the French Onion soup filling yet not overly impressive, and the desserts not brilliant in any way.","FOOD,FOOD,FOOD,FOOD","food,French Onion soup,French Onion soup,desserts",desserts!brilliant|soup!brilliant|food!average|onion!french|way!desserts,"positive,negative,positive,negative"
145,"yes, they use fancy ingredients, but even fancy ingredients don't make for good pizza unless someone knows how to get the crust right.",1119578:2,"Yes, they use fancy ingredients, but even fancy ingredients don't make for good pizza unless someone knows how to get the crust right.","FOOD,FOOD,FOOD","ingredients,pizza,crust",ingredients!fancy|pizza!good,"positive,negative,negative"
146,i think i've had some the best meals of my life at minnow.,1123262:0,I think I've had some the best meals of my life at minnow.,FOOD,meals,meals!best|life!best|minnow!meals,positive
147,"the seafood is amazing, there's a good wine list, and the ever-changing menu always offers some great surprises.",1123262:1,"The seafood is amazing, there's a good wine list, and the ever-changing menu always offers some great surprises.","FOOD,FOOD,FOOD","seafood,wine list,menu",seafood!amazing|wine!good|list!good|menu!ever-changing|surprises!menu,"positive,positive,positive"
148,the combination of super-fresh ingredients in the dishes are unusual but really delicious.,1123262:2,The combination of super-fresh ingredients in the dishes are unusual but really delicious.,FOOD,ingredients,combination!unusual|ingredients!unusual|dishes!super-fresh,positive
149,my wife had the fried shrimp which are huge and loved it.,1125006:3,My wife had the fried shrimp which are huge and loved it.,"FOOD,FOOD","fried shrimp,fried shrimp",shrimp!fried|wife!shrimp,"positive,positive"
150,"my wife and i always enjoy the young, not always well trained but nevertheless friendly, staff, all of whom have a story.",1126814:1,"My wife and I always enjoy the young, not always well trained but nevertheless friendly, staff, all of whom have a story.",SERVICE,staff,wife!enjoy|staff!enjoy,positive
151,"the service is excellent, the decor is great, and the food is delicious and comes in large portions.",1126886:2,"The service is excellent, the decor is great, and the food is delicious and comes in large portions.","SERVICE,AMBIENCE,FOOD,FOOD","service,decor,food,portions",service!excellent|decor!great|food!delicious|portions!large,"positive,positive,positive,positive"
152,the hostess is rude to the point of being offensive.,1131595:2,The hostess is rude to the point of being offensive.,SERVICE,hostess,hostess!rude|point!hostess,negative
153,the food was bland oily.,1131595:3,The food was bland oily.,FOOD,food,oily!bland|food!bland,negative
154,"we have been to this place many times, and always have great food, wine, and service.",1138996:1,"We have been to this place many times, and always have great food, wine, and service.","FOOD,FOOD,SERVICE","food,wine,service",food!great|wine!great|times!many|place!many|service!food,"positive,positive,positive"
155,as always we had a great glass of wine while we waited.,1138996:3,As always we had a great glass of wine while we waited.,FOOD,glass of wine,glass!great|wine!great,positive
156,"when we sat, we got great and fast service.",1138996:4,"When we sat, we got great and fast service.",SERVICE,service,service!great,positive
157,the people that work there are always so friendly you forget you are in new york sometimes.,1138996:5,The people that work there are always so friendly you forget you are in New York sometimes.,SERVICE,people,,positive
158,i went there for lunch and it was not as good as i expected from the reviews i read.,1147082:0,I went there for lunch and it was not as good as I expected from the reviews I read.,FOOD,lunch,,negative
159,the waitress was very patient with us and the food is phenomenal!,1147211:2,The waitress was very patient with us and the food is phenomenal!,"SERVICE,FOOD","waitress,food",waitress!patient|food!phenomenal,"positive,positive"
160,great pizza and fantastic service.,1153034:0,Great pizza and fantastic service.,"FOOD,SERVICE","pizza,service",pizza!great|service!great,"positive,positive"
161,located at the end of a magnificent block.,1153034:2,Located at the end of a magnificent block.,AMBIENCE,block,block!magnificent|end!magnificent,positive
162,this is the best sushi in new york city - hands down.,1154550:0,This is the best sushi in new york city - hands down.,FOOD,sushi,sushi!best|city!best|hands!best,positive
163,"planet thailand has always been a hit with me , i go there usually for the sushi, which is great , the thai food is excellent too .",1162037:0,"Planet Thailand has always been a hit with me , I go there usually for the sushi, which is great , the thai food is excellent too .","FOOD,FOOD","sushi,thai food,Planet Thailand",food!excellent,"positive,positive,positive"
164,"with the great variety on the menu , i eat here often and never get bored .",1162037:1,"With the great variety on the menu , I eat here often and never get bored .",FOOD,menu,,positive
165,"those rolls were big, but not good and sashimi wasn't fresh.",1167434:5,"those rolls were big, but not good and sashimi wasn't fresh.","FOOD,FOOD,FOOD","rolls,rolls,sashimi",sashimi!fresh|rolls!big,"neutral,negative,negative"
166,first went here to enjoy their garden terrace.,1189674:0,First went here to enjoy their garden terrace.,AMBIENCE,garden terrace,terrace!enjoy|garden!enjoy,positive
167,"the food was amazing, and the service was prompt and helpful, but not over-bearing or rushed.",1189674:1,"The food was amazing, and the service was prompt and helpful, but not over-bearing or rushed.","FOOD,SERVICE","food,service",food!amazing|service!prompt,"positive,positive"
168,"the steak tartare is a great bet, they fix it for you at the table.",1189674:2,"The Steak Tartare is a great bet, they fix it for you at the table.",FOOD,Steak Tartare,bet!great|tartare!great|steak!bet,positive
169,"it may be a bit packed on weekends, but the vibe is good and it is the best french food you will find in the area.",1189674:5,"It may be a bit packed on weekends, but the vibe is good and it is the best French food you will find in the area.","AMBIENCE,AMBIENCE,FOOD","NULL,vibe,French food",vibe!good|food!best|bit!vibe,"neutral,positive,positive"
170,"not sure where the previous reviewer, lonk, dined, but saul is in a great neighborhood and has great food!",1199480:0,"Not sure where the previous reviewer, lonk, dined, but Saul is in a great neighborhood and has great food!","AMBIENCE,FOOD","neighborhood,food",neighborhood!great|saul!great|food!great,"positive,positive"
171,i'd highly recommend it for a special occasion -- it provides and intimate setting and nice service.,1199480:2,I'd highly recommend it for a special occasion -- it provides and intimate setting and nice service.,"AMBIENCE,SERVICE","setting,service,NULL",setting!intimate|service!intimate,"positive,positive,positive"
172,downstairs lounge is always a good attraction,1221938:3,Downstairs lounge is always a good attraction,AMBIENCE,Downstairs lounge,lounge!attraction,positive
173,"raga's is a romantic, cozy restaurant.",1225162:0,"Raga's is a romantic, cozy restaurant.",AMBIENCE,Raga's,restaurant!romantic|raga!romantic,positive
174,"rude service, medicore food...there are tons of restaurants in ny...stay away from this one",1227999:4,"Rude service, medicore food...there are tons of restaurants in NY...stay away from this one","SERVICE,FOOD","service,food,NULL",service!rude|food!rude,"negative,neutral,negative"
175,i loved everythig about it-especially the shows and actors.,1230993:1,I loved everythig about it-especially the shows and actors.,"AMBIENCE,AMBIENCE","NULL,shows,actors",everythig!loved,"positive,positive,positive"
176,our server was very helpful and friendly.,1230993:2,Our server was very helpful and friendly.,SERVICE,server,server!helpful,positive
177,the food was good too.,1230993:4,The food was good too.,FOOD,food,food!good,positive
178,the outdoor atmosphere of sitting on the sidewalk watching the world go by 50 feet away on 6th avenue on a cool evening was wonderful.,1232468:1,The outdoor atmosphere of sitting on the sidewalk watching the world go by 50 feet away on 6th avenue on a cool evening was wonderful.,AMBIENCE,outdoor atmosphere,atmosphere!wonderful|evening!cool|avenue!6th,positive
179,service was prompt and courteous.,1232468:3,Service was prompt and courteous.,SERVICE,Service,service!prompt,positive
180,"great service, great food.",1241906:0,"Great service, great food.","SERVICE,FOOD","service,food",service!great|food!great,"positive,positive"
181,"the pizza is delicious - they use fresh mozzarella instead of the cheap, frozen, shredded cheese common to most pizzaria's.",1253117:1,"The pizza is delicious - they use fresh mozzarella instead of the cheap, frozen, shredded cheese common to most pizzaria's.","FOOD,FOOD","pizza,fresh mozzarella",pizza!delicious|mozzarella!fresh|cheese!mozzarella|pizzaria!most,"positive,positive"
182,"two complaints- their appetizer selection stinks, it would be nice to get some mozzarella sticks on the menu.",1253117:2,"Two complaints- their appetizer selection stinks, it would be nice to get some mozzarella sticks on the menu.",FOOD,appetizer selection,selection!stinks|appetizer!stinks|complaints!selection,negative
183,wait staff is blantently unappreciative of your business but its the best pie on the uws!,1253117:5,Wait staff is blantently unappreciative of your business but its the best pie on the UWS!,"SERVICE,FOOD","Wait staff,pie",pie!best|uws!best|staff!unappreciative|business!pie,"negative,positive"
184,by far the best salad i have had in a fast food restaurant.,1256373:0,By far the best salad I have had in a fast food restaurant.,FOOD,salad,salad!best|food!fast|restaurant!fast,positive
185,fine dining restaurant quality.,1256373:1,fine dining restaurant quality.,FOOD,dining,quality!fine|dining!fine|restaurant!fine,positive
186,when i lived upstate for a while i would buy freeze the bagels and they would still be better than any else.,1269216:3,When I lived upstate for a while I would buy freeze the bagels and they would still be better than any else.,FOOD,bagels,bagels!freeze,positive
187,"service was very good - prompt, attentive and non-intrusive.",1280166:1,"Service was very good - prompt, attentive and non-intrusive.",SERVICE,Service,service!good,positive
188,"food was very good as well, considering that we tried the budget selection (though i wish the pork belly that i ordered was roasted a bit longer, so that fat was more of a melt-in-your-mouth experience).",1280166:2,"Food was very good as well, considering that we tried the budget selection (though I wish the pork belly that I ordered was roasted a bit longer, so that fat was more of a melt-in-your-mouth experience).","FOOD,FOOD","Food,pork belly",food!good|experience!fat|fat!more,"positive,negative"
189,wine list selection is good and wine-by-the-glass was generously filled to the top.,1280166:3,Wine list selection is good and wine-by-the-glass was generously filled to the top.,"FOOD,FOOD","Wine list selection,wine-by-the-glass",selection!good|wine!good|list!good,"positive,positive"
190,traditional french decour was pleasant though the hall was rather noisy - the restaurant was full and we had to raise our voices to be able to maintain a conversation.,1280166:4,Traditional French decour was pleasant though the hall was rather noisy - the restaurant was full and we had to raise our voices to be able to maintain a conversation.,"AMBIENCE,AMBIENCE","Traditional French decour,hall",decour!pleasant|hall!noisy|restaurant!full,"positive,negative"
191,"the decor is vibrant and eye-pleasing with several semi-private boths on the right side of the dining hall, which are great for a date.",1280179:5,"The decor is vibrant and eye-pleasing with several semi-private boths on the right side of the dining hall, which are great for a date.","AMBIENCE,AMBIENCE","decor,semi-private boths",decor!vibrant|boths!right|side!right|side!several|hall!right,"positive,positive"
192,it's simply the best meal in nyc.,1286916:3,It's simply the best meal in NYC.,FOOD,meal,meal!best|nyc!best,positive
193,the server was really cool and served us our food and drinks with a smile.,1289424:3,The server was really cool and served us our food and drinks with a smile.,SERVICE,server,server!cool,positive
194,the place's decor and hidden bathrooms made for a good laugh.,1289424:4,The place's decor and hidden bathrooms made for a good laugh.,"AMBIENCE,AMBIENCE","decor,hidden bathrooms",laugh!good|bathrooms!hidden|decor!hidden,"positive,positive"
195,"the have over 100 different beers to offer thier guest so that made my husband very happy and the food was delicious, if i must recommend a dish it must be the pumkin tortelini.",1293334:2,"The have over 100 different beers to offer thier guest so that made my husband very happy and the food was delicious, if I must recommend a dish it must be the pumkin tortelini.","FOOD,FOOD,FOOD","beers,food,pumkin tortelini",husband!happy|tortelini!recommend|beers!different|food!delicious|dish!recommend,"positive,positive,positive"
196,the service was the only thing good about this restaurant.,1308557:0,The service was the only thing good about this restaurant.,SERVICE,"service,restaurant",thing!good|service!good|restaurant!thing,"positive,negative"
197,"great vibe, lots of people.",1335154:1,"Great vibe, lots of people.",AMBIENCE,vibe,vibe!great|lots!great,positive
198,"i didn't complain, i liked the atmosphere so much.",1335154:4,"I didn't complain, I liked the atmosphere so much.",AMBIENCE,atmosphere,atmosphere!liked,positive
199,"ambience is so cute and quaint, good for business although we were there on vacation.",1335656:2,"Ambience is so cute and quaint, good for business although we were there on vacation.",AMBIENCE,"Ambience,NULL",ambience!cute,"positive,positive"
200,the atmosphere is noisy and the waiters are literally walking around doing things as fast as they can.,1340075:2,The atmosphere is noisy and the waiters are literally walking around doing things as fast as they can.,"AMBIENCE,SERVICE","atmosphere,waiters",atmosphere!noisy,"negative,positive"
201,the takeout is great too since they give high quality tupperware as well.,1340075:5,The takeout is great too since they give high quality tupperware as well.,SERVICE,takeout,takeout!great|tupperware!high|quality!high,positive
202,we even had a visit from the manager who wanted to make sure we were enjoying ourselves.,1347423:2,We even had a visit from the Manager who wanted to make sure we were enjoying ourselves.,SERVICE,Manager,,positive
203,it's a nice place to relax and have conversation.,1357554:4,It's a nice place to relax and have conversation.,AMBIENCE,place,place!nice,positive
204,service was also horrible and the ambience is not that great.,1380450:2,Service was also horrible and the ambience is not that great.,"SERVICE,AMBIENCE","Service,ambience",service!horrible|ambience!great,"negative,negative"
205,it's a small cute restaurant.,1387314:4,It's a small cute restaurant.,AMBIENCE,restaurant,restaurant!cute,positive
206,"however, i think this place is a good hang out spot.",1394712:4,"However, I think this place is a good hang out spot.",AMBIENCE,place,place!good|spot!hang,positive
207,somehow working the italian charm with constant mille grazie does not constitute proper service.,1398844:6,Somehow working the italian charm with constant mille grazie does not constitute proper service.,SERVICE,service,service!proper|grazie!charm,negative
208,"cute place, nice wait staff but would never go there again.",1404042:3,"Cute place, nice wait staff but would never go there again.","SERVICE,AMBIENCE","wait staff,place,place",place!cute|staff!cute|wait!nice,"positive,positive,negative"
209,the place is so cool and the service is prompt and curtious.,1413697:2,The place is so cool and the service is prompt and curtious.,"SERVICE,AMBIENCE","service,place",place!cool|service!prompt,"positive,positive"
210,the dining room is quietly elegant with no music to shout over -- how refreshing!,1417496:2,The dining room is quietly elegant with no music to shout over -- how refreshing!,AMBIENCE,dining room,room!elegant|dining!elegant|music!refreshing,positive
211,"the service was impeccable and unobtrusive -- the staff knows what they are there to do -- to know their menu, present your meal, and attend to your needs.",1417496:3,"The service was impeccable and unobtrusive -- the staff knows what they are there to do -- to know their menu, present your meal, and attend to your needs.","SERVICE,SERVICE","service,staff",service!impeccable|meal!present|menu!present,"positive,positive"
212,the view is breathtaking the service is top notch... the ambiance is wonderfull.,1430994:0,The view is breathtaking the service is top notch... the ambiance is wonderfull.,"AMBIENCE,SERVICE,AMBIENCE","view,service,ambiance",view!breathtaking|service!top|notch!top|wonderfull!top,"positive,positive,positive"
213,the staff offers impeccable service.,1430994:1,The staff offers impeccable service.,SERVICE,staff,service!impeccable|staff!service,positive
214,the characters really make for an enjoyable experience.,1457607:2,The characters really make for an enjoyable experience.,AMBIENCE,characters,experience!enjoyable,positive
215,service was slow had to wait to order and get food although not crowded.,1459569:1,Service was slow had to wait to order and get food although not crowded.,SERVICE,Service,service!slow,negative
216,this quaint and romantic trattoria is at the top of my manhattan restaurant list.,1500453:1,This quaint and romantic trattoria is at the top of my Manhattan restaurant list.,AMBIENCE,"trattoria,trattoria",trattoria!top|top!quaint,"positive,positive"
217,the service was excellent - friendly and attentive.,1538149:3,The service was excellent - friendly and attentive.,SERVICE,service,service!excellent,positive
218,great staff.,1543345:3,Great staff.,SERVICE,staff,staff!great,positive
219,always great service!,1543345:4,Always great service!,SERVICE,service,service!great,positive
220,but the staff was so horrible to us.,1561259:1,But the staff was so horrible to us.,SERVICE,staff,staff!horrible,negative
221,decor is nice though service can be spotty.,1572033:1,Decor is nice though service can be spotty.,"AMBIENCE,SERVICE","Decor,service",decor!nice|service!spotty,"positive,negative"
222,the waitstaffs are nice though.,1586174:6,the waitstaffs are nice though.,SERVICE,waitstaffs,waitstaffs!nice,positive
223,"both times i was extremely dissappointed by the service, which was boarderline rude.",1603698:2,"Both times I was extremely dissappointed by the service, which was boarderline rude.",SERVICE,service,times!dissappointed|service!times,negative
224,"the svc can be a bit rude at times, esp if you have big group, but overall the restaurant is a must!",1609375:2,"The svc can be a bit rude at times, esp if you have big group, but overall the restaurant is a must!",SERVICE,"svc,restaurant",svc!rude|group!big|bit!svc|times!svc|esp!svc,"negative,positive"
225,"eating in, the atmosphere saves it, but at your desk, it's a very disappointing experience.",1611489:3,"Eating in, the atmosphere saves it, but at your desk, it's a very disappointing experience.",AMBIENCE,"atmosphere,NULL",experience!disappointing|desk!disappointing|atmosphere!experience,"positive,negative"
226,the seats are uncomfortable if you are sitting against the wall on wooden benches.,1615322:4,The seats are uncomfortable if you are sitting against the wall on wooden benches.,AMBIENCE,seats,seats!uncomfortable,negative
227,it's a rather cramped and busy restaurant and it closes early.,1615322:5,It's a rather cramped and busy restaurant and it closes early.,AMBIENCE,"restaurant,restaurant",restaurant!cramped,"negative,negative"
228,patroon features a nice cigar bar and has great staff.,1623276:0,Patroon features a nice cigar bar and has great staff.,"AMBIENCE,SERVICE","cigar bar,staff",bar!nice|cigar!nice|staff!great|patroon!bar,"positive,positive"
229,the service is good and ambience is good for a date or group outing.,1632445:3,The service is good and ambience is good for a date or group outing.,"SERVICE,AMBIENCE","service,ambience",service!good|ambience!good|date!service|outing!date|group!date,"positive,positive"
230,truly the mark of an attentive waiter.,1632929:5,Truly the mark of an attentive waiter.,SERVICE,waiter,waiter!attentive|mark!attentive,positive
231,i almost hesititate to write a review because the atmosphere was so great and i would hate for it too become to crowded.,1655521:1,I almost hesititate to write a review because the atmosphere was so great and I would hate for it too become to crowded.,AMBIENCE,atmosphere,atmosphere!great|hesititate!hate,positive
232,"after dinner the manager grabbed my boyfriend, asked him: where are you from...maybe you dont know how things work in america...and in the end stormed away almost teareyed yelling that tips are the only thing they survive on.",1660047:3,"After dinner the manager grabbed my boyfriend, asked him: Where are you from...maybe you dont know how things work in America...and in the end stormed away almost teareyed yelling that tips are the only thing they survive on.",SERVICE,manager,things!work|thing!only|tips!only|america!things,negative
233,"the whole set up is truly unprofessional and i wish cafe noir would get some good staff, because despite the current one this is a great place.",1660047:5,"The whole set up is truly unprofessional and I wish Cafe Noir would get some good staff, because despite the current one this is a great place.",SERVICE,"staff,Cafe Noir",staff!good|place!great,"negative,positive"
234,i was here a few weeks back and we had the worst customer service experience at a restaurant ever.,1662726:0,I was here a few weeks back and we had the worst customer service experience at a restaurant ever.,SERVICE,customer service,experience!worst|customer!worst|service!worst|weeks!experience|restaurant!worst,negative
235,"if the weather is nice, try to snag an outside table.",1671113:3,"If the weather is nice, try to snag an outside table.",AMBIENCE,outside table,weather!nice|table!snag|snag!outside,positive
236,friendly staff that actually lets you enjoy your meal and the company you're with.,1702257:3,Friendly staff that actually lets you enjoy your meal and the company you're with.,SERVICE,staff,staff!friendly|company!enjoy|meal!enjoy,positive
237,"we ate out in the back patio, which is worth it as it's cool and the music is hear well there.",1706644:4,"We ate out in the back patio, which is worth it as it's cool and the music is hear well there.","AMBIENCE,AMBIENCE","back patio,music",|patio!back,"positive,positive"
238,the place was nice and calm.,1707201:2,The place was nice and calm.,AMBIENCE,place,place!nice,positive
239,an excellent service,1727363:2,An excellent service,SERVICE,service,service!excellent,positive
240,"always a nice crowd, but never loud.",1730127:2,"Always a nice crowd, but never loud.",AMBIENCE,"crowd,NULL",crowd!nice,"positive,positive"
241,"kind, attentive wait staff.",430342:1,"Kind, attentive wait staff.",SERVICE,wait staff,staff!attentive|wait!attentive,positive
242,"calling the place hampton chutney co. does warn you that these folks offer more style than substance, but in this unattractive room with unhelpful clerks there was a dearth of the former too.",436868:3,"Calling the place Hampton Chutney Co. does warn you that these folks offer more style than substance, but in this unattractive room with unhelpful clerks there was a dearth of the former too.","AMBIENCE,SERVICE","place,room,clerks",room!unattractive|clerks!unattractive|style!more|substance!more|folks!style,"negative,negative,negative"
243,"this is such a lovely, peaceful place to eat outside.",445960:0,"This is such a lovely, peaceful place to eat outside.",AMBIENCE,place,place!lovely,positive
244,the restaurant looks out over beautiful green lawns to the hudson river and the statue of liberty.,445960:1,The restaurant looks out over beautiful green lawns to the Hudson River and the Statue of Liberty.,AMBIENCE,restaurant,lawns!beautiful,positive
245,"this is a great place to take out-of-towners, and perfect for watching the sunset.",445960:4,"This is a great place to take out-of-towners, and perfect for watching the sunset.",AMBIENCE,place,place!great,positive
246,"good, fast service.",475298:0,"Good, fast service.",SERVICE,service,service!good,positive
247,"well, this place is so ghetto its not even funny.",475512:2,"Well, this place is so Ghetto its not even funny.",AMBIENCE,place,place!ghetto,negative
248,great atmoshere and worth every bit.,476473:2,Great atmoshere and worth every bit.,AMBIENCE,"atmoshere,NULL",atmoshere!great|bit!great,"positive,positive"
249,winnie and her staff are the best crew you can find serving you.,483111:0,Winnie and her staff are the best crew you can find serving you.,"SERVICE,SERVICE","staff,Winnie",crew!best|winnie!best|staff!winnie|staff!crew,"positive,positive"
250,the place was quiet and delightful.,485966:1,The place was quiet and delightful.,AMBIENCE,place,place!quiet,positive
251,"the wait staff is pleasant, fun, and for the most part gorgeous (in the wonderful aesthetic beautification way, not in that she's-way-cuter-than-me-that-b@#$* way).",490565:1,"The wait staff is pleasant, fun, and for the most part gorgeous (in the wonderful aesthetic beautification way, not in that she's-way-cuter-than-me-that-b@#$* way).",SERVICE,wait staff,staff!pleasant|wait!pleasant|part!most|beautification!wonderful|fun!staff|way!wonderful|way!wonderful,positive
252,"but the best part about ls is the late night atmosphere, delightfully free of the bts.",490565:3,"But the best part about LS is the late night atmosphere, delightfully free of the BTs.",AMBIENCE,late night atmosphere,part!best|atmosphere!best|ls!best|bts!atmosphere|night!late,positive
253,in summer-eat outside on a terrace (another great feature of suan)!!!,493013:6,In summer-eat outside on a terrace (another great feature of Suan)!!!,AMBIENCE,terrace,feature!great|terrace!great|suan!great,positive
254,"the wait here is long for dim sum, but if you don't like sharing tables or if the typical raucous dim sum atmosphere is not your gig, this is a sleek (for chinatown) alternative.",498657:4,"The wait here is long for dim sum, but if you don't like sharing tables or if the typical raucous dim sum atmosphere is not your gig, this is a sleek (for Chinatown) alternative.","SERVICE,AMBIENCE","wait,atmosphere,NULL",sum!dim|atmosphere!dim|wait!long|gig!typical|alternative!wait|tables!like|chinatown!sleek,"negative,negative,negative"
255,the service was friendly and the atmosphere was casual.,503807:5,The service was friendly and the atmosphere was casual.,"SERVICE,AMBIENCE","service,atmosphere",service!friendly|atmosphere!casual,"positive,neutral"
256,this place would be so much better served by being run by a group that actually understands customer service.,507844:0,This place would be so much better served by being run by a group that actually understands customer service.,SERVICE,customer service,place!better,negative
257,"terrible, terrible management - deserves to be shut-down.",507844:4,"Terrible, terrible management - deserves to be shut-down.",SERVICE,"management,NULL",management!terrible,"negative,negative"
258,service is fast and friendly.,507937:3,Service is fast and friendly.,SERVICE,Service,service!fast,positive
259,this place has the the correct ambience and an excellent staff to make you feel like a guest and a friend at the same time.,511290:4,This place has the the correct ambience and an excellent staff to make you feel like a guest and a friend at the same time.,"AMBIENCE,SERVICE","ambience,staff",ambience!correct|staff!correct|time!same|place!ambience,"positive,positive"
260,"also it's great to have dinner in a very romantic and confortable place, the service it's just perfect...they're so frendly that we never want to live the place!",512925:2,"also it's great to have dinner in a very romantic and confortable place, the service it's just perfect...they're so frendly that we never want to live the place!","AMBIENCE,SERVICE","place,service",place!romantic,"positive,positive"
261,drawbacks: service is slow and they don't toast!,513521:2,Drawbacks: service is slow and they don't toast!,SERVICE,service,service!slow|drawbacks!service|toast!service,negative
262,the place itself is beautiful the bar scene seems to be happening.,519425:4,The place itself is beautiful the bar scene seems to be happening.,"AMBIENCE,AMBIENCE","place,bar scene",place!beautiful,"positive,positive"
263,cozy romantic atomosphere with only around 15 tables at most.,541532:0,Cozy romantic atomosphere with only around 15 tables at most.,AMBIENCE,atomosphere,atomosphere!cozy|tables!cozy,positive
264,service was very prompt but slightly rushed.,541532:1,Service was very prompt but slightly rushed.,"SERVICE,SERVICE","Service,Service",service!prompt,"positive,negative"
265,"service is friendly, and never had a problem walking in and getting a table.",610611:4,"service is friendly, and never had a problem walking in and getting a table.",SERVICE,"service,NULL",service!friendly,"positive,positive"
266,"service, however, was excellent...and i liked the setting/atmosphere a lot. ",620892:5,"Service, however, was excellent...and I liked the setting/atmosphere a lot. ","SERVICE,AMBIENCE","Service,setting/atmosphere",service!excellent|lot!liked|setting/atmosphere!liked,"positive,positive"
267,"best of all is the warm vibe, the owner is super friendly and service is fast.",632121:3,"Best of all is the warm vibe, the owner is super friendly and service is fast.","AMBIENCE,SERVICE,SERVICE","vibe,owner,service",vibe!best|owner!friendly|service!fast,"positive,positive,positive"
268,"ask for usha, the nicest bartender in manhattan.",657129:4,"Ask for Usha, the nicest bartender in manhattan.",SERVICE,Usha,bartender!nicest|manhattan!nicest|usha!bartender,positive
269,"toons has recently been redone, so it's now a very attractive space.",680390:0,"Toons has recently been redone, so it's now a very attractive space.",AMBIENCE,Toons,space!attractive|redone!attractive,positive
270,the service is good and the resturant is clean.,682391:2,The service is good and the resturant is clean.,"SERVICE,AMBIENCE","service,resturant",service!good|resturant!clean,"positive,positive"
271,rao's has the best service and atmosphere in nyc.,707917:2,Rao's has the best service and atmosphere in NYC.,"SERVICE,AMBIENCE","service,atmosphere",service!best|atmosphere!best|nyc!best|rao!service,"positive,positive"
272,"we recently decided to try this location, and to our delight, they have outdoor seating, perfect since i had my yorkie with me.",709294:1,"We recently decided to try this location, and to our delight, they have outdoor seating, perfect since I had my yorkie with me.",AMBIENCE,outdoor seating,seating!perfect|delight!seating,positive
273,indoor was very cozy and cute.,709294:2,Indoor was very cozy and cute.,AMBIENCE,Indoor,,positive
274,atmosphere is nice and relaxed too...,737999:3,Atmosphere is nice and relaxed too...,AMBIENCE,Atmosphere,atmosphere!nice,positive
275,we were seated outside and the waiter spilled red wine and hot tea on myself and my date.,746254:0,We were seated outside and the waiter spilled red wine and hot tea on myself and my date.,SERVICE,waiter,tea!hot|wine!hot,negative
276,"one would think we'd get an apology or complimentary drinks - instead, we got a snobby waiter wouldn't even take our order for 15 minutes and gave us lip when we asked him to do so.",746254:2,"One would think we'd get an apology or complimentary drinks - instead, we got a snobby waiter wouldn't even take our order for 15 minutes and gave us lip when we asked him to do so.",SERVICE,waiter,drinks!complimentary|apology!complimentary|waiter!snobby|order!waiter|minutes!waiter,negative
277,the only problem is that the manager is a complete incompetent.,757762:1,The only problem is that the manager is a complete incompetent.,SERVICE,manager,manager!incompetent,negative
278,there is no excuse for such lousy service!,757762:5,There is no excuse for such lousy service!,SERVICE,service,service!lousy|excuse!lousy,negative
279,although they do the typical what kind of water would you like questions the service was good and overall very relaxing to place to eat.,773720:2,Although they do the typical what kind of water would you like questions the service was good and overall very relaxing to place to eat.,"SERVICE,AMBIENCE","service,place",questions!like|kind!typical|water!typical|service!good,"positive,positive"
280,there is a downside if you're ordering in -- the delivery guys have major attitude.,872763:4,There is a downside if you're ordering in -- the delivery guys have MAJOR attitude.,SERVICE,delivery guys,,negative
281,"love the scene first off- the place has a character and nice light to it..very fortunate, location wise.",875139:0,"Love the scene first off- the place has a character and nice light to it..very fortunate, location wise.","AMBIENCE,AMBIENCE,AMBIENCE","scene,place,location",scene!love|character!nice|light!nice|place!character,"positive,positive,positive"
282,i recieved prompt service with a smile.,935633:4,I recieved prompt service with a smile.,SERVICE,service,service!prompt|smile!service,positive
283,love the atmosphere - felt like i was in paris.,955711:2,LOVE the atmosphere - felt like I was in Paris.,AMBIENCE,atmosphere,atmosphere!love|paris!atmosphere,positive
284,i have been coming here for years and have nothing but good things to say about the service and the great staff at la lanterna.,957145:1,I have been coming here for years and have nothing but good things to say about the service and the great staff at La Lanterna.,"SERVICE,SERVICE","service,staff",things!good|nothing!good|staff!great|service!great,"positive,positive"
285,"over the years the host, vittorio, and his crew, have always treated me as family--although with all the business this not-so-little gem does, it amazing he's even able to remember a consistent but not-so-frequent visitor.",957145:2,"Over the years the host, Vittorio, and his crew, have always treated me as family--although with all the business this not-so-little gem does, it amazing he's even able to remember a consistent but not-so-frequent visitor.","SERVICE,SERVICE","Vittorio,crew",visitor!consistent|business!gem|gem!visitor,"positive,positive"
286,i was visiting new york city with a friend and we discovered this really warm and inviting restaurant.,EVPK#10:1,I was visiting New York City with a friend and we discovered this really warm and inviting restaurant.,AMBIENCE,restaurant,restaurant!warm|city!new|friend!city,positive
287,have never had a problem with service save a missing rice once.,Y#7:3,Have never had a problem with service save a missing rice once.,SERVICE,service,rice!problem|problem!rice,positive
288,great place to relax and enjoy your dinner,TR#3:0,Great place to relax and enjoy your dinner,AMBIENCE,place,place!great,positive
289,the wait staff is very courteous and accomodating.,TM#7:2,The wait staff is very courteous and accomodating.,SERVICE,wait staff,staff!courteous|wait!courteous,positive
290,i thought the restaurant was nice and clean.,PP#4:4,I thought the restaurant was nice and clean.,AMBIENCE,"restaurant,restaurant",restaurant!nice,"positive,positive"
291,the waitress was not attentive at all.,Y#5:4,The waitress was not attentive at all.,SERVICE,waitress,waitress!attentive,negative
292,i highly recommend this beautiful place.,TR#1:3,I highly recommend this beautiful place.,AMBIENCE,"place,place",place!recommend,"positive,positive"
293,nice view of river and nyc.,TR#8:6,Nice view of river and NYC.,AMBIENCE,view of river and NYC,view!nice|river!nice|nyc!river,positive
294,great survice,BG#1:2,Great survice,SERVICE,survice,survice!great,positive
295,"all in all, i would return - as it was a beautiful restaurant - but i hope the staff pays more attention to the little details in the future.",TFS#10:9,"All in all, I would return - as it was a beautiful restaurant - but I hope the staff pays more attention to the little details in the future.","AMBIENCE,SERVICE","restaurant,restaurant,staff",restaurant!beautiful|attention!more|future!little|staff!attention|details!little,"positive,positive,negative"
296,the boths are not as small as some of the reviews make them out to look they're perfect for 2 people.,Z#9:1,The boths are not as small as some of the reviews make them out to look they're perfect for 2 people.,AMBIENCE,boths,|boths!small,positive
297,the service was extremely fast and attentive(thanks to the service button on your table) but i barely understood 1 word when the waiter took our order.,Z#9:2,The service was extremely fast and attentive(thanks to the service button on your table) but I barely understood 1 word when the waiter took our order.,"SERVICE,SERVICE,SERVICE","service,service button,waiter",service!fast|button!fast|thanks!service|word!service,"positive,positive,negative"
298,this is the first place i've been that a runner remembers my order... hope he likes his job because i have half a mind to steal him for my restaurant.,NP#3:5,This is the first place I've been that a runner remembers my order... hope he likes his job because I have half a mind to steal him for my restaurant.,SERVICE,runner,job!likes|place!first|hope!first,positive
299,"for a restaurant with such a good reputation and that is usually so packed, there was no reason for such a lack of intelligent customer service.",NP#4:10,"For a restaurant with such a good reputation and that is usually so packed, there was no reason for such a lack of intelligent customer service.",SERVICE,"restaurant,customer service",service!intelligent|lack!reputation|reputation!lack|customer!intelligent,"positive,negative"
300,the environment is very upscale and you will see a lot of rich guys with trophy wives or just highly paid escorts.,TFS#5:26,The environment is very upscale and you will see a lot of rich guys with trophy wives or just highly paid escorts.,AMBIENCE,"environment,NULL",environment!upscale|lot!rich|guys!rich|wives!lot|escorts!wives,"neutral,neutral"
301,gorgeous place ideal for a romantic dinner,CLF#7:0,Gorgeous place ideal for a romantic dinner,AMBIENCE,"place,place",dinner!romantic|ideal!romantic,"positive,positive"
302,the service was spectacular as the waiter knew everything about the menu and his recommendations were amazing!,CLF#7:3,The service was spectacular as the waiter knew everything about the menu and his recommendations were amazing!,"SERVICE,SERVICE","service,waiter",service!spectacular|menu!amazing|everything!amazing|recommendations!menu,"positive,positive"
303,the real problem i had with this place was the complete lack of service.,DBG#7:10,The real problem I had with this place was the complete lack of service.,SERVICE,service,place!problem|lack!problem,negative
304,possibly the most romantic restaurant in the city,Z#6:0,Possibly the Most Romantic Restaurant in the City,AMBIENCE,Restaurant,restaurant!romantic|city!romantic,positive
305,"this is undoubtedly my favorite modern japanese brasserie (that don’t serve sushi), and in my opinion, one of the most romantic restaurants in the city!",Z#6:1,"This is undoubtedly my favorite modern Japanese brasserie (that don’t serve sushi), and in my opinion, one of the most romantic restaurants in the city!",AMBIENCE,"modern Japanese brasserie,modern Japanese brasserie",brasserie!favorite|opinion!favorite|restaurants!romantic|city!romantic,"positive,positive"
306,"not only is it an adventure getting to this somewhat hidden spot, once you enter the unmarked wooden doors, the zen and intimate décor will make you feel like you’re no longer in the city.",Z#6:2,"Not only is it an adventure getting to this somewhat hidden spot, once you enter the unmarked wooden doors, the zen and intimate décor will make you feel like you’re no longer in the city.","AMBIENCE,AMBIENCE,AMBIENCE","spot,unmarked wooden doors,décor",décor!intimate|zen!intimate|spot!hidden,"neutral,positive,positive"
307,it’s just you and your date and an occasional cute ‘excuse me’ before the waiter opens the little curtain to your booth!,Z#6:4,It’s just you and your date and an occasional cute ‘excuse me’ before the waiter opens the little curtain to your booth!,"AMBIENCE,SERVICE","NULL,waiter",|curtain!little|waiter!curtain|booth!waiter,"positive,positive"
308,"this place has totally weird decor, stairs going up with mirrored walls - i am surprised how no one yet broke their head or fall off the stairs - mirrored walls make you dizzy and delusional...",Z#7:2,"This place has totally weird decor, stairs going up with mirrored walls - I am surprised how no one yet broke their head or fall off the stairs - mirrored walls make you dizzy and delusional...","AMBIENCE,AMBIENCE","decor,mirrored walls",decor!weird|stairs!weird|one!broke|place!decor|head!broke,"negative,negative"
309,over all it was a very nice romantic place .,Z#10:3,Over all it was a very nice romantic place .,AMBIENCE,"place,place",place!nice,"positive,positive"
310,"regardless, we'll be back and can't wait to visit in the summer to take advantage of the patio.",P#7:7,"Regardless, we'll be back and can't wait to visit in the summer to take advantage of the patio.",AMBIENCE,"patio,NULL",patio!advantage,"positive,positive"
311,the servers at flatbush farm appear to have perfected that ghastly technique of making you feel guilty and ashamed for deigning to attract their attention.,FF#4:3,The servers at Flatbush Farm appear to have perfected that ghastly technique of making you feel guilty and ashamed for deigning to attract their attention.,SERVICE,servers,technique!ghastly,negative
312,"at this point, the waitress comes over and asks us if everything was okay, i was literally so shocked that i was speechless and didn't say anything, and guess what, the waitress walked away.",FF#3:10,"At this point, the waitress comes over and asks us if everything was okay, I was literally so shocked that I was speechless and didn't say anything, and guess what, the waitress WALKED away.",SERVICE,waitress,|everything!okay,negative
313,it is quite a spectacular scene i'll give them that.,CLF#4:11,It is quite a spectacular scene i'll give them that.,AMBIENCE,scene,scene!spectacular,positive
314,"this guy refused to seat her and she left, followed shortly by the four of us, but not before i told him that in my 40 years of world travel, including paris, that i had never seen such a display of bad behavior by a frontman in a restaurant.",ADLT#6:4,"This guy refused to seat her and she left, followed shortly by the four of us, but not before I told him that in my 40 years of world travel, including Paris, that I had never seen such a display of bad behavior by a frontman in a restaurant.",SERVICE,frontman,guy!refused|display!bad|behavior!bad|seat!guy|years!display|frontman!display,negative
315,"a word to the wise: you can't dine here and disturb the maitre-d's sense of "" table turnover"", as whacked as it is, or else.",ADLT#6:6,"A word to the wise: you can't dine here and disturb the maitre-D's sense of "" table turnover"", as whacked as it is, or else.",SERVICE,maitre-D,sense!disturb|maitre-d!disturb|turnover!disturb,negative
316,great atmosphere,P#3:0,Great Atmosphere,AMBIENCE,Atmosphere,atmosphere!great,positive
317,"cool atmosphere, the fire place in the back really ads to it but needs a bit more heat throughout on a cold night.",P#3:3,"Cool atmosphere, the fire place in the back really ads to it but needs a bit more heat throughout on a cold night.","AMBIENCE,AMBIENCE,AMBIENCE","atmosphere,fire place,NULL",atmosphere!cool|ads!cool|heat!more|fire!ads|night!cold|bit!heat,"positive,positive,negative"
318,poor service and management,CLF#8:0,Poor service and management,"SERVICE,SERVICE","service,management",service!poor|management!poor,"negative,negative"
319,the manager was rude and handled the situation extremely poorly.,CLF#8:6,The manager was rude and handled the situation extremely poorly.,SERVICE,manager,manager!rude,negative
320,"mistakes happen, but they are usually accompanied by an apology, perhaps even a glass of wine...but not the grunt that we received from the al di la staff.",ADLT#11:4,"Mistakes happen, but they are usually accompanied by an apology, perhaps even a glass of wine...but not the grunt that we received from the Al Di La staff.",SERVICE,staff,,negative
321,the hostess was rude and i got a distinct feeling that they did not want to serve us.,FF#6:5,The hostess was rude and I got a distinct feeling that they did not want to serve us.,"SERVICE,SERVICE","hostess,NULL",hostess!rude,"negative,negative"
322,bad staff,FF#10:0,bad staff,SERVICE,staff,staff!bad,negative
323,"the waitress came to check in on us every few minutes, and began to clear the plates while half of us were still eating (a big pet peeve of mine that happens almost everywhere, so i try to ignore it).",FF#10:8,"The waitress came to check in on us every few minutes, and began to clear the plates while half of us were still eating (a big pet peeve of mine that happens almost everywhere, so I try to ignore it).",SERVICE,waitress,plates!clear|half!peeve|peeve!half|minutes!few,negative
324,"i wish i could like this place more, and i wish someone would retrain the staff.",FF#10:11,"I wish I could like this place more, and I wish someone would retrain the staff.",SERVICE,"place,staff",place!like|wish!like|someone!like|staff!someone,"negative,negative"
