,id,review,label,pred_single,pred_multiple,terms
0,0,"i am not necessarily fanatical about this place, but it was a fun time for low prices.",VALUE,VALUE,VALUE|VALUE|VALUE|VALUE,rice|place|time|price
1,2,the high prices you're going to pay is for the view not for the food.,VALUE,VALUE,VALUE|FOOD|VALUE|VALUE|VALUE|VALUE,rice|food|price|high|view|going
2,3,the high prices you're going to pay is for the view not for the food.,VALUE,VALUE,VALUE|FOOD|VALUE|VALUE|VALUE|VALUE,rice|food|price|high|view|going
3,4,the high prices you're going to pay is for the view not for the food.,VALUE,VALUE,VALUE|FOOD|VALUE|VALUE|VALUE|VALUE,rice|food|price|high|view|going
4,5,the high prices you're going to pay is for the view not for the food.,VALUE,VALUE,VALUE|FOOD|VALUE|VALUE|VALUE|VALUE,rice|food|price|high|view|going
5,6,the high prices you're going to pay is for the view not for the food.,VALUE,VALUE,VALUE|FOOD|VALUE|VALUE|VALUE|VALUE,rice|food|price|high|view|going
6,7,the high prices you're going to pay is for the view not for the food.,VALUE,VALUE,VALUE|FOOD|VALUE|VALUE|VALUE|VALUE,rice|food|price|high|view|going
7,8,the high prices you're going to pay is for the view not for the food.,VALUE,VALUE,VALUE|FOOD|VALUE|VALUE|VALUE|VALUE,rice|food|price|high|view|going
8,9,the high prices you're going to pay is for the view not for the food.,VALUE,VALUE,VALUE|FOOD|VALUE|VALUE|VALUE|VALUE,rice|food|price|high|view|going
9,10,the high prices you're going to pay is for the view not for the food.,VALUE,VALUE,VALUE|FOOD|VALUE|VALUE|VALUE|VALUE,rice|food|price|high|view|going
10,11,the high prices you're going to pay is for the view not for the food.,VALUE,VALUE,VALUE|FOOD|VALUE|VALUE|VALUE|VALUE,rice|food|price|high|view|going
11,12,the high prices you're going to pay is for the view not for the food.,VALUE,VALUE,VALUE|FOOD|VALUE|VALUE|VALUE|VALUE,rice|food|price|high|view|going
12,13,the high prices you're going to pay is for the view not for the food.,VALUE,VALUE,VALUE|FOOD|VALUE|VALUE|VALUE|VALUE,rice|food|price|high|view|going
13,14,the high prices you're going to pay is for the view not for the food.,VALUE,VALUE,VALUE|FOOD|VALUE|VALUE|VALUE|VALUE,rice|food|price|high|view|going
14,15,the high prices you're going to pay is for the view not for the food.,VALUE,VALUE,VALUE|FOOD|VALUE|VALUE|VALUE|VALUE,rice|food|price|high|view|going
15,16,the high prices you're going to pay is for the view not for the food.,VALUE,VALUE,VALUE|FOOD|VALUE|VALUE|VALUE|VALUE,rice|food|price|high|view|going
16,17,the high prices you're going to pay is for the view not for the food.,VALUE,VALUE,VALUE|FOOD|VALUE|VALUE|VALUE|VALUE,rice|food|price|high|view|going
17,18,bad food and high prices,FOOD|VALUE,VALUE,VALUE|FOOD|VALUE|VALUE,rice|food|price|high
18,19,bad food and high prices,FOOD|VALUE,VALUE,VALUE|FOOD|VALUE|VALUE,rice|food|price|high
19,20,bad food and high prices,FOOD|VALUE,VALUE,VALUE|FOOD|VALUE|VALUE,rice|food|price|high
20,21,bad food and high prices,FOOD|VALUE,VALUE,VALUE|FOOD|VALUE|VALUE,rice|food|price|high
21,22,bad food and high prices,FOOD|VALUE,VALUE,VALUE|FOOD|VALUE|VALUE,rice|food|price|high
22,23,bad food and high prices,FOOD|VALUE,VALUE,VALUE|FOOD|VALUE|VALUE,rice|food|price|high
23,24,bad food and high prices,FOOD|VALUE,VALUE,VALUE|FOOD|VALUE|VALUE,rice|food|price|high
24,25,bad food and high prices,FOOD|VALUE,VALUE,VALUE|FOOD|VALUE|VALUE,rice|food|price|high
25,26,bad food and high prices,FOOD|VALUE,VALUE,VALUE|FOOD|VALUE|VALUE,rice|food|price|high
26,27,bad food and high prices,FOOD|VALUE,VALUE,VALUE|FOOD|VALUE|VALUE,rice|food|price|high
27,28,bad food and high prices,FOOD|VALUE,VALUE,VALUE|FOOD|VALUE|VALUE,rice|food|price|high
28,29,bad food and high prices,FOOD|VALUE,VALUE,VALUE|FOOD|VALUE|VALUE,rice|food|price|high
29,30,bad food and high prices,FOOD|VALUE,VALUE,VALUE|FOOD|VALUE|VALUE,rice|food|price|high
30,31,bad food and high prices,FOOD|VALUE,VALUE,VALUE|FOOD|VALUE|VALUE,rice|food|price|high
31,32,bad food and high prices,FOOD|VALUE,VALUE,VALUE|FOOD|VALUE|VALUE,rice|food|price|high
32,33,prices are fair across the board for both food and bev.,VALUE|VALUE,VALUE,VALUE|FOOD|VALUE,rice|food|price
33,34,"price is high but the food is good, so i would come back again.",FOOD|VALUE,VALUE,AMBIENCE|VALUE|FOOD|VALUE|VALUE|VALUE,good|rice|food|price|high|would
34,35,"great place, great value.",AMBIENCE|VALUE,VALUE,VALUE|VALUE|VALUE|VALUE,great|place|value
35,36,"the food is not flavorful, not plentiful and not reasonably price.",FOOD|FOOD|VALUE,FOOD,VALUE|FOOD|VALUE|FOOD|FOOD|VALUE,rice|food|price|plentiful|flavorful|reasonably
36,37,the atmosphere is relaxed and casual.,AMBIENCE,AMBIENCE,AMBIENCE|AMBIENCE|AMBIENCE,atmosphere|relaxed|casual
37,38,"great place, great value.",AMBIENCE|VALUE,VALUE,VALUE|VALUE|VALUE|VALUE,great|place|value
38,39,"the food is not flavorful, not plentiful and not reasonably price.",FOOD|FOOD|VALUE,FOOD,VALUE|FOOD|VALUE|FOOD|FOOD|VALUE,rice|food|price|plentiful|flavorful|reasonably
39,40,the atmosphere is relaxed and casual.,AMBIENCE,AMBIENCE,AMBIENCE|AMBIENCE|AMBIENCE,atmosphere|relaxed|casual
40,41,"great place, great value.",AMBIENCE|VALUE,VALUE,VALUE|VALUE|VALUE|VALUE,great|place|value
41,42,"the food is not flavorful, not plentiful and not reasonably price.",FOOD|FOOD|VALUE,FOOD,VALUE|FOOD|VALUE|FOOD|FOOD|VALUE,rice|food|price|plentiful|flavorful|reasonably
42,43,the atmosphere is relaxed and casual.,AMBIENCE,AMBIENCE,AMBIENCE|AMBIENCE|AMBIENCE,atmosphere|relaxed|casual
43,44,"great place, great value.",AMBIENCE|VALUE,VALUE,VALUE|VALUE|VALUE|VALUE,great|place|value
44,45,"the food is not flavorful, not plentiful and not reasonably price.",FOOD|FOOD|VALUE,FOOD,VALUE|FOOD|VALUE|FOOD|FOOD|VALUE,rice|food|price|plentiful|flavorful|reasonably
45,46,the atmosphere is relaxed and casual.,AMBIENCE,AMBIENCE,AMBIENCE|AMBIENCE|AMBIENCE,atmosphere|relaxed|casual
46,47,"great place, great value.",AMBIENCE|VALUE,VALUE,VALUE|VALUE|VALUE|VALUE,great|place|value
47,48,"the food is not flavorful, not plentiful and not reasonably price.",FOOD|FOOD|VALUE,FOOD,VALUE|FOOD|VALUE|FOOD|FOOD|VALUE,rice|food|price|plentiful|flavorful|reasonably
48,49,the atmosphere is relaxed and casual.,AMBIENCE,AMBIENCE,AMBIENCE|AMBIENCE|AMBIENCE,atmosphere|relaxed|casual
49,50,"great place, great value.",AMBIENCE|VALUE,VALUE,VALUE|VALUE|VALUE|VALUE,great|place|value
50,51,"the food is not flavorful, not plentiful and not reasonably price.",FOOD|FOOD|VALUE,FOOD,VALUE|FOOD|VALUE|FOOD|FOOD|VALUE,rice|food|price|plentiful|flavorful|reasonably
51,52,the atmosphere is relaxed and casual.,AMBIENCE,AMBIENCE,AMBIENCE|AMBIENCE|AMBIENCE,atmosphere|relaxed|casual
52,53,"great place, great value.",AMBIENCE|VALUE,VALUE,VALUE|VALUE|VALUE|VALUE,great|place|value
53,54,"the food is not flavorful, not plentiful and not reasonably price.",FOOD|FOOD|VALUE,FOOD,VALUE|FOOD|VALUE|FOOD|FOOD|VALUE,rice|food|price|plentiful|flavorful|reasonably
54,55,the atmosphere is relaxed and casual.,AMBIENCE,AMBIENCE,AMBIENCE|AMBIENCE|AMBIENCE,atmosphere|relaxed|casual
55,56,"great place, great value.",AMBIENCE|VALUE,VALUE,VALUE|VALUE|VALUE|VALUE,great|place|value
56,57,"the food is not flavorful, not plentiful and not reasonably price.",FOOD|FOOD|VALUE,FOOD,VALUE|FOOD|VALUE|FOOD|FOOD|VALUE,rice|food|price|plentiful|flavorful|reasonably
57,58,the atmosphere is relaxed and casual.,AMBIENCE,AMBIENCE,AMBIENCE|AMBIENCE|AMBIENCE,atmosphere|relaxed|casual
58,59,"great place, great value.",AMBIENCE|VALUE,VALUE,VALUE|VALUE|VALUE|VALUE,great|place|value
59,60,"the food is not flavorful, not plentiful and not reasonably price.",FOOD|FOOD|VALUE,FOOD,VALUE|FOOD|VALUE|FOOD|FOOD|VALUE,rice|food|price|plentiful|flavorful|reasonably
60,61,the atmosphere is relaxed and casual.,AMBIENCE,AMBIENCE,AMBIENCE|AMBIENCE|AMBIENCE,atmosphere|relaxed|casual
61,62,"great place, great value.",AMBIENCE|VALUE,VALUE,VALUE|VALUE|VALUE|VALUE,great|place|value
62,63,"the food is not flavorful, not plentiful and not reasonably price.",FOOD|FOOD|VALUE,FOOD,VALUE|FOOD|VALUE|FOOD|FOOD|VALUE,rice|food|price|plentiful|flavorful|reasonably
63,64,the atmosphere is relaxed and casual.,AMBIENCE,AMBIENCE,AMBIENCE|AMBIENCE|AMBIENCE,atmosphere|relaxed|casual
64,65,"great place, great value.",AMBIENCE|VALUE,VALUE,VALUE|VALUE|VALUE|VALUE,great|place|value
65,66,"the food is not flavorful, not plentiful and not reasonably price.",FOOD|FOOD|VALUE,FOOD,VALUE|FOOD|VALUE|FOOD|FOOD|VALUE,rice|food|price|plentiful|flavorful|reasonably
66,67,the atmosphere is relaxed and casual.,AMBIENCE,AMBIENCE,AMBIENCE|AMBIENCE|AMBIENCE,atmosphere|relaxed|casual
67,68,"great place, great value.",AMBIENCE|VALUE,VALUE,VALUE|VALUE|VALUE|VALUE,great|place|value
68,69,"the food is not flavorful, not plentiful and not reasonably price.",FOOD|FOOD|VALUE,FOOD,VALUE|FOOD|VALUE|FOOD|FOOD|VALUE,rice|food|price|plentiful|flavorful|reasonably
69,70,the atmosphere is relaxed and casual.,AMBIENCE,AMBIENCE,AMBIENCE|AMBIENCE|AMBIENCE,atmosphere|relaxed|casual
70,71,"great place, great value.",AMBIENCE|VALUE,VALUE,VALUE|VALUE|VALUE|VALUE,great|place|value
71,72,"the food is not flavorful, not plentiful and not reasonably price.",FOOD|FOOD|VALUE,FOOD,VALUE|FOOD|VALUE|FOOD|FOOD|VALUE,rice|food|price|plentiful|flavorful|reasonably
72,73,the atmosphere is relaxed and casual.,AMBIENCE,AMBIENCE,AMBIENCE|AMBIENCE|AMBIENCE,atmosphere|relaxed|casual
73,74,"great place, great value.",AMBIENCE|VALUE,VALUE,VALUE|VALUE|VALUE|VALUE,great|place|value
74,75,"the food is not flavorful, not plentiful and not reasonably price.",FOOD|FOOD|VALUE,FOOD,VALUE|FOOD|VALUE|FOOD|FOOD|VALUE,rice|food|price|plentiful|flavorful|reasonably
75,76,the atmosphere is relaxed and casual.,AMBIENCE,AMBIENCE,AMBIENCE|AMBIENCE|AMBIENCE,atmosphere|relaxed|casual
76,77,"great place, great value.",AMBIENCE|VALUE,VALUE,VALUE|VALUE|VALUE|VALUE,great|place|value
77,78,"the food is not flavorful, not plentiful and not reasonably price.",FOOD|FOOD|VALUE,FOOD,VALUE|FOOD|VALUE|FOOD|FOOD|VALUE,rice|food|price|plentiful|flavorful|reasonably
78,79,the atmosphere is relaxed and casual.,AMBIENCE,AMBIENCE,AMBIENCE|AMBIENCE|AMBIENCE,atmosphere|relaxed|casual
79,80,"great place, great value.",AMBIENCE|VALUE,VALUE,VALUE|VALUE|VALUE|VALUE,great|place|value
80,81,"the food is not flavorful, not plentiful and not reasonably price.",FOOD|FOOD|VALUE,FOOD,VALUE|FOOD|VALUE|FOOD|FOOD|VALUE,rice|food|price|plentiful|flavorful|reasonably
81,82,the atmosphere is relaxed and casual.,AMBIENCE,AMBIENCE,AMBIENCE|AMBIENCE|AMBIENCE,atmosphere|relaxed|casual
82,83,"great place, great value.",AMBIENCE|VALUE,VALUE,VALUE|VALUE|VALUE|VALUE,great|place|value
83,84,"the food is flavorful, plentiful and reasonably price.",FOOD|FOOD|VALUE,FOOD,VALUE|FOOD|VALUE|FOOD|FOOD|VALUE,rice|food|price|plentiful|flavorful|reasonably
84,85,the atmosphere is relaxed and casual.,AMBIENCE,AMBIENCE,AMBIENCE|AMBIENCE|AMBIENCE,atmosphere|relaxed|casual
85,86,"great place, great value.",AMBIENCE|VALUE,VALUE,VALUE|VALUE|VALUE|VALUE,great|place|value
86,87,"the food is flavorful, plentiful and reasonably price.",FOOD|FOOD|VALUE,FOOD,VALUE|FOOD|VALUE|FOOD|FOOD|VALUE,rice|food|price|plentiful|flavorful|reasonably
87,88,the atmosphere is relaxed and casual.,AMBIENCE,AMBIENCE,AMBIENCE|AMBIENCE|AMBIENCE,atmosphere|relaxed|casual
88,89,"great place, great value.",AMBIENCE|VALUE,VALUE,VALUE|VALUE|VALUE|VALUE,great|place|value
89,90,"the food is flavorful, plentiful and reasonably price.",FOOD|FOOD|VALUE,FOOD,VALUE|FOOD|VALUE|FOOD|FOOD|VALUE,rice|food|price|plentiful|flavorful|reasonably
90,91,the atmosphere is relaxed and casual.,AMBIENCE,AMBIENCE,AMBIENCE|AMBIENCE|AMBIENCE,atmosphere|relaxed|casual
91,92,"great place, great value.",AMBIENCE|VALUE,VALUE,VALUE|VALUE|VALUE|VALUE,great|place|value
92,93,"the food is flavorful, plentiful and reasonably price.",FOOD|FOOD|VALUE,FOOD,VALUE|FOOD|VALUE|FOOD|FOOD|VALUE,rice|food|price|plentiful|flavorful|reasonably
93,94,the atmosphere is relaxed and casual.,AMBIENCE,AMBIENCE,AMBIENCE|AMBIENCE|AMBIENCE,atmosphere|relaxed|casual
94,95,"great place, great value.",AMBIENCE|VALUE,VALUE,VALUE|VALUE|VALUE|VALUE,great|place|value
95,96,"the food is flavorful, plentiful and reasonably price.",FOOD|FOOD|VALUE,FOOD,VALUE|FOOD|VALUE|FOOD|FOOD|VALUE,rice|food|price|plentiful|flavorful|reasonably
96,97,the atmosphere is relaxed and casual.,AMBIENCE,AMBIENCE,AMBIENCE|AMBIENCE|AMBIENCE,atmosphere|relaxed|casual
97,98,"great place, great value.",AMBIENCE|VALUE,VALUE,VALUE|VALUE|VALUE|VALUE,great|place|value
98,99,"the food is flavorful, plentiful and reasonably price.",FOOD|FOOD|VALUE,FOOD,VALUE|FOOD|VALUE|FOOD|FOOD|VALUE,rice|food|price|plentiful|flavorful|reasonably
99,100,the atmosphere is relaxed and casual.,AMBIENCE,AMBIENCE,AMBIENCE|AMBIENCE|AMBIENCE,atmosphere|relaxed|casual
100,101,"great place, great value.",AMBIENCE|VALUE,VALUE,VALUE|VALUE|VALUE|VALUE,great|place|value
101,102,"the food is flavorful, plentiful and reasonably price.",FOOD|FOOD|VALUE,FOOD,VALUE|FOOD|VALUE|FOOD|FOOD|VALUE,rice|food|price|plentiful|flavorful|reasonably
102,103,the atmosphere is relaxed and casual.,AMBIENCE,AMBIENCE,AMBIENCE|AMBIENCE|AMBIENCE,atmosphere|relaxed|casual
103,104,"great place, great value.",AMBIENCE|VALUE,VALUE,VALUE|VALUE|VALUE|VALUE,great|place|value
104,105,"the food is flavorful, plentiful and reasonably price.",FOOD|FOOD|VALUE,FOOD,VALUE|FOOD|VALUE|FOOD|FOOD|VALUE,rice|food|price|plentiful|flavorful|reasonably
105,106,the atmosphere is relaxed and casual.,AMBIENCE,AMBIENCE,AMBIENCE|AMBIENCE|AMBIENCE,atmosphere|relaxed|casual
106,107,"great place, great value.",AMBIENCE|VALUE,VALUE,VALUE|VALUE|VALUE|VALUE,great|place|value
107,108,"the food is flavorful, plentiful and reasonably price.",FOOD|FOOD|VALUE,FOOD,VALUE|FOOD|VALUE|FOOD|FOOD|VALUE,rice|food|price|plentiful|flavorful|reasonably
108,109,the atmosphere is relaxed and casual.,AMBIENCE,AMBIENCE,AMBIENCE|AMBIENCE|AMBIENCE,atmosphere|relaxed|casual
109,110,"great place, great value.",AMBIENCE|VALUE,VALUE,VALUE|VALUE|VALUE|VALUE,great|place|value
110,111,"the food is flavorful, plentiful and reasonably price.",FOOD|FOOD|VALUE,FOOD,VALUE|FOOD|VALUE|FOOD|FOOD|VALUE,rice|food|price|plentiful|flavorful|reasonably
111,112,the atmosphere is relaxed and casual.,AMBIENCE,AMBIENCE,AMBIENCE|AMBIENCE|AMBIENCE,atmosphere|relaxed|casual
112,113,"great place, great value.",AMBIENCE|VALUE,VALUE,VALUE|VALUE|VALUE|VALUE,great|place|value
113,114,"the food is flavorful, plentiful and reasonably price.",FOOD|FOOD|VALUE,FOOD,VALUE|FOOD|VALUE|FOOD|FOOD|VALUE,rice|food|price|plentiful|flavorful|reasonably
114,115,the atmosphere is relaxed and casual.,AMBIENCE,AMBIENCE,AMBIENCE|AMBIENCE|AMBIENCE,atmosphere|relaxed|casual
115,116,the martinis are amazing but the prices are expensive.,FOOD|VALUE,VALUE,VALUE|VALUE,rice|price
116,117,the flavors are amazing and the value is phenomenal.,FOOD|VALUE,VALUE,VALUE,value
117,118,prices too high for this cramped and unappealing resturant.,VALUE|AMBIENCE,VALUE,VALUE|VALUE|VALUE,rice|price|high
118,119,great service and food at a good price,VALUE|SERVICE|FOOD,VALUE,VALUE|VALUE|FOOD|AMBIENCE|SERVICE|VALUE,good|rice|food|great|service|price
119,120,prices are not affordable and the quality of food is bad,VALUE|FOOD,VALUE,VALUE|FOOD|VALUE|VALUE,rice|food|price|quality
120,121,"cozy place, great service and an amazing pizza",AMBIENCE|SERVICE|FOOD,AMBIENCE,AMBIENCE|SERVICE|AMBIENCE|FOOD,great|service|place|pizza
121,122,the price is high and the quality of food is horrible,VALUE|FOOD,VALUE,VALUE|FOOD|VALUE|VALUE|VALUE,rice|food|price|high|quality
122,123,prices absolutely not moderate and not appropriate,VALUE,VALUE,VALUE|VALUE|VALUE|VALUE|VALUE,rice|price|absolutely|appropriate|moderate
123,124,prices absolutely not moderate and not appropriate,VALUE,VALUE,VALUE|VALUE|VALUE|VALUE|VALUE,rice|price|absolutely|appropriate|moderate
124,125,prices absolutely not moderate and not appropriate,VALUE,VALUE,VALUE|VALUE|VALUE|VALUE|VALUE,rice|price|absolutely|appropriate|moderate
125,126,prices absolutely not moderate and not appropriate,VALUE,VALUE,VALUE|VALUE|VALUE|VALUE|VALUE,rice|price|absolutely|appropriate|moderate
126,127,prices absolutely not moderate and not appropriate,VALUE,VALUE,VALUE|VALUE|VALUE|VALUE|VALUE,rice|price|absolutely|appropriate|moderate
127,128,prices absolutely not moderate and not appropriate,VALUE,VALUE,VALUE|VALUE|VALUE|VALUE|VALUE,rice|price|absolutely|appropriate|moderate
128,129,prices absolutely not moderate and not appropriate,VALUE,VALUE,VALUE|VALUE|VALUE|VALUE|VALUE,rice|price|absolutely|appropriate|moderate
129,130,prices absolutely not moderate and not appropriate,VALUE,VALUE,VALUE|VALUE|VALUE|VALUE|VALUE,rice|price|absolutely|appropriate|moderate
130,131,prices absolutely not moderate and not appropriate,VALUE,VALUE,VALUE|VALUE|VALUE|VALUE|VALUE,rice|price|absolutely|appropriate|moderate
131,132,prices absolutely not moderate and not appropriate,VALUE,VALUE,VALUE|VALUE|VALUE|VALUE|VALUE,rice|price|absolutely|appropriate|moderate
132,133,prices absolutely not moderate and not appropriate,VALUE,VALUE,VALUE|VALUE|VALUE|VALUE|VALUE,rice|price|absolutely|appropriate|moderate
133,134,prices absolutely not moderate and not appropriate,VALUE,VALUE,VALUE|VALUE|VALUE|VALUE|VALUE,rice|price|absolutely|appropriate|moderate
134,135,prices absolutely not moderate and not appropriate,VALUE,VALUE,VALUE|VALUE|VALUE|VALUE|VALUE,rice|price|absolutely|appropriate|moderate
135,136,"last but not least, prices for nyc are ridiculously low and the personnel is warm and friendly",VALUE|SERVICE,VALUE,VALUE|VALUE|VALUE,rice|price|friendly
136,137,"we, there were four of us, arrived at noon - the place was empty - and the staff acted like we were imposing on them and they were very rude.",SERVICE,VALUE,AMBIENCE|VALUE|VALUE,place|like|staff
137,138,the food was lousy - too sweet or too salty and the portions tiny.,FOOD|FOOD,FOOD,FOOD|FOOD|FOOD,food|sweet|portion
138,139,"i have eaten at saul, many times, the food is always consistently, outrageously good.",FOOD,FOOD,VALUE|FOOD|FOOD|FOOD,good|food|time|always
139,140,the duck confit is always amazing and the foie gras terrine with figs was out of this world.,FOOD|FOOD,FOOD,FOOD,always
140,141,chow fun was dry; pork shu mai was more than usually greasy and had to share a table with loud and rude family.,FOOD|FOOD,FOOD,FOOD|VALUE,chow|family
141,142,"service was divine, oysters where a sensual as they come, and the price can't be beat!!!",SERVICE|FOOD,VALUE,VALUE|SERVICE|VALUE,rice|service|price
142,143,"everything is always cooked to perfection, the service is excellent, the decor cool and understated.",SERVICE|AMBIENCE,VALUE,SERVICE|VALUE|AMBIENCE|VALUE|VALUE|VALUE|AMBIENCE,service|excellent|decor|everything|thing|always|cool
143,144,i had the duck breast special on my last visit and it was not incredible.,FOOD,VALUE,VALUE,special
144,145,"the food is very average...the thai fusion stuff is a bit too sweet, every thing they serve is too sweet here.",FOOD|FOOD,FOOD,FOOD|FOOD|FOOD|VALUE|FOOD,food|sweet|thing|thai
145,146,the only thing i moderately enjoyed was their grilled chicken special with edamame puree.,FOOD,FOOD,FOOD|VALUE|AMBIENCE|AMBIENCE,moderate|thing|special|enjoyed
146,147,i had never had edamame pureed before but i thought it was innovative and tasty (could've used a bit more salt).,FOOD|FOOD,VALUE,VALUE,never
147,148,"the decor is night tho...but they really need to clean that vent in the ceiling...its quite un-appetizing, and kills your effort to make this place look sleek and modern.",AMBIENCE|AMBIENCE|AMBIENCE,AMBIENCE,VALUE|AMBIENCE|AMBIENCE,really|place|decor
148,149,"the spicy tuna roll was unusually good and the rock shrimp tempura was awesome, great appetizer to share!",FOOD|FOOD,FOOD,FOOD|FOOD|FOOD,good|great|shrimp
149,150,we went around 9:30 on a friday and it had died down a bit by then so the service was great!,SERVICE,VALUE,AMBIENCE|SERVICE,great|service
150,151,food is bad.,FOOD,FOOD,FOOD,food
151,152,service is friendly and attentive.,SERVICE,SERVICE,SERVICE|VALUE|SERVICE,service|friendly|attentive
152,153,ambiance is relaxed and stylish.,AMBIENCE,AMBIENCE,AMBIENCE,relaxed
153,154,"however, it's the service that leaves a bad taste in my mouth.",SERVICE,SERVICE,SERVICE,service
154,155,"i happen to have a policy that goes along with a little bit of self-respect, which includes not letting a waiter intimidate me, i.e. make me feel bad asking for trivialities like water, or the check.",SERVICE,VALUE,VALUE|VALUE|AMBIENCE,like|little|wait
155,156,food is disgusting.,FOOD,FOOD,FOOD,food
156,157,service is top notch.,SERVICE,SERVICE,SERVICE,service
157,158,"i tend to judge a sushi restaurant by its sea urchin, which was heavenly at sushi rose.",FOOD,AMBIENCE,AMBIENCE|FOOD|FOOD,restaurant|sushi
158,159,the sushi seemed pretty fresh and was adequately proportioned.,FOOD|FOOD,FOOD,FOOD|VALUE,sushi|portion
159,160,the rice to fish ration was also good and they didn't try to overpack the rice.,FOOD,FOOD,VALUE|FOOD|FOOD|FOOD|FOOD,good|rice|fish|also
160,161,we took advantage of the half price sushi deal on saturday so it was well worth it.,FOOD,VALUE,VALUE|VALUE|FOOD|VALUE,rice|price|sushi|well
161,162,the food was well prepared and the service was impecable.,FOOD|SERVICE,FOOD,FOOD|SERVICE|FOOD,food|service|well
162,163,the prix fixe menu is worth every penny and you get more than enough (both in quantity and quality).,FOOD|FOOD|FOOD,VALUE,VALUE,quality
163,164,"$6 and there is much tasty food, all of it fresh and continually refilled.",FOOD|FOOD|FOOD,FOOD,FOOD,food
164,165,"i am not a vegetarian but, almost all the dishes were bad.",FOOD,FOOD,FOOD|FOOD,dish|almost
165,166,the food here is not good.,FOOD,FOOD,VALUE|FOOD,good|food
166,167,"i like the somosas, chai, and the chole, but the dhosas and dhal were kinda dissapointing.",FOOD|FOOD|FOOD|FOOD|FOOD,VALUE,VALUE,like
167,168,"the service varys from day to day- sometimes they're very nice, and sometimes not.",SERVICE,VALUE,SERVICE|VALUE|VALUE|VALUE,service|nice|time
168,169,"also, specify if you like your food spicy- its rather bland if you don't.",FOOD,FOOD,FOOD|VALUE|AMBIENCE,food|like|also
169,170,"the ambience is pretty and nice for conversation, so a casual lunch here would probably be best.",AMBIENCE,VALUE,AMBIENCE|AMBIENCE|VALUE|VALUE,casual|nice|best|would
170,171,if you've ever been along the river in weehawken you have an idea of the top of view the chart house has to offer.,AMBIENCE,VALUE,VALUE,view
171,172,add to that great service and great food at a reasonable price and you have yourself the beginning of a great evening.,SERVICE|FOOD|FOOD,VALUE,VALUE|FOOD|VALUE|FOOD|AMBIENCE|SERVICE|VALUE|AMBIENCE,rice|food|great|service|price|even
172,173,the lava cake dessert was terrible.,FOOD,AMBIENCE,AMBIENCE,terrible
173,174,"once you step into cosette, you're miraculously in a small, off-the-beaten path parisian bistro.",AMBIENCE,AMBIENCE,AMBIENCE,small
174,175,"this tiny restaurant is as cozy as it gets, with that certain parisian flair.",AMBIENCE,AMBIENCE,AMBIENCE,restaurant
175,176,"the food was average to above-average; the french onion soup filling yet not overly impressive, and the desserts not brilliant in any way.",FOOD|FOOD|FOOD|FOOD,FOOD,FOOD,food
176,177,the pizza was delivered cold and the cheese wasn't even fully melted!,FOOD|FOOD,FOOD,FOOD|FOOD|FOOD,pizza|cheese|even
177,178,the pizza is overpriced and soggy.,FOOD|FOOD,FOOD,VALUE|VALUE|FOOD,rice|price|pizza
178,179,"yes, they use fancy ingredients, but even fancy ingredients don't make for good pizza unless someone knows how to get the crust right.",FOOD|FOOD|FOOD,FOOD,FOOD|FOOD|VALUE|FOOD|FOOD,good|pizza|even|ingredient
179,180,i think i've had some the worst meals of my life at minnow.,FOOD,FOOD,FOOD,meal
180,181,"the seafood is amazing, there's a good wine list, and the ever-changing menu always offers some great surprises.",FOOD|FOOD|FOOD,FOOD,FOOD|FOOD|AMBIENCE|AMBIENCE,good|food|great|always
181,182,the combination of super-fresh ingredients in the dishes are unusual but really delicious.,FOOD,FOOD,FOOD|FOOD|FOOD|FOOD,really|delicious|dish|ingredient
182,183,best pastrami i ever had and great portion without being ridiculous.,FOOD|FOOD,VALUE,FOOD|VALUE|VALUE,great|best|portion
183,184,my wife had the fried shrimp which are huge and loved it.,FOOD|FOOD,FOOD,FOOD,shrimp
184,185,"my wife and i always enjoy the young, not always well trained but nevertheless friendly, staff, all of whom have a story.",SERVICE,VALUE,AMBIENCE|VALUE|SERVICE|VALUE|VALUE|VALUE,friendly|never|staff|well|always
185,186,"the service is excellent, the decor is great, and the food is delicious and comes in large portions.",SERVICE|AMBIENCE|FOOD|FOOD,FOOD,FOOD|FOOD|AMBIENCE|SERVICE|VALUE|AMBIENCE|AMBIENCE,delicious|food|great|service|excellent|decor|portion
186,187,this place is incredibly tiny.,AMBIENCE,AMBIENCE,AMBIENCE,place
187,188,the hostess is rude to the point of being offensive.,SERVICE,,,
188,189,the food was bland oily.,FOOD,FOOD,AMBIENCE|FOOD,oily|food
189,190,"we have been to this place many times, and always have great food, wine, and service.",FOOD|FOOD|SERVICE,AMBIENCE,FOOD|FOOD|SERVICE|AMBIENCE|AMBIENCE|VALUE,food|great|service|place|time|always
190,191,"we were worried we would have trouble getting in, but somehow managed to have a short wait.",SERVICE,VALUE,VALUE|SERVICE,would|wait
191,192,"when we sat, we got great and fast service.",SERVICE,SERVICE,VALUE|SERVICE,great|service
192,193,the people that work there are always so friendly you forget you are in new york sometimes.,SERVICE,VALUE,VALUE|VALUE|VALUE,time|friendly|always
193,194,the pizza is yummy and i like the atmoshpere.,FOOD|AMBIENCE,FOOD,FOOD|FOOD,like|pizza
194,195,but the pizza is way to expensive.,FOOD,FOOD,FOOD,pizza
195,196,i went there for lunch and the lunch was not as good as i expected from the reviews i read.,FOOD,VALUE,VALUE|VALUE,good|view
196,197,sauce was watery and the food didn't have much flavor.,FOOD|FOOD,FOOD,FOOD,food
197,198,the waitress was very patient with us and the food is phenomenal!,SERVICE|FOOD,FOOD,FOOD|AMBIENCE,food|wait
198,199,"service was prompt, friendly and great.",SERVICE,VALUE,VALUE|SERVICE|VALUE|VALUE,great|service|friendly|prompt
199,200,horrible pizza and bad service.,FOOD|SERVICE,FOOD,SERVICE|FOOD,service|pizza
200,201,"there was a small wait, but shorter than i expected.",SERVICE,VALUE,VALUE|VALUE,small|wait
201,202,this is the best sushi in new york city - hands down.,FOOD,FOOD,VALUE|FOOD,best|sushi
202,203,the place is small and cramped but the food is fantastic.,AMBIENCE|FOOD,FOOD,FOOD|AMBIENCE|AMBIENCE,food|place|small
203,204,"the atmosphere isn't the greatest , but i suppose that's how they keep the prices down .",AMBIENCE,VALUE,VALUE|VALUE|VALUE|VALUE,atmosphere|rice|great|price
204,206,first went here to enjoy their garden terrace.,AMBIENCE,,,
205,207,"the food was amazing, and the service was prompt and helpful, but not over-bearing or rushed.",FOOD|SERVICE,FOOD,FOOD|SERVICE|VALUE,food|service|prompt
206,208,"the steak tartare is a great bet, they fix it for you at the table.",FOOD,AMBIENCE,AMBIENCE,great
207,209,"admittedly some nights inside the restaurant were rather warm, but the open kitchen is part of the charm.",AMBIENCE|AMBIENCE,AMBIENCE,AMBIENCE,restaurant
208,210,"it may be a bit packed on weekends, but the vibe is good and it is the best french food you will find in the area.",AMBIENCE|FOOD,FOOD,FOOD|FOOD|FOOD,good|food|best
209,211,"pizza - the only pizza in nyc that should not have additional toppings - the crust tastes like the best, freshly baked bread!",FOOD|FOOD,FOOD,FOOD|FOOD|FOOD|FOOD,best|like|pizza
210,212,"not sure where the previous reviewer, lonk, dined, but saul is in a great neighborhood and has great food!",AMBIENCE|FOOD,AMBIENCE,AMBIENCE|AMBIENCE|AMBIENCE|AMBIENCE,food|great|view
211,213,i'd highly recommend it for a special occasion and it provides and intimate setting and nice service.,AMBIENCE|SERVICE,VALUE,VALUE|SERVICE|VALUE|VALUE|AMBIENCE,recommend|service|nice|high|special
212,214,"moules were excellent, lobster ravioli was very salty!",FOOD|FOOD,FOOD,FOOD,excellent
213,215,"took my mom for mother's day, and the maitre d' was pretty rude.",SERVICE,,,
214,216,tiny dessert was $8.00...just plain overpriced for what it is.,FOOD|FOOD|FOOD,VALUE,VALUE|VALUE,rice|price
215,217,downstairs lounge is always a good attraction,AMBIENCE,VALUE,VALUE|VALUE,good|always
216,218,"raga's is a romantic, cozy restaurant.",AMBIENCE,AMBIENCE,AMBIENCE,restaurant
217,219,the exotic food is beautifully presented and is a delight in delicious combinations.,FOOD|FOOD,FOOD,FOOD|FOOD,delicious|food
218,220,the staff is incredibly helpful and attentive.,SERVICE,SERVICE,SERVICE|SERVICE,attentive|staff
219,221,i loved everythig about it-especially the shows and actors.,AMBIENCE|AMBIENCE,VALUE,VALUE,special
220,222,our server was very helpful and friendly.,SERVICE,SERVICE,SERVICE|SERVICE,friendly|server
221,223,the food was bad.,FOOD,FOOD,FOOD,food
222,224,the tuna and wasabe potatoes are bad.,FOOD|FOOD,,,
223,225,the outdoor atmosphere of sitting on the sidewalk watching the world go by 50 feet away on 6th avenue on a cool evening was wonderful.,AMBIENCE,AMBIENCE,AMBIENCE|AMBIENCE|AMBIENCE|AMBIENCE|AMBIENCE|AMBIENCE,atmosphere|even|cool|away|sitting|avenue
224,226,service was prompt and courteous.,SERVICE,SERVICE,SERVICE|VALUE,service|prompt
225,227,"bad service, bad food.",SERVICE|FOOD,FOOD,FOOD|SERVICE,food|service
226,228,"the pizza is delicious - they use fresh mozzarella instead of the cheap, frozen, shredded cheese common to most pizzaria's.",FOOD|FOOD,FOOD,FOOD|FOOD|FOOD|FOOD,delicious|pizza|cheese
227,229,"two complaints- their appetizer selection stinks, it would be nice to get some mozzarella sticks on the menu.",FOOD,VALUE,VALUE|FOOD,nice|would
228,230,wait staff is blantently unappreciative of your business but its the best pie on the uws!,SERVICE|FOOD,VALUE,VALUE|SERVICE|VALUE,best|staff|wait
229,231,by far the worst salad i have had in a fast food restaurant.,FOOD,FOOD,FOOD|AMBIENCE|FOOD,food|restaurant|salad
230,232,fine dining restaurant quality.,FOOD,AMBIENCE,AMBIENCE|SERVICE,restaurant|quality
231,233,"the chicken pot pie is excpetiona, the cheeseburger huge and delictable, and the service professional wan warm.",FOOD|FOOD|FOOD|SERVICE,FOOD,SERVICE|FOOD|FOOD,service|burger|cheese
232,234,the staff is no nonsense.,SERVICE,VALUE,VALUE,staff
233,235,when i lived upstate for a while i would buy freeze the bagels and they would still be better than any else.,FOOD,VALUE,VALUE|VALUE|VALUE,better|would
234,236,"service was very good - prompt, attentive and non-intrusive.",SERVICE,VALUE,VALUE|SERVICE|VALUE|VALUE,good|service|attentive|prompt
235,237,"food was very good as well, considering that we tried the budget selection (though i wish the pork belly that i ordered was roasted a bit longer, so that fat was more of a melt-in-your-mouth experience).",FOOD|FOOD,FOOD,FOOD|FOOD|FOOD,good|food|well
236,238,traditional french decour was pleasant though the hall was rather noisy - the restaurant was full and we had to raise our voices to be able to maintain a conversation.,AMBIENCE|AMBIENCE,AMBIENCE,AMBIENCE,restaurant
237,239,"seating is always prompt, though the restaurant does fill up in the evening.",SERVICE,AMBIENCE,AMBIENCE|AMBIENCE|VALUE|VALUE,restaurant|even|always|prompt
238,240,"food is usually very good, though ocasionally i wondered about freshmess of raw vegatables in side orders.",FOOD|FOOD,FOOD,FOOD|FOOD,good|food
239,241,"the decor is vibrant and eye-pleasing with several semi-private boths on the right side of the dining hall, which are great for a date.",AMBIENCE|AMBIENCE,AMBIENCE,VALUE|AMBIENCE,great|decor
240,242,"the first time i went, and was completely taken by the live jazz band and atmosphere, i ordered the lobster cobb salad.",AMBIENCE|AMBIENCE,AMBIENCE,AMBIENCE|VALUE|AMBIENCE,atmosphere|time|salad
241,243,it's simply the best meal in nyc.,FOOD,FOOD,VALUE|FOOD,best|meal
242,244,the food is a diamond in rough and the food is delicious and homemade with the perfect balance of herbs and tomatoes.,FOOD|FOOD,FOOD,FOOD|FOOD|FOOD|FOOD,delicious|food|made
243,245,the server was really cool and served us our food and drinks with a smile.,SERVICE,FOOD,VALUE|FOOD|AMBIENCE|VALUE,really|food|cool|server
244,246,the place's decor and hidden bathrooms made for a good laugh.,AMBIENCE|AMBIENCE,AMBIENCE,VALUE|AMBIENCE|AMBIENCE|AMBIENCE,good|place|decor|made
245,247,"the have over 100 different beers to offer thier guest so that made my husband very happy and the food was delicious, if i must recommend a dish it must be the pumkin tortelini.",FOOD|FOOD|FOOD,FOOD,FOOD|FOOD|FOOD|FOOD|FOOD|FOOD,delicious|recommend|food|made|dish|different
246,248,the entertainment was great they have shows that go on through out the dinner.,AMBIENCE,VALUE,VALUE,great
247,249,the bagel was small.,FOOD,AMBIENCE,AMBIENCE,small
248,250,the workers there also absolutely load the bagel with cream cheese (gets a little messy).,FOOD,FOOD,VALUE|FOOD|FOOD|FOOD,absolutely|cheese|little|also
249,251,this was my frist time at cafe st. bart's and i must say how delicous the food and the service was.,FOOD|SERVICE,FOOD,FOOD|SERVICE|VALUE,food|service|time
250,252,i have to highly recommend the lobster roll - not to much mayo; you can tell it was a fresh lobster.,FOOD|FOOD,VALUE,VALUE|VALUE,recommend|high
251,253,"other guests enjoyed pizza, santa fe chopped salad and fish and chips.",FOOD|FOOD|FOOD,FOOD,FOOD|FOOD|FOOD|AMBIENCE,pizza|fish|salad|enjoyed
252,254,"i highly recommend cafe st. bart's for their food, the ambience and wonderful service.",FOOD|AMBIENCE|SERVICE,AMBIENCE,AMBIENCE|FOOD|SERVICE|VALUE,recommend|food|service|high
253,255,the staff is absolutely professional!!,SERVICE,VALUE,VALUE|VALUE,absolutely|staff
254,256,my chow fun and chow see was really bland and oily.,FOOD,FOOD,FOOD|AMBIENCE|FOOD|FOOD,really|oily|chow
255,258,"it's boring on the inside, and our sushi was pretty below average... the tuna was soggy and the other rolls had no flavor.",FOOD|FOOD|FOOD,FOOD,FOOD,sushi
256,259,their pad penang is delicious and everything else is fantastic.,FOOD,VALUE,FOOD|VALUE|VALUE,delicious|everything|thing
257,260,the price is reasonable although the service is poor.,SERVICE,VALUE,VALUE|SERVICE|VALUE|VALUE,rice|service|price|poor
258,261,"the salads are delicious, both refreshing and very spicy.",FOOD,FOOD,FOOD|FOOD,delicious|salad
259,262,we had pam's special fried fish and it was amazing.,FOOD,FOOD,FOOD|FOOD,fish|special
260,263,"great vibe, lots of people.",AMBIENCE,AMBIENCE,AMBIENCE,great
261,264,"i didn't complain, i liked the atmosphere so much.",AMBIENCE,VALUE,AMBIENCE|VALUE,atmosphere|like
262,265,"ambience is so cute and quaint, good for business although we were there on vacation.",AMBIENCE,VALUE,VALUE,good
263,266,salads were bad.,FOOD,FOOD,FOOD,salad
264,267,although we were looking for regular lettuce and some walnuts the salads we got were great.,FOOD,FOOD,VALUE|FOOD,great|salad
265,268,ingredients are organic which is a real plus for me.,FOOD,FOOD,FOOD,ingredient
266,269,"this is some really good, inexpensive sushi.",FOOD|FOOD,FOOD,VALUE|VALUE|AMBIENCE,good|really|sushi
267,270,the spicy tuna roll is huge and probably the best that i've had at this price range.,FOOD|FOOD|FOOD,VALUE,VALUE|VALUE|VALUE,rice|price|best
268,271,the yellowtail was particularly good as well.,FOOD,VALUE,VALUE|VALUE,good|well
269,272,"i have reservations about the all you can eat deal, however -- the choices are fairly limited and you can probably order more food than you can eat for less than $18 by just going off the menu.",FOOD|FOOD,FOOD,FOOD|FOOD|FOOD,food|going|choice
270,273,"they have it all -- great price, food, and service.",FOOD|SERVICE,VALUE,VALUE|FOOD|VALUE|SERVICE|VALUE,rice|food|great|service|price
271,274,the atmosphere is noisy and the waiters are literally walking around doing things as fast as they can.,AMBIENCE|SERVICE,FOOD,AMBIENCE|VALUE|FOOD,atmosphere|thing|wait
272,275,"and it all comes at a very reasonable price (congee, noodles, and rice dishes are no more than $3-6 each).",FOOD|FOOD|FOOD,FOOD,VALUE|FOOD|VALUE|FOOD,rice|price|dish
273,276,the takeout is great too since they give high quality tupperware as well.,SERVICE,FOOD,FOOD|FOOD|FOOD|VALUE,great|high|quality|well
274,277,enjoyed a very nice caesar salad while my wife had arugula and goat cheese....both very tasty.,FOOD|FOOD,FOOD,AMBIENCE|FOOD|FOOD|FOOD|AMBIENCE,nice|cheese|goat|salad|enjoyed
275,278,we both opted for a pasta dish and pasta dish were served timely and fresh.,FOOD,FOOD,VALUE|FOOD|FOOD,time|dish
276,279,"the staff was accomodating, the food was absolutely delicious and the place is lovely.",SERVICE|FOOD|AMBIENCE,FOOD,FOOD|FOOD|AMBIENCE|FOOD|VALUE,delicious|food|place|absolutely|staff
277,280,we even had a visit from the manager who wanted to make sure we were enjoying ourselves.,SERVICE,VALUE,VALUE|SERVICE,even|manager
278,282,"sometimes i get bad food and bad service, sometimes i get good good and bad service.",FOOD|SERVICE|SERVICE|FOOD,VALUE,VALUE|VALUE|FOOD|SERVICE|SERVICE|VALUE|VALUE,good|food|service|time
279,283,the place is a bistro which means: simple dishes and wine served efficiently in a bustling atmosphere.,FOOD|FOOD|AMBIENCE,AMBIENCE,AMBIENCE|AMBIENCE|FOOD,atmosphere|place|dish
280,284,right off the l in brooklyn this is a nice cozy place with good pizza.,FOOD|AMBIENCE,AMBIENCE,FOOD|AMBIENCE|AMBIENCE|AMBIENCE,good|place|nice|pizza
281,285,mine was a little burnt but still delicious with goat cheese and panchetta (raddichio was kind of bitter though).,FOOD,FOOD,FOOD|FOOD|FOOD|FOOD,delicious|cheese|goat|little
282,286,my friend got the mushroom pizza which tasted better.,FOOD,FOOD,FOOD|VALUE|FOOD,pizza|better|tasted
283,287,"service was slow, but the people were friendly.",SERVICE|SERVICE,SERVICE,SERVICE|SERVICE,service|friendly
284,288,it's a nice place to relax and have conversation.,AMBIENCE,AMBIENCE,AMBIENCE|AMBIENCE,place|nice
285,289,the food is authentic italian - delicious!,FOOD,FOOD,AMBIENCE|FOOD|FOOD,delicious|food|italian
286,290,"pizza is terrific, as is homemade pasta.",FOOD|FOOD,FOOD,FOOD|FOOD,pizza|made
287,291,"ambience is delightful, service impeccable.",AMBIENCE|SERVICE,SERVICE,SERVICE,service
288,292,i'm still mad that i had to pay for lousy food.,FOOD,FOOD,FOOD,food
289,293,the hanger steak was like rubber and the tuna was flavorless not to mention it tasted like it had just been thawed.,FOOD|FOOD,FOOD,FOOD|FOOD|FOOD,like|tasted
290,294,service was also horrible and the ambience is not that great.,SERVICE|AMBIENCE,VALUE,AMBIENCE|SERVICE|VALUE,great|service|also
291,295,this is my first time writing a review for a restaurant because the food and service was excellent.,FOOD|SERVICE,VALUE,FOOD|SERVICE|VALUE|VALUE|AMBIENCE|VALUE,food|service|time|excellent|restaurant|view
292,296,the filet mignon dish was superb!,FOOD,FOOD,FOOD,dish
293,297,"i like the ambience, it's very dark and original.",AMBIENCE,VALUE,VALUE,like
294,298,the sushi is amazing!!!,FOOD,FOOD,FOOD,sushi
295,299,very affordable and excellent ambience!,AMBIENCE,AMBIENCE,AMBIENCE,excellent
296,300,we won't go to this place again for a good meal.,FOOD,AMBIENCE,VALUE|AMBIENCE|AMBIENCE,good|place|meal
297,301,"however, i think this place is a good hang out spot.",AMBIENCE,VALUE,VALUE|AMBIENCE,good|place
298,302,the pizza and wine were excellent-the service too--but what really made this place was the backyard dining area.,FOOD|FOOD|SERVICE|AMBIENCE,AMBIENCE,VALUE|SERVICE|AMBIENCE|AMBIENCE|AMBIENCE|AMBIENCE,really|service|place|excellent|pizza|made
299,303,it is one the nicest outdoor restaurants i have ever seen in ny--i am from italy and this place rivals the ones in my country.,AMBIENCE,AMBIENCE,AMBIENCE|AMBIENCE|AMBIENCE,place|nice|restaurant
300,304,"first of all, this place is *not* romantic, as claimed by citysearch's editorial review.",AMBIENCE,VALUE,AMBIENCE|SERVICE,place|view
301,306,somehow working the italian charm with constant mille grazie does not constitute proper service.,SERVICE,VALUE,SERVICE|AMBIENCE,service|italian
302,307,not one of our meals was edible - bland and/or made with weird rosemary or orange flavoring.,FOOD|FOOD,FOOD,FOOD|FOOD,meal|made
303,308,fish was overdone.,FOOD,FOOD,FOOD,fish
304,309,someone else recommended the dessert - we also left that.,FOOD,VALUE,VALUE|VALUE,recommend|also
305,310,i've never had bad service and the fish is fresh and delicious.,SERVICE|FOOD,FOOD,FOOD|SERVICE|VALUE|FOOD,delicious|service|never|fish
306,311,their tuna tartar appetizer is to die for.,FOOD,,,
307,312,"i come from a family of pizzeria owners, and i'm almost ashamed to say that the pizza in fornino's blows my families receipies away.",FOOD,AMBIENCE,FOOD|FOOD|VALUE|AMBIENCE,pizza|family|almost|away
308,313,the place is so cool and the service is prompt and curtious.,SERVICE|AMBIENCE,VALUE,SERVICE|AMBIENCE|VALUE|AMBIENCE,service|place|prompt|cool
309,314,a restaurant that doesn't try to do anything except serve great food with great service in a pleasant atmosphere.,FOOD|SERVICE|AMBIENCE,FOOD,AMBIENCE|FOOD|FOOD|AMBIENCE|SERVICE|AMBIENCE|FOOD,atmosphere|food|great|service|restaurant|thing
310,315,no gimmicks here -- the food speaks for itself in its freshness and preparation.,FOOD,FOOD,FOOD,food
311,316,the dining room is quietly elegant with no music to shout over -- how refreshing!,AMBIENCE,,,
312,317,"the service was impeccable and unobtrusive -- the staff knows what they are there to do -- to know their menu, present your meal, and attend to your needs.",SERVICE|SERVICE,SERVICE,SERVICE|FOOD|SERVICE,service|meal|staff
313,318,"looking around, i saw a room full of new yorkers enjoying a real meal in a real restaurant, not a clubhouse of the fabulous trying to be seen.",FOOD|AMBIENCE,AMBIENCE,AMBIENCE|FOOD,restaurant|meal
314,319,the view is breathtaking the service is top notch... the ambiance is wonderfull.,AMBIENCE|SERVICE|AMBIENCE,SERVICE,SERVICE|VALUE,service|view
315,320,the staff offers impeccable service.,SERVICE,SERVICE,SERVICE|SERVICE,service|staff
316,321,my boyfriend had the new england chowder it was good but i think the award should go to the lobster bisque.,FOOD|FOOD,AMBIENCE,VALUE|AMBIENCE|AMBIENCE,good|chow|boyfriend
317,322,my boyfriend had prime rib it was good .,FOOD,VALUE,VALUE|AMBIENCE,good|boyfriend
318,323,my wife and i ate here earlier this week and have not stopped ranting and raving about the food.,FOOD,FOOD,FOOD,food
319,324,if you like spicy food get the chicken vindaloo.,FOOD,FOOD,FOOD|FOOD,food|like
320,325,go to volare for 1st class service and terrific food.,SERVICE|FOOD,SERVICE,FOOD|SERVICE,food|service
321,326,the portions are large and the servers always surprise us with a different starter.,FOOD,VALUE,VALUE|VALUE|VALUE|VALUE,always|different|portion|server
322,327,the food is amazing... especially if you get the chef's tasting menu and your favourite bottle (or two!) of wine from an extensive selection of wines.,FOOD|FOOD|FOOD,FOOD,FOOD|FOOD,food|special
323,328,the food can get pricey but the prixe fixe tasting menu is the greatest food for a good price and they cater the food to any food allergies or food you don't like.,FOOD|FOOD|FOOD,FOOD,VALUE|FOOD|VALUE|FOOD|FOOD|FOOD|FOOD|FOOD|FOOD|FOOD|VALUE|VALUE,good|rice|food|great|price|like
324,330,the menu is very limited - i think we counted 4 or 5 entrees.,FOOD,,,
325,331,"we ordered the special, grilled branzino, that was so infused with bone, it was difficult to eat.",FOOD,FOOD,FOOD,special
326,332,this place is so much fun.,AMBIENCE,AMBIENCE,AMBIENCE,place
327,333,our family never expected such incredible entertainment in a restaurant.,AMBIENCE,AMBIENCE,AMBIENCE|AMBIENCE|VALUE,restaurant|family|never
328,334,our food was great too!,FOOD,FOOD,FOOD|FOOD,food|great
329,335,and really large portions.,FOOD,VALUE,VALUE|VALUE,really|portion
330,336,the staff was the friendliest that have seen in new york.,SERVICE,SERVICE,SERVICE,staff
331,337,the food was pretty tradional but it was hot and good with large portions.,FOOD|FOOD,FOOD,FOOD|FOOD|AMBIENCE,good|food|portion
332,338,the place is a lot of fun.,AMBIENCE,AMBIENCE,AMBIENCE,place
333,339,the characters really make for an enjoyable experience.,AMBIENCE,VALUE,VALUE,really
334,340,service was slow had to wait to order and get food although not crowded.,SERVICE,FOOD,FOOD|SERVICE|VALUE,food|service|wait
335,341,great pizza for lunch place.,FOOD,AMBIENCE,AMBIENCE|AMBIENCE|FOOD,great|place|pizza
336,342,service was quick.,SERVICE,SERVICE,SERVICE|SERVICE,service|quick
337,343,the pizza was great.,FOOD,AMBIENCE,VALUE|FOOD,great|pizza
338,344,delivery is fast too.,SERVICE,,,
339,345,"great friendly service, fast seating, fast delivery, excellent sushi.",SERVICE|SERVICE|SERVICE|FOOD,AMBIENCE,AMBIENCE|SERVICE|AMBIENCE|AMBIENCE|AMBIENCE,great|service|excellent|friendly|sushi
340,346,ess-a-bagel (either by sty-town or midtown) is by far the best bagel in ny.,FOOD,VALUE,VALUE,best
341,347,"the bagels always warm, soft on the inside, crispy on the outside and enormous in size.",FOOD|FOOD,FOOD,FOOD,always
342,348,they have a huge selection of different cream cheeses and all of their salads are great.,FOOD|FOOD,FOOD,VALUE|FOOD|FOOD|FOOD,great|cheese|salad|different
343,349,the lox is always fresh too.,FOOD,FOOD,FOOD,always
344,350,not impressed with the food.,FOOD,FOOD,FOOD,food
345,351,"the ambience was nice, but service wasn't so great.",AMBIENCE|SERVICE,VALUE,AMBIENCE|SERVICE|AMBIENCE,great|service|nice
346,352,i have lived in japan for 7 years and the taste of the food and the feel of the restaurant is like being back in japan.,FOOD|AMBIENCE,FOOD,FOOD|VALUE|AMBIENCE,food|like|restaurant
347,353,thius is a must for anyone who loves shabu-shabu.,FOOD,,,
348,354,"the atmosphere is nothing special, but it feels like a sushi establishment in tokyo.",AMBIENCE,AMBIENCE,AMBIENCE|VALUE|VALUE|AMBIENCE|FOOD,atmosphere|like|thing|sushi|special
349,355,"despite a slightly limited menu, everything prepared is done to perfection, ultra fresh and a work of food art.",FOOD,FOOD,FOOD|FOOD|FOOD,food|everything|thing
350,356,taxan horrible!,FOOD,,,
351,357,the prices were cheap compared to the quality of service and food.,SERVICE|FOOD,VALUE,VALUE|FOOD|VALUE|VALUE|VALUE,rice|food|service|price|quality
352,359,"the quantity is also very good, you will come out satisfied.",FOOD,VALUE,VALUE|VALUE,good|also
353,360,i had the worst ravioli ever.,FOOD,,,
354,361,the wine the service was very good too.,FOOD|SERVICE,VALUE,VALUE|SERVICE,good|service
355,362,"the food is delicious - from the specials to the regular menu-fare, the dishes are never a disappointment.",FOOD|FOOD|FOOD|FOOD,FOOD,FOOD|FOOD|VALUE|FOOD|FOOD,delicious|food|never|dish|special
356,363,"whether it's the parmesean porcini souffle or the lamb glazed with balsamic vinegar, you will surely be transported to northern italy with one bite.",FOOD|FOOD,,,
357,365,"i have known about this secret for the last 13 years, emilio(the godfather) has continued to serve food and wine for the gods at mortal prices.",FOOD|FOOD|FOOD|FOOD,VALUE,VALUE|FOOD|VALUE,rice|food|price
358,366,"i found the food, service and value exceptional everytime i have been there.",FOOD|SERVICE,VALUE,FOOD|SERVICE|VALUE|VALUE,food|service|time|value
359,367,the food was bad.,FOOD,FOOD,FOOD,food
360,368,the service was excellent - friendly and attentive.,SERVICE,SERVICE,SERVICE|VALUE|AMBIENCE|SERVICE,service|excellent|friendly|attentive
361,369,who has room for cheesesticks with the best pizza in nyc!,FOOD,FOOD,VALUE|FOOD|AMBIENCE,best|pizza|cheese
362,370,great staff.,SERVICE,SERVICE,AMBIENCE|SERVICE,great|staff
363,371,always great service!,SERVICE,AMBIENCE,VALUE|AMBIENCE|VALUE,great|service|always
364,372,"the food is bad, i can't lie.",FOOD,FOOD,FOOD,food
365,373,but the staff was so horrible to us.,SERVICE,VALUE,VALUE,staff
366,374,the hostess and the waitress were incredibly rude and did everything they could to rush us out.,SERVICE|SERVICE,VALUE,VALUE|VALUE|AMBIENCE,everything|thing|wait
367,375,i ate here a week ago and found most dishes average at best and too expensive.,FOOD|FOOD,FOOD,VALUE|FOOD,best|dish
368,376,"don't dine at tamarind for the vegetarian dishes, they are simply not up to par with the non-veg selections.",FOOD|FOOD,FOOD,FOOD,dish
369,377,decor is nice though service can be spotty.,AMBIENCE|SERVICE,VALUE,SERVICE|VALUE|AMBIENCE,service|nice|decor
370,378,"most importantly, food is horrible.",FOOD,FOOD,FOOD,food
371,379,i am sad i did the food was horrible.,FOOD,FOOD,FOOD,food
372,380,and yes dal bukhara is so dam good and so are all the kababs.,FOOD|FOOD,VALUE,VALUE,good
373,381,the fish was not fresh and the rice tasted old and stale.,FOOD|FOOD,FOOD,FOOD|FOOD|FOOD,rice|tasted|fish
374,382,"quite frankly, this is some of the worst sushi i have ever tried.",FOOD,FOOD,FOOD,sushi
375,383,honestly the worst sushi my husband and i had in our entire lives.,FOOD,FOOD,FOOD,sushi
376,384,the all-u-can-eat sushi is definitely in very poor quality.,FOOD,FOOD,VALUE|VALUE|FOOD,quality|poor|sushi
377,385,"limited menu, no-so-fresh ingredients, thinly-sliced fish, fall-apart rice.",FOOD|FOOD|FOOD|FOOD,FOOD,FOOD|FOOD|FOOD,rice|fish|ingredient
378,386,"the only things u could really taste are the very salty soy sauce (even its low sodium), the vinegar-soaked rice, and the scallion on top of the fish.",FOOD|FOOD,FOOD,VALUE|FOOD|VALUE|FOOD|FOOD,really|rice|thing|fish|even
379,387,the waitstaffs are nice though.,SERVICE,AMBIENCE,VALUE|AMBIENCE|AMBIENCE,nice|staff|wait
380,388,"both times i was extremely dissappointed by the service, which was boarderline rude.",SERVICE,VALUE,SERVICE|VALUE,service|time
381,389,"the dinner was ok, nothing i would have again.",FOOD,VALUE,VALUE|VALUE,thing|would
382,390,"i had their eggs benedict for brunch, which were the worst in my entire life, i tried removing the hollondaise sauce completely that was how failed it was.",FOOD,,,
383,391,with the theater 2 blocks away we had a delicious meal in a beautiful room.,FOOD|AMBIENCE,FOOD,FOOD|FOOD|AMBIENCE,delicious|meal|away
384,392,the service was attentive.,SERVICE,SERVICE,SERVICE|SERVICE,service|attentive
385,393,"we love the food, drinks, and atmosphere!",FOOD|FOOD|AMBIENCE,FOOD,AMBIENCE|FOOD,atmosphere|food
386,394,"try the pad thai, it's fabulous and their prices are so cheap!",FOOD,VALUE,VALUE|VALUE|AMBIENCE,rice|price|thai
387,395,"just because it's cheap does not mean the portions are small or the food is nasty, it is great!",FOOD|FOOD,VALUE,FOOD|VALUE|VALUE|VALUE,food|great|small|portion
388,396,"also, the sandwiches (nearing $7) didn't come with anything like chips or a side.",FOOD|FOOD,VALUE,VALUE|VALUE|AMBIENCE,like|thing|also
389,397,"eating in, the atmosphere saves it, but at your desk, it's a very disappointing experience.",AMBIENCE,FOOD,FOOD,atmosphere
390,398,they have authentic indian at amazin prices.,FOOD|FOOD,VALUE,VALUE|VALUE,rice|price
391,399,the seats are uncomfortable if you are sitting against the wall on wooden benches.,AMBIENCE,VALUE,VALUE,sitting
392,400,patroon features a nice cigar bar and has great staff.,AMBIENCE|SERVICE,AMBIENCE,AMBIENCE|AMBIENCE|SERVICE,great|nice|staff
393,401,the food is tasty and portion sizes are appropriate.,FOOD|FOOD,FOOD,FOOD|VALUE|FOOD,food|appropriate|portion
394,402,food is horrible.,FOOD,FOOD,FOOD,food
395,403,fish is so very fresh.,FOOD,FOOD,FOOD,fish
396,404,waitstaff are very friendly.,SERVICE,VALUE,VALUE|VALUE|VALUE,friendly|staff|wait
397,405,the menu is limited but almost all of the dishes are excellent.,FOOD|FOOD,FOOD,SERVICE|FOOD|FOOD,excellent|dish|almost
398,406,the lobster sandwich is not good and the spaghetti with scallops and shrimp is not great.,FOOD|FOOD,FOOD,FOOD|AMBIENCE|FOOD,good|great|shrimp
399,407,the service is good and ambience is good for a date or group outing.,SERVICE|AMBIENCE,VALUE,VALUE|VALUE|SERVICE,good|service
400,408,"even though its good seafood, the prices are too high.",FOOD,VALUE,VALUE|VALUE|FOOD|VALUE|AMBIENCE|VALUE,good|rice|food|price|high|even
401,409,the lobster sandwich is $24 and although it was good it was not nearly enough to warrant that price.,FOOD|FOOD,VALUE,VALUE|VALUE|VALUE,good|rice|price
402,410,"the food was delicious (i had a halibut special, my husband had steak), and the service was top-notch.",FOOD|FOOD|FOOD|SERVICE,FOOD,FOOD|FOOD|SERVICE|FOOD,delicious|food|service|special
403,411,truly the mark of an attentive waiter.,SERVICE,SERVICE,VALUE|SERVICE,attentive|wait
404,412,we ate at this thai place following the reviews but very unhappy with the foods.,FOOD,FOOD,FOOD|AMBIENCE|VALUE|AMBIENCE,food|place|view|thai
405,413,"i recommend the jelly fish, drunken chicken and the soupy dumplings, certainly the stir fry blue crab.",FOOD|FOOD|FOOD|FOOD,FOOD,FOOD|FOOD,recommend|fish
406,414,the food is so cheap and the waiters are nice.,FOOD|SERVICE,FOOD,FOOD|VALUE|AMBIENCE,food|nice|wait
407,415,have frequented 'ino for several years and the food remains excellent.,FOOD,FOOD,FOOD|AMBIENCE,food|excellent
408,416,cheese plate is a varied delight and great bargain at $10.,FOOD|FOOD|FOOD,FOOD,FOOD|FOOD,great|cheese
409,417,"(the asparagus, truffle oil, parmesan bruschetta is a winner!)",FOOD,AMBIENCE,AMBIENCE,winner
410,418,"be sure to try the seasonal, and always delicious, specials.",FOOD,FOOD,FOOD|AMBIENCE|FOOD,delicious|special|always
411,419,i almost hesititate to write a review because the atmosphere was so great and i would hate for it too become to crowded.,AMBIENCE,VALUE,VALUE|VALUE|VALUE|VALUE|VALUE,atmosphere|great|view|would|almost
412,420,"the food was very good, a great deal, and the place its self was great.",FOOD|FOOD|AMBIENCE,FOOD,FOOD|FOOD|VALUE|AMBIENCE|AMBIENCE,good|food|great|place
413,421,"the wait staff is very freindly, they make it feel like you're eating in a freindly little european town.",SERVICE,VALUE,VALUE|AMBIENCE|SERVICE|VALUE|VALUE|AMBIENCE,like|little|staff|wait|freindly
414,422,"the service was terrible, we had to wait for everything and ask several of different people for the same thing before we were allowed to be served.",SERVICE,VALUE,SERVICE|VALUE|VALUE|VALUE|VALUE|VALUE|VALUE,service|everything|thing|terrible|different|wait
415,423,"after dinner the manager grabbed my boyfriend, asked him: where are you from...maybe you dont know how things work in america...and in the end stormed away almost teareyed yelling that tips are the only thing they survive on.",SERVICE,VALUE,VALUE|VALUE|AMBIENCE|VALUE|VALUE|VALUE|VALUE,thing|boyfriend|asked|manager|almost|away
416,424,"we did tip, i guess the model/waitress just wanted more and complained to the manager.",SERVICE,AMBIENCE,SERVICE|AMBIENCE,manager|wait
417,425,pizza here is consistently good.,FOOD,AMBIENCE,VALUE|FOOD,good|pizza
418,426,salads are a delicious way to begin the meal.,FOOD,FOOD,FOOD|FOOD|FOOD,delicious|meal|salad
419,427,decor is charming.,AMBIENCE,AMBIENCE,AMBIENCE,decor
420,428,"the ambience was so fun, and the prices were great, on top of the fact that the food was really tasty.",AMBIENCE|FOOD,VALUE,VALUE|VALUE|FOOD|VALUE|VALUE,really|rice|food|great|price
421,429,i would definitely recommend sea if you like thai cuisine!,FOOD,VALUE,VALUE|VALUE|VALUE|AMBIENCE,recommend|like|would|thai
422,430,i was here a few weeks back and we had the worst customer service experience at a restaurant ever.,SERVICE,AMBIENCE,SERVICE|AMBIENCE,service|restaurant
423,431,"excellent atmosphere, delicious dishes good and friendly service.",AMBIENCE|FOOD|SERVICE,FOOD,AMBIENCE|FOOD|FOOD|SERVICE|AMBIENCE|FOOD|FOOD,atmosphere|good|delicious|service|excellent|friendly|dish
424,432,"everything was wonderful; food, drinks, staff, mileau.",FOOD|FOOD|SERVICE|AMBIENCE,FOOD,FOOD|VALUE|VALUE|AMBIENCE,food|everything|thing|staff
425,433,the food is great and reasonably priced.,FOOD|FOOD,VALUE,VALUE|FOOD|VALUE|VALUE|VALUE,rice|food|great|price|reasonably
426,434,"if the weather is nice, try to snag an outside table.",AMBIENCE,VALUE,VALUE,nice
427,435,"the staff has been nice, but they seemed really stressed and the unisex bathroom needs to be cleaned more often.",SERVICE|AMBIENCE,VALUE,VALUE|VALUE|SERVICE,really|nice|staff
428,436,"from the spectacular caviar to the hospitable waitstaff, i felt like royalty and enjoyed every second of it.",FOOD|SERVICE,AMBIENCE,VALUE|AMBIENCE|AMBIENCE|AMBIENCE,like|staff|enjoyed|wait
429,437,"considering we were the last patrons there and it was after the closing time, the waitstaff did not rush us at all and made us feel comfortable and relaxed.",SERVICE,AMBIENCE,AMBIENCE|VALUE|VALUE|AMBIENCE|AMBIENCE,relaxed|time|made|staff|wait
430,438,i highly recommend caviar russe to anyone who wants delicious top grade caviar and fantastic service.,FOOD|SERVICE,FOOD,FOOD|VALUE|SERVICE|VALUE,delicious|recommend|service|high
431,439,fresh ingredients and everything is made to order.,FOOD,FOOD,VALUE|VALUE|FOOD|FOOD,everything|thing|made|ingredient
432,440,friendly staff that actually lets you enjoy your meal and the company you're with.,SERVICE,FOOD,AMBIENCE|FOOD|SERVICE,friendly|meal|staff
433,441,"i found the food to be outstanding, particulary the salmon dish i had.",FOOD|FOOD,FOOD,FOOD|FOOD,food|dish
434,442,"we ate out in the back patio, which is worth it as it's cool and the music is hear well there.",AMBIENCE|AMBIENCE,VALUE,VALUE|AMBIENCE,well|cool
435,443,the food was good.,FOOD,FOOD,VALUE|FOOD,good|food
436,444,the place was nice and calm.,AMBIENCE,AMBIENCE,AMBIENCE|AMBIENCE,place|nice
437,445,but the service was a bit slow.,SERVICE,SERVICE,SERVICE,service
438,446,the buffet had a nice selection.,FOOD,AMBIENCE,AMBIENCE,nice
439,447,the food was average or above including some surprising tasty dishes.,FOOD|FOOD,FOOD,FOOD|FOOD,food|dish
440,448,service was also very good.,SERVICE,VALUE,VALUE|SERVICE|VALUE,good|service|also
441,449,i got an excellent piece of cheesecake and we had several other nice pastries.,FOOD|FOOD,FOOD,FOOD|VALUE|FOOD,nice|excellent|cheese
442,450,"i would recommend roxy's for that, but not for their food.",FOOD,FOOD,VALUE|FOOD|VALUE,recommend|food|would
443,451,"consequently, their burgers fell apart in their hands and made such a mess that they did'nt feel like finishing them.",FOOD,FOOD,VALUE|FOOD|FOOD,like|burger|made
444,452,"this place is really trendi but they have forgotten about the most important part of a restaurant, the food.",FOOD|AMBIENCE,AMBIENCE,AMBIENCE|FOOD|AMBIENCE|AMBIENCE,really|food|place|restaurant
445,453,"the last two times i ordered from here my food was soo spicy that i could barely eat it, and the spice took away from the flavor of the dish.",FOOD|FOOD,FOOD,FOOD|VALUE|FOOD|FOOD,food|time|dish|away
446,454,and the tom kha soup was pathetic.,FOOD,,,
447,455,if you want good authentic thai this place is not the place to go.,FOOD,AMBIENCE,VALUE|AMBIENCE|AMBIENCE|AMBIENCE,good|place|thai
448,456,"we went here for lunch a couple of weeks ago on a saturday, and i was thoroughly impressed with the food.",FOOD,FOOD,FOOD,food
449,457,"the pesto pizza was excellent, thin-crust pizza with a nice amount of spicy italian cheese that i'd never heard of before.",FOOD|FOOD,FOOD,FOOD|FOOD|FOOD|FOOD|FOOD|VALUE|FOOD,nice|excellent|pizza|cheese|never|italian
450,458,"the back garden sitting area is very pleasant, where you can see their personal herb garden.",AMBIENCE,AMBIENCE,AMBIENCE,sitting
451,459,we had the lobster sandwich and it was fantastic.,FOOD,,,
452,460,"my husband said he could've eaten several more, the portion was fine for me he even exclaimed that the french fries were the best he has had.",FOOD|FOOD,VALUE,VALUE|FOOD|FOOD,best|even|portion
453,461,we had the scallops as an appetizer and they were delicious and the sauce was wonderful.,FOOD|FOOD,FOOD,FOOD,delicious
454,462,love the food.,FOOD,FOOD,FOOD,food
455,463,it's the only place you can get yummy authentic japanese comfort food.,FOOD,FOOD,FOOD|AMBIENCE,food|place
456,464,"great food, good size menu, great service and an unpretensious setting.",FOOD|FOOD|SERVICE|AMBIENCE,FOOD,FOOD|FOOD|AMBIENCE|AMBIENCE|SERVICE,good|food|great|service
457,465,"the dishes offered were unique, very tasty and fresh from the lamb sausages, sardines with biscuits, large whole shrimp to the amazing pistachio ice cream (the best and freshest i've ever had).",FOOD|FOOD|FOOD|FOOD|FOOD,FOOD,AMBIENCE|FOOD|FOOD,best|shrimp|dish
458,466,"the freshest, best variety, and the fastest delivery.",SERVICE,VALUE,VALUE,best
459,467,the service was excellent and the food was delicious.,SERVICE|FOOD,FOOD,AMBIENCE|FOOD|SERVICE|VALUE,delicious|food|service|excellent
460,468,"we are very particular about sushi and were both please with every choice which included: ceviche mix (special), crab dumplings, assorted sashimi, sushi and rolls, two types of sake, and the banana tempura.",FOOD|FOOD|FOOD|FOOD|FOOD|FOOD|FOOD|FOOD,FOOD,FOOD|FOOD|FOOD|FOOD,choice|sushi|special
461,469,"average to good thai food, but terrible delivery.",FOOD|SERVICE,FOOD,VALUE|FOOD|VALUE|FOOD,good|food|terrible|thai
462,470,"the food arrived 20 minutes after i called, cold and soggy.",FOOD,FOOD,FOOD,food
463,471,an excellent service,SERVICE,VALUE,SERVICE|VALUE,service|excellent
464,472,we were greeted promptly by the waiter who was very nice and cordial.,SERVICE,AMBIENCE,VALUE|VALUE|AMBIENCE,nice|prompt|wait
465,473,she was very helpful in suggesting us drinks and helped us in ordering a lot of good dishes since we knew nothing about indian food.,FOOD,FOOD,FOOD|FOOD|VALUE|FOOD,good|food|thing|dish
466,474,the food looked very appetizing and delicious since it came on a variety of fancy plates.,FOOD,FOOD,FOOD|FOOD,delicious|food
467,475,we ended our great experience by having gulab jamun (dessert) recommended by the waiter.,FOOD,VALUE,VALUE|AMBIENCE|SERVICE,recommend|great|wait
468,476,"service here was great, food was fantastic.",SERVICE|FOOD,FOOD,FOOD|VALUE|SERVICE,food|great|service
469,477,"guacamole+shrimp appetizer was really great, we both had the filet, very good, didn't much like the frites that came with, but the filet was so good, neither of us cared.",FOOD|FOOD|FOOD,FOOD,FOOD|VALUE|FOOD|AMBIENCE|FOOD|AMBIENCE,good|really|great|like|shrimp
470,478,"the food is outstanding and the service is quick, friendly and very professional.",FOOD|SERVICE,FOOD,FOOD|SERVICE|AMBIENCE|VALUE,food|service|friendly|quick
471,479,"by far, the best pizza in manhattan.",FOOD,FOOD,VALUE|FOOD,best|pizza
472,480,"the crust is thin, the ingredients are fresh and the staff is friendly.",FOOD|SERVICE|FOOD,FOOD,VALUE|VALUE|FOOD,friendly|staff|ingredient
473,481,the menu has so many fish items and oysters.,FOOD,FOOD,FOOD,fish
474,482,"the fish was really,really fresh.",FOOD,FOOD,FOOD|FOOD,really|fish
475,483,all of the pizzas are terrific and the price is even better!,FOOD,VALUE,VALUE|VALUE|FOOD|AMBIENCE|VALUE,rice|price|pizza|better|even
476,484,i highly recommend the sophia pizza.,FOOD,FOOD,VALUE|FOOD|VALUE,recommend|pizza|high
477,485,the food was mediocre at best but it was the horrible service that made me vow never to go back.,FOOD|SERVICE,FOOD,FOOD|SERVICE|VALUE|AMBIENCE|VALUE,food|service|best|made|never
478,486,"for the people who want great food plus great service, roxy is a place to avoid!",FOOD|SERVICE,FOOD,FOOD|FOOD|AMBIENCE|SERVICE|AMBIENCE,food|great|service|place
479,487,"the first time the sushi was outstanding, the second time it was a little bland.",FOOD|FOOD,FOOD,VALUE|VALUE|FOOD|VALUE,time|sushi|little
480,488,"the blond wood decor is very soothing, the premium sake is excellent and the service is great.",AMBIENCE|FOOD|SERVICE,VALUE,VALUE|SERVICE|VALUE|AMBIENCE|VALUE,great|service|excellent|decor|thing
481,489,"while their kitchen food is delicious, their sushi is out of this world.",FOOD|FOOD,FOOD,FOOD|FOOD|FOOD,delicious|food|sushi
482,490,mizu is home to creative and unique rolls not to found anywhere else.,FOOD,,,
483,491,"not only is the cuisine the best around, the service has always been attentive and charming.",FOOD|SERVICE,VALUE,SERVICE|VALUE|VALUE|VALUE,service|best|attentive|always
484,492,"thalia is a beautiful restaurant with beautiful people serving you, but the food doesn't quite match up.",SERVICE|FOOD|AMBIENCE,FOOD,FOOD|AMBIENCE,food|restaurant
485,493,i ordered the smoked salmon and roe appetizer and it was off flavor.,FOOD,,,
486,494,"the entree was bland and small, dessert was not inspired.",FOOD|FOOD|FOOD,FOOD,FOOD,small
487,495,i expected quite a bit more from such an expensive menu.,FOOD|FOOD,,,
488,496,"the view is spectacular, and the food is great.",AMBIENCE|FOOD,FOOD,FOOD|AMBIENCE|VALUE,food|great|view
489,497,authentic taiwanese food that's cheap... what more could you ask for?,FOOD|FOOD,FOOD,FOOD,food
490,498,the cold appetizer dishes taste like the way i remember them to taste when i was growing up in taiwan.,FOOD,FOOD,FOOD|FOOD,like|dish
491,499,delicious simple food in nice outdoor atmosphere.,FOOD|FOOD|AMBIENCE,FOOD,AMBIENCE|FOOD|FOOD|AMBIENCE,atmosphere|delicious|food|nice
492,500,"kind, attentive wait staff.",SERVICE,SERVICE,VALUE|SERVICE|VALUE,attentive|staff|wait
493,501,i really like both the scallops and the mahi mahi (on saffron risotto-yum!).,FOOD|FOOD,FOOD,FOOD|FOOD|FOOD|FOOD,really|like|mahi
494,502,delicious crab cakes too.,FOOD,FOOD,FOOD,delicious
495,503,"even if the food wasn't this good, the garden is a great place to sit outside and relax.",AMBIENCE|FOOD,FOOD,AMBIENCE|FOOD|AMBIENCE|AMBIENCE|VALUE,good|food|great|place|even
496,504,"their calzones are horrific, bad, vomit-inducing, yuck.",FOOD,,,
497,505,the counter service is bad.,SERVICE,SERVICE,SERVICE,service
498,506,"the dosas are skimpy, unattractive and drip with grease, and personally i'd drink popcorn topping before i'd eat another one of these.",FOOD|FOOD,,,
499,507,"the sandwiches are dry, tasteless and way overpriced.",FOOD|FOOD,VALUE,VALUE|VALUE,rice|price
500,508,"the atmosphere is unheralded, the service impecible, and the food magnificant.",AMBIENCE|SERVICE|FOOD,FOOD,AMBIENCE|FOOD|SERVICE,atmosphere|food|service
501,509,"best italian food i ever had (and being italian, that means alot).",FOOD,FOOD,FOOD|AMBIENCE|FOOD|AMBIENCE,food|best|italian
502,510,"this is such a lovely, peaceful place to eat outside.",AMBIENCE,AMBIENCE,AMBIENCE,place
503,511,the restaurant looks out over beautiful green lawns to the hudson river and the statue of liberty.,AMBIENCE,AMBIENCE,AMBIENCE|AMBIENCE,restaurant|green
504,512,"the food is good, especially their more basic dishes, and the drinks are delicious.",FOOD|FOOD|FOOD,FOOD,FOOD|AMBIENCE|FOOD|FOOD|FOOD,good|delicious|food|dish|special
505,513,"this is a great place to take out-of-towners, and perfect for watching the sunset.",AMBIENCE,AMBIENCE,AMBIENCE|AMBIENCE,great|place
506,514,great sushi experience.,FOOD,FOOD,AMBIENCE|FOOD,great|sushi
507,515,unique apppetizers.,FOOD,,,
508,516,"good spreads, great beverage selections and bagels really tasty.",FOOD|FOOD|FOOD,VALUE,FOOD|VALUE|VALUE,good|really|great
509,517,the service is awful.,SERVICE,SERVICE,SERVICE,service
510,518,i will be out with friends and all of a sudden i am hungry and i only crave one thing... their pizza.,FOOD,AMBIENCE,AMBIENCE|VALUE,pizza|thing
511,519,the pizza is delicious and the proprietor is one of the nicest in nyc.,FOOD|SERVICE,FOOD,FOOD|VALUE|FOOD,delicious|nice|pizza
512,520,the cream cheeses are out of this world and i love that coffee!!,FOOD|FOOD,FOOD,FOOD,cheese
513,521,the turkey burgers are scary!,FOOD,FOOD,FOOD,burger
514,522,the sushi was awful!,FOOD,FOOD,FOOD,sushi
515,523,the rice was poor quality and was cooked so badly it was hard.,FOOD,FOOD,FOOD|FOOD|FOOD,rice|quality|poor
516,524,"furthermore, the rice had no seasoning, so the sushi was bland and disgusting.",FOOD|FOOD,FOOD,FOOD|FOOD,rice|sushi
517,525,"the fish was adequate, but inexpertly sliced.",FOOD,FOOD,FOOD,fish
518,526,"good, fast service.",SERVICE,SERVICE,VALUE|SERVICE,good|service
519,527,food is great and inexpensive.,FOOD|FOOD,FOOD,FOOD|VALUE,food|great
520,528,the location is perfect.,AMBIENCE,,,
521,529,"well, this place is so ghetto its not even funny.",AMBIENCE,VALUE,VALUE|VALUE|VALUE,place|even|well
522,530,if you like your music blasted and the system isnt that great and if you want to pay at least 100 dollar bottle minimun then you'll love it here.,FOOD|AMBIENCE,VALUE,VALUE|VALUE,great|like
523,531,awsome pizza especially the margheritta slice.,FOOD|FOOD,FOOD,FOOD|FOOD,pizza|special
524,532,great atmoshere and worth every bit.,AMBIENCE,AMBIENCE,AMBIENCE,great
525,533,winnie and her staff are the best crew you can find serving you.,SERVICE|SERVICE,VALUE,VALUE|SERVICE,best|staff
526,534,the food is reliable and the price is moderate.,FOOD,VALUE,VALUE|FOOD|VALUE|VALUE|VALUE,rice|food|price|moderate|reliable
527,535,"for authentic thai food, look no further than toons.",FOOD,FOOD,FOOD|FOOD,food|thai
528,536,"try the pad thai, or sample anything on the appetizer menu...they're all delicious.",FOOD|FOOD,FOOD,FOOD|FOOD|AMBIENCE,delicious|thing|thai
529,537,"the service was attentive, yet discreet.",SERVICE,SERVICE,SERVICE|VALUE,service|attentive
530,538,the brioche and lollies as party favors is a cute and sweet touch to a most memorable meal.,FOOD,FOOD,FOOD|FOOD,sweet|meal
531,539,the place was quiet and delightful.,AMBIENCE,AMBIENCE,AMBIENCE,place
532,540,service was not good and food is not wonderful.,SERVICE|FOOD,FOOD,VALUE|FOOD|SERVICE,good|food|service
533,541,i did not try the caviar but i tried their salmon and crab salad (they are all good),FOOD|FOOD,FOOD,FOOD|FOOD,good|salad
534,542,"the wait staff is pleasant, fun, and for the most part gorgeous (in the wonderful aesthetic beautification way, not in that she's-way-cuter-than-me-that-b@#$* way).",SERVICE,VALUE,SERVICE|VALUE,staff|wait
535,543,"the food is yummy, especially their cooked-to-perfection mussels in spicy tomato sauce and their shoestring crispy fries.",FOOD|FOOD|FOOD,FOOD,FOOD|FOOD,food|special
536,544,"but the best part about ls is the late night atmosphere, delightfully free of the bts.",AMBIENCE,VALUE,AMBIENCE|VALUE,atmosphere|best
537,545,"you can get a completely delish martini in a glass (that's about 2 1/2 drinks) for $8.50 (i recommend the vanilla shanty, mmmm!) in a great homey setting with great music.",FOOD|FOOD|FOOD|FOOD|AMBIENCE|AMBIENCE,AMBIENCE,AMBIENCE|AMBIENCE|AMBIENCE,recommend|great
538,546,"the in-house lady dj on saturday nights has outrageously good taste in music, and moreover, takes requests.",AMBIENCE,VALUE,VALUE,good
539,547,i love their thai,FOOD,AMBIENCE,AMBIENCE,thai
540,548,in summer-eat outside on a terrace (another great feature of suan)!!!,AMBIENCE,AMBIENCE,AMBIENCE,great
541,549,i cannot imagine a friendlier staff working in a restaurant.,SERVICE,AMBIENCE,AMBIENCE|SERVICE,restaurant|staff
542,550,i cannot imagine better indian food in all of the city.,FOOD,FOOD,FOOD|VALUE,food|better
543,551,the food now is inconsistent.,FOOD,FOOD,FOOD,food
544,552,the setting is casual and romantic.,AMBIENCE,AMBIENCE,AMBIENCE,casual
545,553,the food is excellent!,FOOD,FOOD,FOOD|AMBIENCE,food|excellent
546,554,"if you're daring, try the balsamic vinegar over icecream, it's wonderful!",FOOD,,,
547,555,"the wait here is long for dim sum, but if you don't like sharing tables or if the typical raucous dim sum atmosphere is not your gig, this is a sleek (for chinatown) alternative.",SERVICE|AMBIENCE,VALUE,AMBIENCE|VALUE|VALUE,atmosphere|like|wait
548,557,the food was exceptional.,FOOD,FOOD,FOOD,food
549,558,"i choose to go with one of the special, the braised lamb shank in red wine, which was excellent.",FOOD,AMBIENCE,VALUE|FOOD,excellent|special
550,560,the restaurant is a bit noisy but that is something that can be overlooked once you sit down and enjoy a great meal,FOOD|AMBIENCE,AMBIENCE,AMBIENCE|AMBIENCE|VALUE|FOOD,great|restaurant|thing|meal
551,561,"the pad se ew chicken was delicious, however the pad thai was far too oily.",FOOD|FOOD,FOOD,FOOD|AMBIENCE|FOOD,delicious|oily|thai
552,562,the fried dumplings are great!,FOOD,FOOD,FOOD,great
553,563,this place would be so much better served by being run by a group that actually understands customer service.,SERVICE,VALUE,SERVICE|VALUE|VALUE|VALUE,service|place|better|would
554,564,"terrible, terrible management - deserves to be shut-down.",SERVICE,VALUE,VALUE|VALUE,terrible
555,565,"delicious bagels, especially when right out of the oven.",FOOD,FOOD,FOOD|FOOD,delicious|special
556,566,spreads and toppings are great - though a bit pricey.,FOOD|FOOD|FOOD|FOOD,VALUE,VALUE|VALUE|VALUE,rice|great|price
557,567,service is fast and friendly.,SERVICE,SERVICE,SERVICE|SERVICE,service|friendly
558,568,"the food is decent at best, and the ambience, well, it's a matter of opinion, some may consider it to be a sweet thing, i thought it was just annoying.",FOOD|AMBIENCE,FOOD,FOOD|VALUE|FOOD|VALUE|VALUE,food|best|sweet|thing|well
559,570,this place has the the correct ambience and an excellent staff to make you feel like a guest and a friend at the same time.,AMBIENCE|SERVICE,VALUE,AMBIENCE|VALUE|AMBIENCE|VALUE|SERVICE,place|time|excellent|like|staff
560,571,"great food, great prices, great service.",FOOD|SERVICE,VALUE,VALUE|FOOD|AMBIENCE|VALUE|VALUE|SERVICE|VALUE,rice|food|great|service|price
561,572,"if you are looking for a good quality, cheap eats - this is the place.",FOOD|FOOD,VALUE,VALUE|AMBIENCE|VALUE,good|place|quality
562,573,it's a perfect place to have a amanzing indian food.,FOOD,FOOD,FOOD|AMBIENCE,food|place
563,574,"also it's great to have dinner in a very romantic and comfortable place, the service it's just perfect...they're so frendly that we never want to live the place!",AMBIENCE|SERVICE,VALUE,AMBIENCE|SERVICE|AMBIENCE|AMBIENCE|VALUE|VALUE,great|service|place|never|also
564,575,"their bagels are fine, but they are a little overcooked, and not really a 'special' bagel experience.",FOOD,FOOD,FOOD|FOOD|FOOD,really|little|special
565,576,great bagels made the old-fashioned way.,FOOD|FOOD,FOOD,FOOD|FOOD,great|made
566,577,drawbacks: service is slow and they don't toast!,SERVICE,SERVICE,SERVICE,service
567,578,the food was absolutely amazing!!,FOOD,FOOD,FOOD|VALUE,food|absolutely
568,579,the baked clams octopus we shared as appetizers were the best we've ever had!!,FOOD,VALUE,VALUE,best
569,580,"the lamb was tender so full of flavor, the dessert was divine!!",FOOD|FOOD,,,
570,581,the waiter was attentive.,SERVICE,AMBIENCE,VALUE|AMBIENCE,attentive|wait
571,582,the place itself is beautiful the bar scene seems to be happening.,AMBIENCE|AMBIENCE,AMBIENCE,AMBIENCE,place
572,584,"small servings for main entree, i had salmon (wasnt impressed) girlfriend had chicken, it was good.",FOOD|FOOD|FOOD,VALUE,VALUE|FOOD,good|small
573,585,dessert is a joke...dont bother,FOOD,,,
574,586,"volare virgins or weekly regulars, everyone gets treated the same and you can't ask for more than that when the service is this friendly.",SERVICE,SERVICE,SERVICE|SERVICE,service|friendly
575,587,"the restaurant has a family feel, not least with regard to the portions which are enormous; the veal alone could have single-handedly solved third world famine.",AMBIENCE|FOOD|FOOD,FOOD,AMBIENCE|FOOD|FOOD,restaurant|family|portion
576,588,"the anti-pasta was excellent, especially the calamari, as were the filling pasta mains.",FOOD|FOOD|FOOD|FOOD,FOOD,FOOD|FOOD,excellent|special
577,589,the wine list is extensive and can easily hike up an otherwise reasonably priced meal.,FOOD|FOOD,FOOD,VALUE|VALUE|FOOD|FOOD,rice|price|reasonably|meal
578,590,"great food, great decor, great service.",FOOD|AMBIENCE|SERVICE,AMBIENCE,FOOD|AMBIENCE|VALUE|VALUE|SERVICE|VALUE,food|great|service|decor
579,591,not the typical nyc gimmick theme restaurant.,AMBIENCE,AMBIENCE,AMBIENCE,restaurant
580,592,"a cool bar with great food, and tons of excellent beer.",AMBIENCE|FOOD|FOOD|FOOD,FOOD,FOOD|FOOD|FOOD|AMBIENCE,food|great|excellent|cool
581,593,the shrimp scampi was excellent and the antipasti were plentiful.,FOOD|FOOD,FOOD,FOOD|VALUE|FOOD,excellent|plentiful|shrimp
582,594,the only thing more wonderful than the food (which is exceptional) is the service.,FOOD|SERVICE,FOOD,FOOD|SERVICE|VALUE,food|service|thing
583,596,cozy romantic atomosphere with only around 15 tables at most.,AMBIENCE,,,
584,597,service was very prompt but slightly rushed.,SERVICE,SERVICE,SERVICE|VALUE,service|prompt
585,598,too bad the food wasn't of the same heritage.,FOOD,FOOD,FOOD,food
586,599,"the porcini mushroom pasta special was tasteless, so was the seafood tagliatelle.",FOOD|FOOD,FOOD,FOOD|FOOD,food|special
587,600,this place has the best chinese style bbq ribs in the city.,FOOD|FOOD,AMBIENCE,AMBIENCE|AMBIENCE,place|best
588,601,i also recommend the rice dishes or the different varieties of congee (rice porridge).,FOOD|FOOD,FOOD,VALUE|FOOD|VALUE|FOOD|VALUE|FOOD,recommend|rice|dish|also|different
589,603,quick and friendly service.,SERVICE,SERVICE,SERVICE|SERVICE|SERVICE,service|friendly|quick
590,604,"when you're sitting in their main dining room (which has a spectacular, hand-painted high ceiling) you'd never know there was a world outside.",AMBIENCE|AMBIENCE,VALUE,VALUE|AMBIENCE|AMBIENCE,never|high|sitting
591,605,"the food is wonderful, tasty and filling, and the service is professional and friendly.",FOOD|FOOD|SERVICE,FOOD,FOOD|SERVICE|SERVICE,food|service|friendly
592,606,"i can't wait for summer, when they serve outside on their gigantic patio.",AMBIENCE,VALUE,VALUE,wait
593,607,the service was fast and friendly and the food was very tasty and they had the best hot sauce to add to your meals.,SERVICE|FOOD|FOOD,FOOD,FOOD|SERVICE|FOOD|FOOD|FOOD,food|service|best|friendly|meal
594,608,good food.,FOOD,FOOD,FOOD|FOOD,good|food
595,609,i have never had cheescake like this.,FOOD,VALUE,VALUE|VALUE,like|never
596,610,warm and friendly in the winter and terrific outdoor seating in the warmer months.,AMBIENCE,AMBIENCE,AMBIENCE,friendly
597,611,the food is great and they have a good selecion of wines at reasonable prices.,FOOD|FOOD|FOOD,FOOD,FOOD|VALUE|FOOD|FOOD|VALUE,good|rice|food|great|price
598,612,"while the ambiance and atmosphere were great, the food and service could have been a lot better.",AMBIENCE|AMBIENCE|FOOD|SERVICE,AMBIENCE,AMBIENCE|FOOD|AMBIENCE|SERVICE|VALUE,atmosphere|food|great|service|better
599,613,"i've been to sapphire twice and both times the food was fine, if not good.",FOOD,FOOD,VALUE|FOOD|VALUE,good|food|time
600,614,"service is friendly, and never had a problem walking in and getting a table.",SERVICE,SERVICE,SERVICE|SERVICE|VALUE,service|friendly|never
601,615,best reuben sandwich ever!,FOOD,FOOD,FOOD,best
602,616,"the food was not fresh, the sauces were bland and very oily.",FOOD|FOOD,FOOD,AMBIENCE|FOOD,oily|food
603,617,pizza was a little soggy.,FOOD,FOOD,FOOD|VALUE,pizza|little
604,618,ravioli was good...but i have to say that i found everything a bit overpriced.,FOOD,VALUE,AMBIENCE|VALUE|VALUE|VALUE|VALUE,good|rice|price|everything|thing
605,619,"service, however, was excellent...and i liked the setting/atmosphere a lot.",SERVICE|AMBIENCE,VALUE,AMBIENCE|SERVICE|SERVICE|VALUE,atmosphere|service|excellent|like
606,620,authentic pakistani food.,FOOD,FOOD,FOOD,food
607,621,people are always friendly.,SERVICE,VALUE,VALUE|VALUE,friendly|always
608,622,"just straight up cheap, good food.",FOOD|FOOD,FOOD,FOOD|FOOD,good|food
609,623,the best pad thai i've ever had.,FOOD,VALUE,VALUE|AMBIENCE,best|thai
610,624,the design and atmosphere is just as good.,AMBIENCE|AMBIENCE,VALUE,VALUE|VALUE,atmosphere|good
611,625,the food was actually aweful.,FOOD,FOOD,FOOD,food
612,626,"the mussles were the fishiest things i've ever tasted, the seabass was bland, the goat cheese salad was missing the goat cheese, the penne w/ chicken had bones in it... it was disgusting.",FOOD|FOOD|FOOD|FOOD,FOOD,FOOD|FOOD|FOOD|FOOD|FOOD|FOOD|FOOD|FOOD,cheese|goat|tasted|thing|fish|salad
613,627,"nice atmosphere, the service was very pleasant and the desert was good.",AMBIENCE|SERVICE|FOOD,AMBIENCE,AMBIENCE|VALUE|SERVICE|AMBIENCE,atmosphere|good|service|nice
614,628,"the food is amazing, rich pastas and fresh doughy pizza.",FOOD|FOOD|FOOD,FOOD,FOOD|AMBIENCE,food|pizza
615,629,"best of all is the warm vibe, the owner is super friendly and service is fast.",AMBIENCE|SERVICE|SERVICE,VALUE,SERVICE|VALUE|FOOD,service|best|friendly
616,630,"ask for usha, the nicest bartender in manhattan.",SERVICE,VALUE,VALUE,nice
617,631,this is an amazing place to try some roti rolls.,FOOD,AMBIENCE,AMBIENCE,place
618,632,i really recommend the very simple unda (egg) rolls.,FOOD,VALUE,VALUE|VALUE,really|recommend
619,633,"delicate spices, onions, eggs and a kick-ass roti.",FOOD|FOOD|FOOD|FOOD,,,
620,634,"toons has recently been redone, so it's now a very attractive space.",AMBIENCE,,,
621,635,the food's as good as ever.,FOOD,FOOD,FOOD|FOOD,good|food
622,636,"in an area sadly lacking in decent thai food, this is one of the best spots.",FOOD,FOOD,FOOD|AMBIENCE|FOOD,food|best|thai
623,637,"went here last night - nice decor, good service, but the food was surprisingly excellent.",AMBIENCE|SERVICE|FOOD,AMBIENCE,VALUE|FOOD|SERVICE|AMBIENCE|VALUE|AMBIENCE,good|food|service|nice|excellent|decor
624,638,best drumsticks over rice and sour spicy soup in town!,FOOD|FOOD,FOOD,FOOD|AMBIENCE,rice|best
625,639,beef noodle soup is good as well.,FOOD,VALUE,FOOD|VALUE,good|well
626,640,the service is good and the resturant is clean.,SERVICE|AMBIENCE,VALUE,VALUE|SERVICE,good|service
627,641,best taiwanese food in ny!,FOOD,FOOD,FOOD|FOOD,food|best
628,642,rao's has the best service and atmosphere in nyc.,SERVICE|AMBIENCE,VALUE,AMBIENCE|SERVICE|VALUE,atmosphere|service|best
629,643,"we recently decided to try this location, and to our delight, they have outdoor seating, perfect since i had my yorkie with me.",AMBIENCE,,,
630,644,indoor was very cozy and cute.,AMBIENCE,,,
631,645,"the portion sizes here are huge, and the sushi is good.",FOOD|FOOD,FOOD,VALUE|FOOD|VALUE,good|sushi|portion
632,646,staff is very accomodating.,SERVICE,SERVICE,SERVICE,staff
633,647,"excellent dumplings served amid clean, chic decor.",FOOD|AMBIENCE,AMBIENCE,AMBIENCE|AMBIENCE,excellent|decor
634,648,"i got the $10 10-piece dim sum combo, every bite of which was great.",FOOD,VALUE,VALUE,great
635,649,the decor is very simple but comfortable.,AMBIENCE,AMBIENCE,AMBIENCE,decor
636,650,the food was delicious but do not come here on a empty stomach.,FOOD|FOOD,FOOD,FOOD|FOOD,delicious|food
637,651,the portions are small but being that the food was so good makes up for that.,FOOD|FOOD,FOOD,VALUE|FOOD|VALUE|FOOD,good|food|small|portion
638,652,the staff there is very attentive and down to earth.,SERVICE,VALUE,VALUE|VALUE,attentive|staff
639,653,great indian food and the service is incredible.,FOOD|SERVICE,FOOD,FOOD|FOOD|SERVICE,food|great|service
640,654,great food and the prices are very reasonable.,FOOD,VALUE,VALUE|FOOD|FOOD|VALUE,rice|food|great|price
641,655,the food here does a great service to the name (cantonese that is...).,FOOD,FOOD,FOOD|VALUE|SERVICE,food|great|service
642,656,i fell in love with the egg noodles in the beef broth with shrimp dumplings and slices of bbq roast pork.,FOOD,FOOD,FOOD,shrimp
643,657,this dish is my favorite and i always get it when i go there and never get tired of it.,FOOD,FOOD,VALUE|FOOD|FOOD,never|dish|always
644,658,"try the congee and the donut like deep fried dough they call ow ley soh, a delicious and sweet tasting bread.",FOOD|FOOD,FOOD,FOOD|FOOD|FOOD,delicious|like|sweet
645,659,simply some good tasting chinese food at incredible prices...,FOOD|FOOD,FOOD,VALUE|VALUE|FOOD|VALUE,good|rice|food|price
646,660,"good music, great food, speedy service affordable prices.",AMBIENCE|FOOD|SERVICE,VALUE,VALUE|VALUE|FOOD|VALUE|SERVICE|VALUE,good|rice|food|great|service|price
647,661,consistently good japanese tapas.,FOOD,VALUE,VALUE,good
648,662,always good drinks and service is pretty good;,FOOD|SERVICE,VALUE,VALUE|VALUE|SERVICE|VALUE,good|service|always
649,663,atmosphere is nice and relaxed too...,AMBIENCE,AMBIENCE,AMBIENCE|AMBIENCE|AMBIENCE,atmosphere|relaxed|nice
650,664,yakitori (bbq meats) is tasty too.,FOOD,,,
651,665,we were seated outside and the waiter spilled red wine and hot tea on myself and my date.,SERVICE,AMBIENCE,AMBIENCE,wait
652,666,"one would think we'd get an apology or complimentary drinks - instead, we got a snobby waiter wouldn't even take our order for 15 minutes and gave us lip when we asked him to do so.",SERVICE,VALUE,VALUE|VALUE|VALUE|VALUE|AMBIENCE,asked|even|would|wait
653,667,"with so many good restaurants on the uws, i don't need overpriced food, absurdly arrogant wait-staff who don't recognize they work at a glorified diner, clumsy service, and management that doesn't care.",FOOD|SERVICE|SERVICE|SERVICE,AMBIENCE,VALUE|FOOD|FOOD|SERVICE|FOOD|AMBIENCE|AMBIENCE|AMBIENCE,good|rice|food|service|price|restaurant|staff|wait
654,668,i am relatively new to the area and tried pick a bgel on 2nd and was disappointed with the service and i thought the food was overated and on the pricey side.,SERVICE|FOOD|FOOD,VALUE,VALUE|FOOD|SERVICE|VALUE,rice|food|service|price
655,669,the only problem is that the manager is a complete incompetent.,SERVICE,VALUE,VALUE,manager
656,670,he offers subpar service and has no personality.,SERVICE,SERVICE,SERVICE,service
657,671,there is no excuse for such lousy service!,SERVICE,VALUE,VALUE,service
658,672,"most of the servers are very attentive, friendly and quite attractive.",SERVICE,VALUE,VALUE|SERVICE|VALUE,friendly|attentive|server
659,673,"the vibe is very relaxed and cozy, service was great and the food was excellent!",AMBIENCE|SERVICE|FOOD,FOOD,AMBIENCE|FOOD|AMBIENCE|AMBIENCE|AMBIENCE,relaxed|food|great|service|excellent
660,674,food was good and the view of the new york city skiline was terrific even on a foggy rainy day like that of when i went.,FOOD|AMBIENCE,VALUE,VALUE|FOOD|VALUE|AMBIENCE|VALUE,good|food|like|view|even
661,675,i would highly recommend requesting a table by the window.,AMBIENCE,VALUE,VALUE|VALUE|VALUE,recommend|high|would
662,676,although they do the typical what kind of water would you like questions the service was good and overall very relaxing to place to eat.,SERVICE|AMBIENCE,VALUE,VALUE|SERVICE|AMBIENCE|VALUE|VALUE,good|service|place|like|would
663,677,the food is great.,FOOD,FOOD,FOOD|VALUE,food|great
664,678,personal pans are the perfect size for those hungry nights.,FOOD,,,
665,679,there is a downside if you're ordering in -- the delivery guys have major attitude.,SERVICE,,,
666,680,never have i had such dramatic delivery guys (a lot of huffing and panting and muttering under breath b/c i live in a walkup) who always seem disappointed with their tips.,SERVICE,VALUE,VALUE|VALUE,never|always
667,681,"love the scene first off- the place has a character and nice light to it..very fortunate, location wise.",AMBIENCE|AMBIENCE|AMBIENCE,AMBIENCE,AMBIENCE|AMBIENCE,place|nice
668,682,the pizza was pretty good and huge.,FOOD|FOOD,FOOD,VALUE|FOOD,good|pizza
669,683,we were 4 and got the family size penne a la vodka which was tremendously gigantic portion...a bucket of food literally.,FOOD,FOOD,FOOD|FOOD|AMBIENCE,food|family|portion
670,684,"the pasta penne was pretty extra buttery, creamy which means a big task to diggest.. tasty at first but i would say that i was full with a slice of pizza and 7 to count, penne...got a little moody afterwards cause was stuffed...lol",FOOD|FOOD,FOOD,FOOD|VALUE|VALUE,pizza|little|would
671,685,"interesting selection, good wines, service fine, fun decor.",FOOD|SERVICE|AMBIENCE|FOOD,AMBIENCE,VALUE|SERVICE|AMBIENCE,good|service|decor
672,686,i recieved prompt service with a smile.,SERVICE,SERVICE,SERVICE|SERVICE,service|prompt
673,687,love the atmosphere - felt like i was in paris.,AMBIENCE,VALUE,AMBIENCE|VALUE,atmosphere|like
674,688,the mussels were fantastic and so was the dessert...definitely going to be back very soon.,FOOD|FOOD,VALUE,VALUE,going
675,689,i have been coming here for years and have nothing but good things to say about the service and the great staff at la lanterna.,SERVICE|SERVICE,VALUE,VALUE|VALUE|SERVICE|VALUE|VALUE|SERVICE,good|great|service|thing|staff
676,690,"over the years the host, vittorio, and his crew, have always treated me as family--although with all the business this not-so-little gem does, it amazing he's even able to remember a consistent but not-so-frequent visitor.",SERVICE|SERVICE,VALUE,AMBIENCE|VALUE|VALUE|VALUE,family|little|even|always
677,691,"i've also been amazed at all the new additions in the past few years: a new jazz bar, the most fantastic dining garden, the best thin crust pizzas, and now a lasagna menu which is to die for (these are not your average lasagnas)!",AMBIENCE|AMBIENCE|FOOD|FOOD,AMBIENCE,AMBIENCE|FOOD|VALUE,best|pizza|also
678,692,i have to say i have never had a disappointing meal here.,FOOD,FOOD,FOOD|VALUE,meal|never
679,693,we could have made a meal of the yummy dumplings from the dumpling menu.,FOOD,FOOD,FOOD|FOOD,meal|made
680,694,nice view of river and nyc.,AMBIENCE,VALUE,AMBIENCE|VALUE,nice|view
681,695,very reliable place to eat,AMBIENCE,VALUE,AMBIENCE|VALUE,place|reliable
682,696,perfect location for those traveling in/out of the city by auto or bus,AMBIENCE,,,
683,697,"the 8th ave location was very convenient and while busy, wasn't packed",AMBIENCE,,,
684,698,the location in the heart of manhattan adjacent to the port authority makes this an easy spot to grab a bite to eat,AMBIENCE,,,
685,699,nice environment with a wide choice of beers,AMBIENCE,FOOD,AMBIENCE|VALUE,nice|choice
686,700,it's in a great location with windows that open out onto the pavement in nice weather.,AMBIENCE,VALUE,VALUE|VALUE,great|nice
687,701,"location is convienient to businesses, hotels and theaters",AMBIENCE,,,
688,702,lovely atmosphere,AMBIENCE,AMBIENCE,AMBIENCE,atmosphere
689,703,boucherie is our new favorite neighborhood spot.,AMBIENCE,,,
690,704,this small place has an amazing atmosphere of energy and yet intimacy,AMBIENCE,AMBIENCE,AMBIENCE|AMBIENCE|AMBIENCE,atmosphere|place|small
691,705,nice and trendy place with a great atmosphere,AMBIENCE,AMBIENCE,AMBIENCE|AMBIENCE|AMBIENCE|AMBIENCE,atmosphere|great|place|nice
692,706,this is probably the worst place in total experience value in new york city,AMBIENCE,VALUE,VALUE|VALUE,place|value
693,707,this is a fantastic place to eat!,AMBIENCE,AMBIENCE,AMBIENCE,place
694,708,the atmosphere was amazing!,AMBIENCE,FOOD,FOOD,atmosphere
695,709,the atmosphere was amazing!,AMBIENCE,FOOD,FOOD,atmosphere
696,710,it's a very warm and cozy atmosphere with a trendy style.,AMBIENCE,AMBIENCE,AMBIENCE,atmosphere
697,711,this restaurant has great decor and atmosphere,AMBIENCE,AMBIENCE,AMBIENCE|AMBIENCE|AMBIENCE|AMBIENCE,atmosphere|great|restaurant|decor
698,712,hiding behind two great wooden door is this marvelous gem of a restaurant,AMBIENCE,AMBIENCE,AMBIENCE|AMBIENCE,great|restaurant
