,id,review,target,category,term,polarity
0,1004293:1,"We, there were four of us, arrived at noon - the place was empty - and the staff acted like we were imposing on them and they were very rude.",staff,SERVICE,|place,negative
1,1004293:3,The food was lousy - too sweet or too salty and the portions tiny.,"food,portions","FOOD,FOOD",food|portions,"negative,negative"
2,1014458:0,"I have eaten at Saul, many times, the food is always consistently, outrageously good.",food,FOOD,food,positive
3,1014458:2,The duck confit is always amazing and the foie gras terrine with figs was out of this world.,"foie gras terrine with figs,duck confit","FOOD,FOOD",confit|duck,"positive,positive"
4,1014458:3,The wine list is interesting and has many good values.,"wine list,wine list","FOOD,PRICES",list|wine|values,"positive,positive"
5,1016296:1,Ive asked a cart attendant for a lotus leaf wrapped rice and she replied back rice and just walked away.,cart attendant,SERVICE,cart|attendant|lotus|leaf|rice|rice,negative
6,1016296:4,Chow fun was dry; pork shu mai was more than usually greasy and had to share a table with loud and rude family. ,"Chow fun,pork shu mai,NULL","FOOD,FOOD",mai|pork|fun|chow|family|shu,"negative,negative,negative"
7,1028246:1,"Service was devine, oysters where a sensual as they come, and the price can't be beat!!!","Service,oysters,NULL","SERVICE,FOOD,PRICES",|price,"positive,positive,positive"
8,1032695:1,"Everything is always cooked to perfection, the service is excellent, the decor cool and understated.","NULL,service,decor","FOOD,SERVICE,AMBIENCE",service|perfection,"positive,positive,positive"
9,1032695:2,I had the duck breast special on my last visit and it was incredible.,duck breast special,FOOD,|visit,positive
10,1041457:2,"The food is very average...the Thai fusion stuff is a bit too sweet, every thing they serve is too sweet here.","food,Thai fusion stuff,NULL","FOOD,FOOD,FOOD",bit|stuff|food|fusion,"negative,negative,negative"
11,1041457:3,The only thing I moderately enjoyed was their Grilled Chicken special with Edamame Puree.,Grilled Chicken special with Edamame Puree,FOOD,|chicken|puree,positive
12,1041457:4,I had never had Edamame pureed before but I thought it was innovative and tasty (could've used a bit more salt).,"Edamame pureed,Edamame pureed","FOOD,FOOD",|salt|bit,"positive,positive"
13,1041457:6,"The decor is night tho...but they REALLY need to clean that vent in the ceiling...its quite un-appetizing, and kills your effort to make this place look sleek and modern.","place,decor,vent","AMBIENCE,AMBIENCE,AMBIENCE",effort|tho,"negative,positive,negative"
14,1053543:2,"Their sake list was extensive, but we were looking for Purple Haze, which wasn't listed but made for us upon request!","sake list,NULL","FOOD,SERVICE",|list|sake,"positive,positive"
15,1053543:3,"The spicy tuna roll was unusually good and the rock shrimp tempura was awesome, great appetizer to share!","spicy tuna roll,rock shrimp tempura","FOOD,FOOD",roll|spicy|tempura|tuna|appetizer|rock|shrimp,"positive,positive"
16,1053543:4,We went around 9:30 on a Friday and it had died down a bit by then so the service was great!,service,SERVICE,bit|service,positive
17,1055910:2,Food-awesome.,Food,FOOD,,positive
18,1055910:3,Service- friendly and attentive.,Service,SERVICE,service,positive
19,1055910:4,Ambiance- relaxed and stylish.,Ambiance,AMBIENCE,ambiance,positive
20,1058221:3,"however, it's the service that leaves a bad taste in my mouth.",service,SERVICE,taste|mouth|service,negative
21,1058221:4,"i happen to have a policy that goes along with a little bit of self-respect, which includes not letting a waiter intimidate me, i.e. make me feel bad asking for trivialities like water, or the check.",waiter,SERVICE,waiter|bit|self-respect,negative
22,1062641:2,Food is great.,Food,FOOD,food,positive
23,1062641:3,Service is top notch.,Service,SERVICE,notch|service,positive
24,1064477:0,"I tend to judge a sushi restaurant by its sea urchin, which was heavenly at sushi rose.",sea urchin,FOOD,sushi|restaurant|sea|urchin|sushi,positive
25,1064477:2,The sushi seemed pretty fresh and was adequately proportioned.,"sushi,sushi","FOOD,FOOD",sushi,"positive,positive"
26,1064477:3,The rice to fish ration was also good--they didn't try to overpack the rice.,rice to fish ration,FOOD,rice|ration,positive
27,1064477:4,We took advanatage of the half price sushi deal on saturday so it was well worth it.,"half price sushi deal,half price sushi deal","FOOD,PRICES",advanatage|half|price|sushi|deal,"positive,positive"
28,1074868:4,The food was well prepared and the service impecable.,"food,service","FOOD,SERVICE",|food|impecable,"positive,positive"
29,1084394:3,The Prix Fixe menu is worth every penny and you get more than enough (both in quantity AND quality).,"Prix Fixe menu,Prix Fixe menu,Prix Fixe menu","FOOD,FOOD,PRICES",menu|prix|fixe|penny,"positive,positive,positive"
30,1086415:2,"$6 and there is much tasty food, all of it fresh and continually refilled.","food,food,food","FOOD,FOOD,PRICES",food,"positive,positive,positive"
31,1086415:3,"I am not a vegetarian but, almost all the dishes were great.",dishes,FOOD,dishes,positive
32,1086478:0,"The food here is rather good, but only if you like to wait for it.","food,NULL","FOOD,SERVICE",food,"positive,negative"
33,1086478:1,"I like the somosas, chai, and the chole, but the dhosas and dhal were kinda dissapointing.","somosas,chai,chole,dhosas,dhal","FOOD,FOOD,FOOD,FOOD,FOOD",somosas|chai|chole|dhosas|dhal,"positive,positive,positive,negative,negative"
34,1086478:2,"The service varys from day to day- sometimes they're very nice, and sometimes not.",service,SERVICE,service|varys,negative
35,1086478:3,"The kitchen however, is almost always slow.",kitchen,SERVICE,kitchen,negative
36,1086478:4,"Also, specify if you like your food spicy- its rather bland if you don't.",food,FOOD,|food,negative
37,1086478:5,"The ambience is pretty and nice for conversation, so a casual lunch here would probably be best.","ambience,NULL",AMBIENCE,ambience|lunch|conversation,"positive,positive"
38,1090587:1,If you've ever been along the river in Weehawken you have an idea of the top of view the chart house has to offer.,view,AMBIENCE,river|idea|top|view|chart|house,positive
39,1090587:2,Add to that great service and great food at a reasonable price and you have yourself the beginning of a great evening.,"service,food,food","SERVICE,FOOD,PRICES",service|food|price|beginning,"positive,positive,positive"
40,1090587:3,The lava cake dessert was incredible and I recommend it.,lava cake dessert,FOOD,dessert|lava|cake,positive
41,1102681:0,"Once you step into Cosette, you're miraculously in a small, off-the-beaten path Parisian bistro.",Cosette,AMBIENCE,|bistro|path,positive
42,1102681:1,"This tiny restaurant is as cozy as it gets, with that certain Parisian flair.",restaurant,AMBIENCE,restaurant,positive
43,1102681:2,"The food was average to above-average; the French Onion soup filling yet not overly impressive, and the desserts not brilliant in any way.","food,French Onion soup,French Onion soup,desserts","FOOD,FOOD,FOOD,FOOD",desserts|soup|food|way,"positive,negative,positive,negative"
44,1102681:3,"However, go for the ambience, and consider the food just a companion for a trip across the world!","ambience,food","AMBIENCE,FOOD",ambience|food|companion|trip|world,"positive,neutral"
45,1118167:2,The pizza was delivered cold and the cheese wasn't even fully melted!,"pizza,cheese","FOOD,FOOD",pizza|cheese,"negative,negative"
46,1119578:1,The pizza is overpriced and soggy.,"pizza,pizza","FOOD,PRICES",pizza,"negative,negative"
47,1119578:2,"Yes, they use fancy ingredients, but even fancy ingredients don't make for good pizza unless someone knows how to get the crust right.","ingredients,pizza,crust","FOOD,FOOD,FOOD",ingredients|pizza,"positive,negative,negative"
48,1123262:0,I think I've had some the best meals of my life at minnow.,meals,FOOD,meals|life|minnow,positive
49,1123262:1,"The seafood is amazing, there's a good wine list, and the ever-changing menu always offers some great surprises.","seafood,wine list,menu","FOOD,FOOD,FOOD",seafood|wine|list|menu|surprises,"positive,positive,positive"
50,1123262:2,The combination of super-fresh ingredients in the dishes are unusual but really delicious.,ingredients,FOOD,combination|ingredients|dishes,positive
51,1125006:1,Best Pastrami I ever had and great portion without being ridiculous.,"Pastrami,portion","FOOD,FOOD",portion|pastrami,"positive,positive"
52,1125006:3,My wife had the fried shrimp which are huge and loved it.,"fried shrimp,fried shrimp","FOOD,FOOD",shrimp|wife,"positive,positive"
53,1125284:2,"The signs, the specials menus, food, and even all the waitstaff are ALL TOTALLY Japanese.","signs,specials menus,food,waitstaff","FOOD,FOOD,SERVICE",|signs|menus|food|waitstaff,"positive,positive,positive,positive"
54,1126814:0,"Leon is an East Village gem: casual but hip, with well prepared basic French bistro fare, good specials, a warm and lively atmosphere.","Leon,Leon,specials,atmosphere,French bistro fare","AMBIENCE,FOOD,AMBIENCE,FOOD",leon|fare|bistro|village|specials|gem|atmosphere|hip,"positive,positive,positive,positive,positive"
55,1126814:1,"My wife and I always enjoy the young, not always well trained but nevertheless friendly, staff, all of whom have a story.",staff,SERVICE,wife|staff,positive
56,1126814:3,Decent wine at reasonable prices.,"wine,wine","FOOD,PRICES",wine|prices,"neutral,positive"
57,1126886:2,"The service is excellent, the decor is great, and the food is delicious and comes in large portions.","service,decor,food,portions","SERVICE,AMBIENCE,FOOD,FOOD",service|decor|food|portions,"positive,positive,positive,positive"
58,1131595:2,The hostess is rude to the point of being offensive.,hostess,SERVICE,hostess|point,negative
59,1131595:3,The food was bland oily.,food,FOOD,oily|food,negative
60,1138996:1,"We have been to this place many times, and always have great food, wine, and service.","food,wine,service","FOOD,FOOD,SERVICE",food|wine|place|service,"positive,positive,positive"
61,1138996:2,"We were worried we would have trouble getting in, but somehow managed to have a short wait.",wait,SERVICE,wait|trouble,positive
62,1138996:3,As always we had a great glass of wine while we waited.,glass of wine,FOOD,glass|wine,positive
63,1138996:4,"When we sat, we got great and fast service.",service,SERVICE,service,positive
64,1138996:5,The people that work there are always so friendly you forget you are in New York sometimes.,people,SERVICE,people,positive
65,1145510:1,The pizza is yummy and I like the atmoshpere.,"pizza,atmoshpere","FOOD,AMBIENCE",|pizza,"positive,positive"
66,1145510:2,But the pizza is way to expensive.,pizza,PRICES,pizza|way,negative
67,1145510:3,"A large is $20, and toppings are about $3 each.","NULL,toppings","PRICES,PRICES",toppings,"negative,negative"
68,1147082:0,I went there for lunch and it was not as good as I expected from the reviews I read.,lunch,FOOD,lunch|reviews,negative
69,1147082:1,Sauce was watery and the food didn't have much flavor.,"Sauce,food","FOOD,FOOD",|sauce|flavor|food,"negative,negative"
70,1147211:2,The waitress was very patient with us and the food is phenomenal!,"waitress,food","SERVICE,FOOD",waitress|food,"positive,positive"
71,1147211:3,"Service was prompt, friendly and great.",Service,SERVICE,service,positive
72,1153034:0,Great pizza and fantastic service.,"pizza,service","FOOD,SERVICE",pizza|service,"positive,positive"
73,1153034:1,"There was a small wait, but shorter than I expected.",wait,SERVICE,|wait,positive
74,1153034:2,Located at the end of a magnificent block.,block,AMBIENCE,block|end,positive
75,1154550:0,This is the best sushi in new york city - hands down.,sushi,FOOD,sushi|city|hands,positive
76,1154550:1,The place is small and cramped but the food is fantastic.,"place,food","AMBIENCE,FOOD",food|place,"negative,positive"
77,1154550:2,Get the tuna of gari.,tuna of gari,FOOD,tuna|gari,positive
78,1162037:0,"Planet Thailand has always been a hit with me , I go there usually for the sushi, which is great , the thai food is excellent too .","sushi,thai food,Planet Thailand","FOOD,FOOD",food,"positive,positive,positive"
79,1162037:1,"With the great variety on the menu , I eat here often and never get bored .",menu,FOOD,variety|menu,positive
80,1162037:2,"The atmosphere isn't the greatest , but I suppose that's how they keep the prices down .","atmosphere,NULL","AMBIENCE,PRICES",atmosphere,"neutral,positive"
81,1162037:3,It's all about the food !!,food,FOOD,food,positive
82,1167434:3,"but when we looked at the menu, there weren't a lot of choices, most of them were dumplings in the appetizer section.",menu,FOOD,|dumplings|lot|section,negative
83,1167434:5,"those rolls were big, but not good and sashimi wasn't fresh.","rolls,rolls,sashimi","FOOD,FOOD,FOOD",sashimi|rolls,"neutral,negative,negative"
84,1175958:1,"Try the crunchy tuna, it is to die for.",crunchy tuna,FOOD,|tuna,positive
85,1189674:0,First went here to enjoy their garden terrace.,garden terrace,AMBIENCE,terrace|garden,positive
86,1189674:1,"The food was amazing, and the service was prompt and helpful, but not over-bearing or rushed.","food,service","FOOD,SERVICE",food|service,"positive,positive"
87,1189674:2,"The Steak Tartare is a great bet, they fix it for you at the table.",Steak Tartare,FOOD,bet|tartare|steak,positive
88,1189674:3,"Admittedly some nights inside the restaurant were rather warm, but the open kitchen is part of the charm.","open kitchen,restaurant","AMBIENCE,AMBIENCE",restaurant|kitchen|part,"positive,negative"
89,1189674:4,"Great wine selection, Gigondas is worth the price, and the house champagne is a great value.","wine selection,Gigondas,house champagne","FOOD,FOOD,PRICES",selection|wine|value|price|champagne|house,"positive,positive,positive"
90,1189674:5,"It may be a bit packed on weekends, but the vibe is good and it is the best French food you will find in the area.","NULL,vibe,French food","AMBIENCE,AMBIENCE,FOOD",vibe|food|bit,"neutral,positive,positive"
91,1199292:0,"Pizza - the only pizza in NYC that should not have additional toppings - the crust tastes like the best, freshly baked bread!","crust,pizza","FOOD,FOOD",bread|tastes|pizza|pizza|toppings|nyc,"positive,positive"
92,1199480:0,"Not sure where the previous reviewer, lonk, dined, but Saul is in a great neighborhood and has great food!","neighborhood,food","AMBIENCE,FOOD",neighborhood|food,"positive,positive"
93,1199480:2,I'd highly recommend it for a special occasion -- it provides and intimate setting and nice service.,"setting,service,NULL","AMBIENCE,SERVICE",setting|service|occasion,"positive,positive,positive"
94,1205520:2,Make sure you have the Spicy Scallop roll.. .,Spicy Scallop roll,FOOD,|roll|scallop,positive
95,1212346:0,"Moules were excellent, lobster ravioli was VERY salty!","Moules,lobster ravioli","FOOD,FOOD",moules|ravioli|lobster,"positive,negative"
96,1212346:1,"Took my mom for Mother's Day, and the maitre d' was pretty rude.",maitre d',SERVICE,d'|maitre,negative
97,1212346:4,Tiny dessert was $8.00...just plain overpriced for what it is.,"dessert,dessert","FOOD,PRICES",|dessert,"negative,negative"
98,1221938:0,The drinks are always welll made and wine selection is fairly priced.,"drinks,wine selection","FOOD,PRICES",|drinks,"positive,positive"
99,1221938:1,Try their chef's specials-- they are to die for.,chef's specials,FOOD,chef|specials,positive
100,1221938:3,Downstairs lounge is always a good attraction,Downstairs lounge,AMBIENCE,lounge,positive
101,1225162:0,"Raga's is a romantic, cozy restaurant.",Raga's,AMBIENCE,restaurant,positive
102,1225162:1,The exotic food is beautifully presented and is a delight in delicious combinations.,"exotic food,exotic food","FOOD,FOOD",combinations|delight|food,"positive,positive"
103,1225162:3,The staff is incredibly helpful and attentive.,staff,SERVICE,staff,positive
104,1225162:4,The bar is very well stocked with interesting beers and well priced wines.,"bar,beers,wines","FOOD,FOOD,PRICES",beers|wines,"positive,positive,positive"
105,1227999:1,"The waitress moved our table practically into the bathroom and when we asked to cancel our dinner orders because we did not want to eat sitting on the toilet, we were told no...",waitress,SERVICE,waitress|table|bathroom|dinner|orders|toilet,negative
106,1227999:4,"Rude service, medicore food...there are tons of restaurants in NY...stay away from this one","service,food,NULL","SERVICE,FOOD",service|food,"negative,neutral,negative"
107,1230993:1,I loved everythig about it-especially the shows and actors.,"NULL,shows,actors","AMBIENCE,AMBIENCE",everythig,"positive,positive,positive"
108,1230993:2,Our server was very helpful and friendly.,server,SERVICE,server,positive
109,1230993:4,The food was good too.,food,FOOD,food,positive
110,1232468:0,The tuna and wasabe potatoes are excellent.,"tuna,wasabe potatoes","FOOD,FOOD",potatoes|tuna|wasabe,"positive,positive"
111,1232468:1,The outdoor atmosphere of sitting on the sidewalk watching the world go by 50 feet away on 6th avenue on a cool evening was wonderful.,outdoor atmosphere,AMBIENCE,atmosphere|avenue,positive
112,1232468:3,Service was prompt and courteous.,Service,SERVICE,service,positive
113,1241906:0,"Great service, great food.","service,food","SERVICE,FOOD",service|food,"positive,positive"
114,1253117:1,"The pizza is delicious - they use fresh mozzarella instead of the cheap, frozen, shredded cheese common to most pizzaria's.","pizza,fresh mozzarella","FOOD,FOOD",pizza|mozzarella|cheese|pizzaria,"positive,positive"
115,1253117:2,"Two complaints- their appetizer selection stinks, it would be nice to get some mozzarella sticks on the menu.",appetizer selection,FOOD,selection|appetizer|complaints,negative
116,1253117:5,Wait staff is blantently unappreciative of your business but its the best pie on the UWS!,"Wait staff,pie","SERVICE,FOOD",pie|uws|staff|business,"negative,positive"
117,1256373:0,By far the best salad I have had in a fast food restaurant.,salad,FOOD,salad|food|restaurant,positive
118,1256373:1,fine dining restaurant quality.,dining,FOOD,quality|dining|restaurant,positive
119,1264954:2,"The chicken pot pie is excpetiona, the cheeseburger huge and delictable, and the service professional wan warm.","chicken pot pie,cheeseburger,cheeseburger,service","FOOD,FOOD,FOOD,SERVICE",|cheeseburger|excpetiona|chicken|pot|service,"positive,positive,positive,positive"
120,1269216:1,The staff is no nonsense.,staff,SERVICE,staff,positive
121,1269216:2,The food options rule.,food,FOOD,food|options|rule,positive
122,1269216:3,When I lived upstate for a while I would buy freeze the bagels and they would still be better than any else.,bagels,FOOD,bagels,positive
123,1275154:4,"He served me an Uni Hand roll, which I never had before, and let me tell you...IT WAS HEAVEN!",Uni Hand roll,FOOD,|roll|heaven,positive
124,1275154:6,The sake menu should not be overlooked!,sake menu,FOOD,sake|menu,positive
125,1275154:8,Try the lobster teriyaki and the rose special roll.,"lobster teriyaki,rose special roll","FOOD,FOOD",|roll|teriyaki,"positive,positive"
126,1280166:1,"Service was very good - prompt, attentive and non-intrusive.",Service,SERVICE,service,positive
127,1280166:2,"Food was very good as well, considering that we tried the budget selection (though I wish the pork belly that I ordered was roasted a bit longer, so that fat was more of a melt-in-your-mouth experience).","Food,pork belly","FOOD,FOOD",food|experience|fat,"positive,negative"
128,1280166:3,Wine list selection is good and wine-by-the-glass was generously filled to the top.,"Wine list selection,wine-by-the-glass","FOOD,FOOD",selection|wine|list,"positive,positive"
129,1280166:4,Traditional French decour was pleasant though the hall was rather noisy - the restaurant was full and we had to raise our voices to be able to maintain a conversation.,"Traditional French decour,hall","AMBIENCE,AMBIENCE",decour|hall|restaurant,"positive,negative"
130,1280179:2,"Seating is always prompt, though the restaurant does fill up in the evening.",Seating,SERVICE,seating,positive
131,1280179:3,"Food is usually very good, though ocasionally I wondered about freshmess of raw vegatables in side orders.","Food,raw vegatables in side orders","FOOD,FOOD",food,"positive,negative"
132,1280179:5,"The decor is vibrant and eye-pleasing with several semi-private boths on the right side of the dining hall, which are great for a date.","decor,semi-private boths","AMBIENCE,AMBIENCE",decor|boths|side|side|hall,"positive,positive"
133,1286916:1,"The first time I went, and was completely taken by the live jazz band and atmosphere, I ordered the Lobster Cobb Salad.","live jazz band,atmosphere","AMBIENCE,AMBIENCE",|band|atmosphere|jazz,"positive,positive"
134,1286916:3,It's simply the best meal in NYC.,meal,FOOD,meal|nyc,positive
135,1287538:3,The food is a diamond in rough -- the food is delicious and homemade with the perfect balance of herbs and tomatoes.,"food,balance of herbs and tomatoes","FOOD,FOOD",food|diamond|balance|herbs|tomatoes|homemade,"positive,positive"
136,1289424:3,The server was really cool and served us our food and drinks with a smile.,server,SERVICE,server,positive
137,1289424:4,The place's decor and hidden bathrooms made for a good laugh.,"decor,hidden bathrooms","AMBIENCE,AMBIENCE",laugh|bathrooms|decor,"positive,positive"
138,1293334:2,"The have over 100 different beers to offer thier guest so that made my husband very happy and the food was delicious, if I must recommend a dish it must be the pumkin tortelini.","beers,food,pumkin tortelini","FOOD,FOOD,FOOD",husband|tortelini|beers|food|dish,"positive,positive,positive"
139,1297844:2,The bagel was huge.,bagel,FOOD,|bagel,positive
140,1297844:4,The workers there also absolutely load the bagel with cream cheese (gets a little messy).,bagel,FOOD,workers|bagel|cream|cheese,negative
141,1300636:0,This was my frist time at Cafe St. Bart's and I must say how delicous the food and the service was.,"food,service","FOOD,SERVICE",frist|cafe|st.|food|service,"positive,positive"
142,1300636:2,I have to highly recommend the lobster roll - not to much mayo; you can tell it was a fresh lobster.,"lobster roll,lobster","FOOD,FOOD",roll|lobster|mayo|mayo,"positive,positive"
143,1300636:3,"Other guests enjoyed pizza, santa fe chopped salad and fish and chips.","pizza,santa fe chopped salad,fish and chips","FOOD,FOOD,FOOD",guests|salad|pizza|fish|chips|fe,"positive,positive,positive"
144,1300636:4,"I highly recommend Cafe St. Bart's for their food, the ambience and wonderful service.","food,ambience,service","FOOD,AMBIENCE,SERVICE",cafe|st.|service|food,"positive,positive,positive"
145,1303888:0,All the staff is absolutely professional!! ,staff,SERVICE,|staff,positive
146,1303984:1,My chow fun and chow see was really bland and oily.,chow fun and chow see,FOOD,chow|fun|chow|oily,negative
147,1303984:3,The scallion pancakes and fried dumplings were nothing out of the ordinary.,"scallion pancakes,fried dumplings","FOOD,FOOD",dumplings|pancakes,"neutral,neutral"
148,1308557:0,The service was the only thing good about this restaurant.,"service,restaurant",SERVICE,service|restaurant,"positive,negative"
149,1308557:1,"It's boring on the inside, and our sushi was pretty below average... the tuna was soggy and the other rolls had no flavor.","NULL,sushi,tuna,rolls","AMBIENCE,FOOD,FOOD,FOOD",|sushi|tuna|average|rolls|inside|flavor,"negative,negative,negative,negative"
150,1310217:1,Their pad penang is delicious and everything else is fantastic.,"pad penang,NULL","FOOD,FOOD",penang|pad,"positive,positive"
151,1310217:2,The price is reasonable although the service is poor.,"NULL,service","PRICES,SERVICE",price|service,"positive,negative"
152,1318537:0,fresh restaurant was amazing........ food was delicious and of course fresh.,"fresh restaurant,food",FOOD,restaurant|food|course,"positive,positive"
153,1318537:4,Hats off to the chef.,chef,FOOD,hats|chef,positive
154,1328078:3,"the salads are delicious, both refreshing and very spicy.",salads,FOOD,salads,positive
155,1328078:4,We had Pam's special fried fish and it was amazing.,Pam's special fried fish,FOOD,fish|pam,positive
156,1335154:1,"Great vibe, lots of people.",vibe,AMBIENCE,vibe|lots,positive
157,1335154:4,"I didn't complain, I liked the atmosphere so much.",atmosphere,AMBIENCE,atmosphere,positive
158,1335656:2,"Ambience is so cute and quaint, good for business although we were there on vacation.","Ambience,NULL",AMBIENCE,ambience,"positive,positive"
159,1335656:3,Salads were fantastic.,Salads,FOOD,salads,positive
160,1335656:4,Although we were looking for regular lettuce and some walnuts the salads we got were great.,salads,FOOD,salads,positive
161,1335656:5,Ingredients are organic which is a real plus for me.,Ingredients,FOOD,|ingredients,positive
162,1338124:0,"This is some really good, inexpensive sushi.","sushi,sushi","FOOD,PRICES",sushi,"positive,positive"
163,1338124:2,The spicy Tuna roll is huge and probably the best that I've had at this price range.,"spicy Tuna roll,spicy Tuna roll,spicy Tuna roll","FOOD,FOOD,PRICES",|roll|spicy|tuna,"positive,positive,positive"
164,1338124:3,The Yellowtail was particularly good as well.,Yellowtail,FOOD,yellowtail,positive
165,1338124:4,"I have reservations about the all you can eat deal, however -- the choices are fairly limited and you can probably order more food than you can eat for less than $18 by just going off the menu.","all you can eat deal,all you can eat deal","FOOD,PRICES",choices|food,"negative,negative"
166,1340075:1,"They have it all -- great price, food, and service.","NULL,NULL,food,service","PRICES,FOOD,SERVICE",price|food|service,"positive,positive,positive,positive"
167,1340075:2,The atmosphere is noisy and the waiters are literally walking around doing things as fast as they can.,"atmosphere,waiters","AMBIENCE,SERVICE",atmosphere,"negative,positive"
168,1340075:4,"And it all comes at a very reasonable price (congee, noodles, and rice dishes are no more than $3-6 each).","NULL,congee,noodles,rice dishes","PRICES,PRICES,PRICES,PRICES",price,"positive,positive,positive,positive"
169,1340075:5,The takeout is great too since they give high quality tupperware as well.,takeout,SERVICE,takeout|tupperware|quality,positive
170,1341354:1,Enjoyed a very nice Caesar Salad while my wife had arugula and goat cheese....both very tasty.,"Caesar Salad,arugula and goat cheese","FOOD,FOOD",salad|caesar,"positive,positive"
171,1341354:2,We both opted for a pasta dish and they were served timely and fresh.,"NULL,pasta dish","SERVICE,FOOD",pasta|dish,"positive,positive"
172,1341354:3,"We concluded with tiramisu chocolate cake, both were delicious.","tiramisu,chocolate cake","FOOD,FOOD",tiramisu|chocolate|cake,"positive,positive"
173,1347423:1,"The staff was accomodating, the food was absolutely delicious and the place is lovely.","staff,food,place","SERVICE,FOOD,AMBIENCE",food|place,"positive,positive,positive"
174,1347423:2,We even had a visit from the Manager who wanted to make sure we were enjoying ourselves.,Manager,SERVICE,visit|manager,positive
175,1349391:0,sometimes i get good food and ok service.,"food,service","FOOD,SERVICE",food|service,"positive,neutral"
176,1349391:1,"sometimes i get bad food and bad service, sometimes i get good good and bad service.","food,service,service,good","FOOD,SERVICE,SERVICE,FOOD",food|service,"negative,negative,negative,positive"
177,1352948:0,The place is a BISTRO which means: simple dishes and wine served efficiently in a bustling atmosphere.,"dishes,wine,NULL,atmosphere","FOOD,FOOD,SERVICE,AMBIENCE",|dishes|wine|atmosphere,"positive,positive,positive,positive"
178,1353599:0,Right off the L in Brooklyn this is a nice cozy place with good pizza.,"pizza,place","FOOD,AMBIENCE",place|pizza|pizza,"positive,positive"
179,1353599:1,Mine was a little burnt but still delicious with goat cheese and panchetta (raddichio was kind of bitter though).,"raddichio,NULL","FOOD,FOOD",mine|goat|cheese|panchetta|raddichio|kind,"negative,positive"
180,1353599:2,My friend got the mushroom pizza which tasted better.,mushroom pizza,FOOD,friend|mushroom|pizza,positive
181,1353599:3,The sangria was pretty tasty and good on a hot muggy day.,sangria,FOOD,sangria,positive
182,1357554:0,I started out with a Bombay beer which was big enough for two.,Bombay beer,FOOD,beer,positive
183,1357554:3,"Service was slow, but the people were friendly.","Service,people","SERVICE,SERVICE",service|people,"negative,positive"
184,1357554:4,It's a nice place to relax and have conversation.,place,AMBIENCE,place,positive
185,1367358:1,The food is authentic Italian - delicious!,food,FOOD,food,positive
186,1367358:2,"Pizza is terrific, as is homemade pasta.","Pizza,homemade pasta","FOOD,FOOD",pizza,"positive,positive"
187,1367358:3,"Ambience is delightful, service impeccable.","Ambience,service","AMBIENCE,SERVICE",ambience,"positive,positive"
188,1380450:0,I'm still mad that i had to pay for lousy food.,food,FOOD,food,negative
189,1380450:1,The hanger steak was like rubber and the tuna was flavorless not to mention it tasted like it had just been thawed.,"hanger steak,tuna","FOOD,FOOD",|tuna|rubber|hanger,"negative,negative"
190,1380450:2,Service was also horrible and the ambience is not that great.,"Service,ambience","SERVICE,AMBIENCE",service|ambience,"negative,negative"
191,1387314:1,This is my first time writing a review for a restaurant because the food and service was excellent.,"food,service","FOOD,SERVICE",food|service,"positive,positive"
192,1387314:2,The filet mignon dish was superb!,filet mignon dish,FOOD,dish|mignon,positive
193,1387314:4,It's a small cute restaurant.,restaurant,AMBIENCE,restaurant,positive
194,1390357:2,"I like the ambience, it's very dark and original.",ambience,AMBIENCE,ambience,positive
195,1390357:4,The sushi is amazing!!! ,sushi,FOOD,sushi,positive
196,1394712:0,Very affordable and excellent ambient!,"ambient,NULL","AMBIENCE,PRICES",,"positive,positive"
197,1394712:1,We ordered some beef and noodle soup dishes from the Thai section of the menu but nothing we got was Thai.,beef and noodle soup dishes,FOOD,|section|menu,negative
198,1394712:3,We won't go to this place again for a good meal.,meal,FOOD,meal,negative
199,1394712:4,"However, I think this place is a good hang out spot.",place,AMBIENCE,place|spot,positive
200,1395421:1,THe Pizza and wine were excellent-the service too--but what really MADE this place was the backyard dining area.,"Pizza,wine,service,backyard dining area","FOOD,FOOD,SERVICE,AMBIENCE",|service|pizza|wine|wine|area|backyard|dining|place,"positive,positive,positive,positive"
201,1398844:0,"First of all, this place is *not* romantic, as claimed by Citysearch's editorial review.",place,AMBIENCE,place,negative
202,1398844:2,"The tables are crammed way too close, the menu is typical of any Italian restaurant, and the wine list is simply overpriced.","tables,menu,wine list","AMBIENCE,FOOD,PRICES",|menu|restaurant,"negative,neutral,negative"
203,1398844:3,Slightly above average wines start at $70+ with only one selection listed at $30+.,"wines,wines","FOOD,PRICES",|wines,"negative,negative"
204,1398844:4,Service is not what one would expect from a joint in this price category.,Service,SERVICE,service|joint|price|category,negative
205,1398844:6,Somehow working the italian charm with constant mille grazie does not constitute proper service.,service,SERVICE,service|grazie,negative
206,1398844:7,"To be completely fair, the only redeeming factor was the food, which was above average, but couldn't make up for all the other deficiencies of Teodora.","food,Teodora",FOOD,factor|food,"positive,negative"
207,1404042:1,Not one of our meals was edible - bland and/or made with weird rosemary or orange flavoring.,"meals,rosemary or orange flavoring","FOOD,FOOD",rosemary|flavoring|orange,"negative,negative"
208,1404042:2,Fish was overdone.,Fish,FOOD,fish,negative
209,1404042:3,"Cute place, nice wait staff but would never go there again.","wait staff,place,place","SERVICE,AMBIENCE",place|staff|wait,"positive,positive,negative"
210,1404042:4,Someone else recommended the dessert - we also left that.,dessert,FOOD,someone|dessert,negative
211,1404042:5,One of us actually liked the expresso - that's it.,expresso,FOOD,expresso,positive
212,1410878:1,I've never had bad service and the fish is fresh and delicious.,"service,fish","SERVICE,FOOD",service|service|fish,"positive,positive"
213,1410878:2,Their tuna tartar appetizer is to die for.,tuna tartar appetizer,FOOD,tuna|tartar|appetizer,positive
214,1413697:0,"I come from a family of pizzeria owners, and I'm almost ashamed to say that the pizza in Fornino's blows my families receipies away.",pizza,FOOD,family|pizzeria|owners|pizza|fornino|blows|families|receipies,positive
215,1413697:2,The place is so cool and the service is prompt and curtious.,"service,place","SERVICE,AMBIENCE",place|service,"positive,positive"
216,1417496:0,A restaurant that doesn't try to do anything except serve great food with great service in a pleasant atmosphere.,"food,service,atmosphere","FOOD,SERVICE,AMBIENCE",food|atmosphere|service|service,"positive,positive,positive"
217,1417496:2,The dining room is quietly elegant with no music to shout over -- how refreshing!,dining room,AMBIENCE,room|dining|music,positive
218,1417496:3,"The service was impeccable and unobtrusive -- the staff knows what they are there to do -- to know their menu, present your meal, and attend to your needs.","service,staff","SERVICE,SERVICE",service|meal|menu,"positive,positive"
219,1430994:0,The view is breathtaking the service is top notch... the ambiance is wonderfull.,"view,service,ambiance","AMBIENCE,SERVICE,AMBIENCE",view|service|notch|wonderfull,"positive,positive,positive"
220,1430994:1,The staff offers impeccable service.,staff,SERVICE,service|staff,positive
221,1439875:1,"The place is small and intimate and you may feel a little crowded, but the service is excellent and it's great for friends out, a romantic date, or a special occassion.","service,place,place","SERVICE,AMBIENCE",service|place|date|occassion,"positive,negative,positive"
222,1439875:3,The food can get pricey but the prixe fixe tasting menu is the greatest food for a good price and they cater the food to any food allergies or food you don't like.,"food,prixe fixe tasting menu,prixe fixe tasting menu,NULL","PRICES,FOOD,PRICES,SERVICE",food|menu|price|price|allergies|prixe|fixe|tasting,"negative,positive,positive,positive"
223,1451107:0,This place is so much fun.,place,AMBIENCE,place,positive
224,1451107:6,The staff was the friendliest that have seen in New York.,staff,SERVICE,|staff,positive
225,1457607:0,The place is a lot of fun.,place,AMBIENCE,place|lot|fun,positive
226,1457607:2,The characters really make for an enjoyable experience.,characters,AMBIENCE,experience,positive
227,1459569:1,Service was slow had to wait to order and get food although not crowded.,Service,SERVICE,service,negative
228,1459569:2,Drinks way over priced.,Drinks,PRICES,drinks|way,negative
229,1460715:1,Service was quick.,Service,SERVICE,|service,positive
230,1470286:1,Delivery is fast too.,Delivery,SERVICE,delivery,positive
231,1471273:3,Prices too high for this cramped and unappealing resturant.,"resturant,resturant","PRICES,AMBIENCE",resturant|prices,"negative,negative"
232,1471273:4,Zero ambiance to boot.,ambiance,AMBIENCE,ambiance|boot,negative
233,1476493:2,"The ambience was nice, but service wasn't so great.","ambience,service","AMBIENCE,SERVICE",ambience|service,"positive,negative"
234,1486041:0,"The atmosphere is nothing special, but it feels like a Sushi establishment in Tokyo.",atmosphere,AMBIENCE,|atmosphere|establishment,positive
235,1486041:1,The owner and staff are all Japanese as well and that adds to the entire ambiance.,"owner,staff,ambiance",AMBIENCE,|owner|staff,"positive,positive,positive"
236,1490757:2,The prices were CHEAP compared to the quality of service and food.,"NULL,service,food","PRICES,SERVICE,FOOD",prices|quality,"positive,positive,positive"
237,1500453:1,This quaint and romantic trattoria is at the top of my Manhattan restaurant list.,"trattoria,trattoria",AMBIENCE,trattoria|top,"positive,positive"
238,1506491:0,"I have known about this secret for the last 13 years, Emilio(the Godfather) has continued to serve food and wine for the gods at mortal prices.","food,wine,food,wine","FOOD,FOOD,PRICES,PRICES",|prices|gods|secret,"positive,positive,positive,positive"
239,1506491:2,Check out the secret back room.,back room,AMBIENCE,|room|secret,positive
240,1538149:0,"I found the food, service and value exceptional everytime I have been there.","food,service,NULL","FOOD,SERVICE,PRICES",food|service|value,"positive,positive,positive"
241,1538149:3,The service was excellent - friendly and attentive.,service,SERVICE,service,positive
242,1543345:3,Great staff.,staff,SERVICE,staff,positive
243,1543345:4,Always great service!,service,SERVICE,service,positive
244,1561259:1,But the staff was so horrible to us.,staff,SERVICE,staff,negative
245,1561259:2,The hostess and the waitress were incredibly rude and did everything they could to rush us out.,"hostess,waitress","SERVICE,SERVICE",hostess|waitress,"negative,negative"
246,1561259:3,We were planning to get dessert but the waitress basically through the bill at us before we had a chance to order.,waitress,SERVICE,dessert|waitress|bill|chance|order,negative
247,1561259:4,"This place is pricey, and yes, the food is worth it; but the service makes you feel like you should be paying a quater of the price.","place,food,service","PRICES,FOOD,SERVICE",place|food,"negative,positive,negative"
248,1572027:3,I ate here a week ago and found most dishes average at best and too expensive.,"dishes,dishes","FOOD,PRICES",|dishes,"negative,negative"
249,1572033:1,Decor is nice though service can be spotty.,"Decor,service","AMBIENCE,SERVICE",decor|service,"positive,negative"
250,1586174:6,the waitstaffs are nice though.,waitstaffs,SERVICE,waitstaffs,positive
251,1603698:2,"Both times I was extremely dissappointed by the service, which was boarderline rude.",service,SERVICE,service,negative
252,1606837:2,The service was attentive.,service,SERVICE,service,positive
253,1609375:2,"The svc can be a bit rude at times, esp if you have big group, but overall the restaurant is a must!","svc,restaurant",SERVICE,svc|group|bit|esp,"negative,positive"
254,1609375:3,"Try the Pad Thai, it's fabulous and their prices are so cheap!","Pad Thai,NULL","FOOD,PRICES",prices,"positive,positive"
255,1609375:4,"Just because it's cheap does NOT mean the portions are small or the food is nasty, IT IS GREAT!","portions,food,NULL","FOOD,FOOD,PRICES",food|portions,"positive,positive,positive"
256,1611489:1,"Also, the sandwiches (nearing $7) didn't come with anything like chips or a side.","sandwiches,sandwiches","FOOD,PRICES",sandwiches|chips|side,"negative,negative"
257,1611489:3,"Eating in, the atmosphere saves it, but at your desk, it's a very disappointing experience.","atmosphere,NULL",AMBIENCE,experience|desk|atmosphere,"positive,negative"
258,1615322:2,They have authentic Indian at amazin prices.,"Indian,Indian","FOOD,PRICES",prices,"positive,positive"
259,1615322:4,The seats are uncomfortable if you are sitting against the wall on wooden benches.,seats,AMBIENCE,seats,negative
260,1615322:5,It's a rather cramped and busy restaurant and it closes early.,"restaurant,restaurant",AMBIENCE,restaurant,"negative,negative"
261,1623276:0,Patroon features a nice cigar bar and has great staff.,"cigar bar,staff","AMBIENCE,SERVICE",bar|cigar|staff|patroon,"positive,positive"
262,1626564:3,Waitstaff are very friendly.,Waitstaff,SERVICE,waitstaff,positive
263,1632445:3,The service is good and ambience is good for a date or group outing.,"service,ambience","SERVICE,AMBIENCE",service|ambience|date|outing|group,"positive,positive"
264,1632445:4,The only fallback on this restaurant is the prices.,restaurant,PRICES,|fallback|prices|restaurant,negative
265,1632445:5,"Even though its good seafood, the prices are too high.","seafood,seafood","FOOD,PRICES",seafood|prices,"positive,negative"
266,1632445:6,The lobster sandwich is $24 and although it was good it was not nearly enough to warrant that price.,"lobster sandwich,lobster sandwich,lobster sandwich","FOOD,FOOD,PRICES",lobster|sandwich|price,"positive,negative,negative"
267,1632929:4,"When my dessert came, there was a candle in it - not because anyone asked for one - but because the waiter must have seen me opening my birthday card and gift, and said he knew it was a special occassion of some sort.",waiter,SERVICE,|occassion|sort|candle,positive
268,1632929:5,Truly the mark of an attentive waiter.,waiter,SERVICE,waiter|mark,positive
269,1649025:2,The food is so cheap and the waiters are nice.,"food,waiters","PRICES,SERVICE",food|waiters,"positive,positive"
270,1655504:1,Cheese plate is a varied delight and great bargain at $10.,"Cheese plate,Cheese plate,Cheese plate","FOOD,FOOD,PRICES",plate|cheese|bargain|delight,"positive,positive,positive"
271,1655504:4,Wine list is extensive without being over-priced.,"Wine list,Wine list","FOOD,PRICES",|list|wine,"positive,positive"
272,1655521:1,I almost hesititate to write a review because the atmosphere was so great and I would hate for it too become to crowded.,atmosphere,AMBIENCE,atmosphere|hesititate,positive
273,1655521:2,"The food was very good, a great deal, and the place its self was great.","food,food,place","FOOD,PRICES,AMBIENCE",food|deal|place|self,"positive,positive,positive"
274,1655521:3,"The wait staff is very freindly, they make it feel like you're eating in a freindly little european town.",wait staff,SERVICE,|town,positive
275,1660047:0,"I like Cafe Noir dont get me wrong, it is jsut that the people who work there are evil and incompetent!!","people,Cafe Noir",SERVICE,|dont|cafe,"negative,positive"
276,1660047:1,"The service was terrible, we had to wait for everything and ask several of different people for the same thing before we were allowed to be served.",service,SERVICE,service|people,negative
277,1660047:2,"The waitress, seems to be more concerned of looking good than actually waitressing.",waitress,SERVICE,waitress,negative
278,1660047:3,"After dinner the manager grabbed my boyfriend, asked him: Where are you from...maybe you dont know how things work in America...and in the end stormed away almost teareyed yelling that tips are the only thing they survive on.",manager,SERVICE,tips,negative
279,1660047:4,"We did tip, I guess the model/waitress just wanted more and complained to the manager.",waitress,SERVICE,tip|model/waitress|manager,negative
280,1660047:5,"The whole set up is truly unprofessional and I wish Cafe Noir would get some good staff, because despite the current one this is a great place.","staff,Cafe Noir",SERVICE,staff|cafe|wish|place,"negative,positive"
281,1661043:4,Decor is charming.,Decor,AMBIENCE,decor,positive
282,1661757:2,"The ambience was so fun, and the prices were great, on top of the fact that the food was really tasty.","ambience,NULL,food","AMBIENCE,PRICES,FOOD",ambience|prices|fun|food|top|fact,"positive,positive,positive"
283,1662726:0,I was here a few weeks back and we had the worst customer service experience at a restaurant ever.,customer service,SERVICE,experience|customer|service|restaurant,negative
284,1662726:1,"A gentleman, maybe the manager, came to our table, and without so much as a smile or greeting asked for our order.",gentleman,SERVICE,gentleman|manager|table|smile|order,negative
285,1671113:1,The food is great and reasonably priced.,"food,food","FOOD,PRICES",food,"positive,positive"
286,1671113:2,"I have tried to make reservations, but both times, the hostess didn't have my name.",hostess,SERVICE,reservations|hostess|name,negative
287,1671113:3,"If the weather is nice, try to snag an outside table.",outside table,AMBIENCE,weather|table|snag,positive
288,1671113:4,"The staff has been nice, but they seemed really stressed and the unisex bathroom needs to be cleaned more often.","staff,staff,unisex bathroom","SERVICE,SERVICE,AMBIENCE",staff|bathroom,"positive,negative,negative"
289,1700205:2,"Considering we were the last patrons there and it was after the closing time, the waitstaff did not rush us at all and made us feel comfortable and relaxed.",waitstaff,SERVICE,|patrons|closing,positive
290,1702257:3,Friendly staff that actually lets you enjoy your meal and the company you're with.,staff,SERVICE,staff|company|meal,positive
291,1706644:4,"We ate out in the back patio, which is worth it as it's cool and the music is hear well there.","back patio,music","AMBIENCE,AMBIENCE",|patio,"positive,positive"
292,1707201:2,The place was nice and calm.,place,AMBIENCE,place,positive
293,1707201:3,but the service was a bit slow.,service,SERVICE,service|bit,negative
294,1707741:3,Service was also very good.,Service,SERVICE,service,positive
295,1718513:3,"THe back garden sitting area is very pleasant, where you can see their personal herb garden.",back garden sitting area,AMBIENCE,area|garden|herb,positive
296,1727363:1,This is a wonderful place on all stand points especially value ofr money.,"place,place",PRICES,place|points,"positive,positive"
297,1727363:2,An excellent service,service,SERVICE,service,positive
298,1728733:1,We were greeted promptly by the waiter who was very nice and cordial.,waiter,SERVICE,waiter,positive
299,1730127:2,"Always a nice crowd, but never loud.","crowd,NULL",AMBIENCE,crowd,"positive,positive"
300,1748813:1,All of the pizzas are terrific and the price is even better!,"pizzas,pizzas","FOOD,PRICES",price|pizzas,"positive,positive"
301,1748839:1,"Immediately after we paid, the waiter took the money and said, okay, you guys are outta here.",waiter,SERVICE,waiter|money|guys|outta,negative
302,404464:3,I expected quite a bit more from such an expensive menu.,"menu,menu","PRICES,FOOD",menu,"negative,negative"
303,426930:0,Authentic Taiwanese food that's cheap... what more could you ask for?,"Taiwanese food,Taiwanese food","FOOD,PRICES",food,"positive,positive"
304,430342:1,"Kind, attentive wait staff.",wait staff,SERVICE,staff|wait,positive
305,433878:3,The counter service is bad.,counter service,SERVICE,service,negative
306,436868:2,"The sandwiches are dry, tasteless and way overpriced.","sandwiches,sandwiches","FOOD,PRICES",|sandwiches,"negative,negative"
307,436868:3,"Calling the place Hampton Chutney Co. does warn you that these folks offer more style than substance, but in this unattractive room with unhelpful clerks there was a dearth of the former too.","place,room,clerks","AMBIENCE,SERVICE",room|clerks|style|substance|folks,"negative,negative,negative"
308,445960:0,"This is such a lovely, peaceful place to eat outside.",place,AMBIENCE,place,positive
309,445960:1,The restaurant looks out over beautiful green lawns to the Hudson River and the Statue of Liberty.,restaurant,AMBIENCE,lawns,positive
310,445960:4,"This is a great place to take out-of-towners, and perfect for watching the sunset.",place,AMBIENCE,place,positive
311,449802:5,But who says Murray's is anything about service.,service,SERVICE,service,negative
312,454704:1,The service is awful.,service,SERVICE,service,negative
313,454704:2,This place is not worth the prices.,"place,place",PRICES,place|prices,"negative,negative"
314,464342:1,I asked for an open faced cheese sandwich and the manager basically told me to take my business elsewhere!,manager,SERVICE,|sandwich|cheese|manager,negative
315,475298:0,"Good, fast service.",service,SERVICE,service,positive
316,475298:2,Food is great and inexpensive.,"Food,Food","FOOD,PRICES",food,"positive,positive"
317,475298:3,The location is perfect.,location,AMBIENCE,location,positive
318,475512:2,"Well, this place is so Ghetto its not even funny.",place,AMBIENCE,place,negative
319,475512:3,If you like your music blasted and the system isnt that great and if you want to pay at least 100 dollar bottle minimun then you'll love it here.,"bottle minimun,music","PRICES,AMBIENCE",music|isnt,"negative,negative"
320,476473:2,Great atmoshere and worth every bit.,"atmoshere,NULL",AMBIENCE,atmoshere|bit,"positive,positive"
321,483111:0,Winnie and her staff are the best crew you can find serving you.,"staff,Winnie","SERVICE,SERVICE",crew|staff|staff,"positive,positive"
322,483111:1,The food is reliable and the price is moderate.,"food,NULL","FOOD,PRICES",food|price,"positive,neutral"
323,485767:1,"The service was attentive, yet discreet.",service,SERVICE,service,positive
324,485966:1,The place was quiet and delightful.,place,AMBIENCE,place,positive
325,490565:1,"The wait staff is pleasant, fun, and for the most part gorgeous (in the wonderful aesthetic beautification way, not in that she's-way-cuter-than-me-that-b@#$* way).",wait staff,SERVICE,staff|wait|part|beautification|fun|way|way,positive
326,490565:3,"But the best part about LS is the late night atmosphere, delightfully free of the BTs.",late night atmosphere,AMBIENCE,part|atmosphere|ls|bts,positive
327,490565:4,"You can get a completely delish martini in a glass (that's about 2 1/2 drinks) for $8.50 (I recommend the Vanilla Shanty, mmmm!) in a great homey setting with great music.","martini,martini,martini,Vanilla Shanty,setting,music","FOOD,FOOD,PRICES,FOOD,AMBIENCE,AMBIENCE",shanty|vanilla|setting|music|mmmm,"positive,positive,positive,positive,positive,positive"
328,490565:5,"The in-house lady DJ on Saturday nights has outrageously good taste in music, and moreover, takes requests.",in-house lady DJ,AMBIENCE,taste|music|dj|lady,positive
329,493013:1,"Its location is good and the fact that Hutner College is near and their prices are very reasonable, makes students go back to Suan again and again.","location,Suan","AMBIENCE,PRICES",location|fact|prices,"positive,positive"
330,493013:6,In summer-eat outside on a terrace (another great feature of Suan)!!!,terrace,AMBIENCE,feature|terrace,positive
331,493514:0,I cannot imagine a friendlier staff working in a restaurant.,staff,SERVICE,|staff,positive
332,496132:1,The setting is casual and romantic.,setting,AMBIENCE,|setting,positive
333,498657:2,"The rest of the dim sum, though pricey by Chinatown standards, is worth it.","dim sum,dim sum","PRICES,FOOD",rest|sum,"negative,positive"
334,498657:4,"The wait here is long for dim sum, but if you don't like sharing tables or if the typical raucous dim sum atmosphere is not your gig, this is a sleek (for Chinatown) alternative.","wait,atmosphere,NULL","SERVICE,AMBIENCE",sum|atmosphere|wait|gig|alternative|tables,"negative,negative,negative"
335,503807:5,The service was friendly and the atmosphere was casual.,"service,atmosphere","SERVICE,AMBIENCE",service|atmosphere,"positive,neutral"
336,505535:0,this little place has a cute interior decor and affordable city prices.,"interior decor,place","AMBIENCE,PRICES",decor|prices|place|city,"positive,positive"
337,507844:0,This place would be so much better served by being run by a group that actually understands customer service.,customer service,SERVICE,place,negative
338,507844:4,"Terrible, terrible management - deserves to be shut-down.","management,NULL",SERVICE,management,"negative,negative"
339,507937:2,Spreads and toppings are great - though a bit pricey.,"Spreads,toppings,Spreads,toppings","FOOD,FOOD,PRICES,PRICES",spreads|toppings,"positive,positive,negative,negative"
340,507937:3,Service is fast and friendly.,Service,SERVICE,service,positive
341,511290:4,This place has the the correct ambience and an excellent staff to make you feel like a guest and a friend at the same time.,"ambience,staff","AMBIENCE,SERVICE",ambience|staff|place,"positive,positive"
342,512294:0,"Great food, great prices, great service.","food,NULL,service","FOOD,PRICES,SERVICE",food|prices|service|service,"positive,positive,positive"
343,512294:1,"If you are looking for a good quality, cheap eats - this is the place.","eats,eats","FOOD,PRICES",quality|place,"positive,positive"
344,512925:2,"also it's great to have dinner in a very romantic and confortable place, the service it's just perfect...they're so frendly that we never want to live the place!","place,service","AMBIENCE,SERVICE",place,"positive,positive"
345,513521:2,Drawbacks: service is slow and they don't toast!,service,SERVICE,service|drawbacks|toast,negative
346,519425:3,The waiter was attentive.,waiter,SERVICE,waiter,positive
347,519425:4,The place itself is beautiful the bar scene seems to be happening.,"place,bar scene","AMBIENCE,AMBIENCE",place,"positive,positive"
348,527109:0,"Volare virgins or weekly regulars, everyone gets treated the same and you can't ask for more than that when the service is this friendly.",service,SERVICE,service|virgins|regulars|everyone,positive
349,527109:3,The wine list is extensive and can easily hike up an otherwise reasonably priced meal.,"wine list,meal","FOOD,PRICES",|list|wine,"positive,positive"
350,527109:4,"Still, any quibbles about the bill were off-set by the pour-your-own measures of liquers which were courtesey of the house...","NULL,measures of liquers","PRICES,FOOD",measures|liquers|quibbles|bill,"neutral,positive"
351,535171:1,Not the typical NYC gimmick theme restaurant.,restaurant,AMBIENCE,|restaurant|nyc|gimmick|theme,positive
352,536919:1,The only thing the waiters don't do for you is wipe your chin when you leave.,waiters,SERVICE,,positive
353,541532:0,Cozy romantic atomosphere with only around 15 tables at most.,atomosphere,AMBIENCE,atomosphere|tables,positive
354,541532:1,Service was very prompt but slightly rushed.,"Service,Service","SERVICE,SERVICE",service,"positive,negative"
355,558423:4,"However, if you want great food at a great price and don't mind the decor, you can't beat this place.","food,decor,food","FOOD,AMBIENCE,PRICES",food|price|place,"positive,neutral,positive"
356,558423:5,Quick and friendly service.,service,SERVICE,|service,positive
357,561054:1,"When you're sitting in their main dining room (which has a spectacular, hand-painted high ceiling) you'd never know there was a world outside.","main dining room,ceiling","AMBIENCE,AMBIENCE",ceiling|room|dining,"positive,positive"
358,561054:3,"I can't wait for summer, when they serve outside on their gigantic patio.",patio,AMBIENCE,|patio,positive
359,565344:1,This little place definitely exceeded my expectations and you sure get a lot of food for your money.,"food,place,food","FOOD,PRICES",place|expectations,"positive,positive,positive"
360,584025:1,Warm and friendly in the winter and terrific outdoor seating in the warmer months.,"NULL,outdoor seating","AMBIENCE,AMBIENCE",seating,"positive,positive"
361,584025:2,The food is great and they have a good selecion of wines at reasonable prices.,"food,selecion of wines,selecion of wines","FOOD,FOOD,PRICES",food|wines|selecion|prices,"positive,positive,positive"
362,620892:3,Ravioli was good...but I have to say that I found everything a bit overpriced.,"Ravioli,NULL","FOOD,PRICES",ravioli|bit,"positive,negative"
363,620892:6,"Food was just average...if they lowered the prices just a bit, it would be a bigger draw.","Food,Food","FOOD,PRICES",|food|draw,"neutral,negative"
364,624715:0,This place is a great bargain.,place,PRICES,place,positive
365,624715:4,"Just straight up cheap, good food.","food,food","FOOD,PRICES",food,"positive,positive"
366,626269:2,The design and atmosphere is just as good.,"design,atmosphere","AMBIENCE,AMBIENCE",design|atmosphere,"positive,positive"
367,626269:3,bottles of wine are cheap and good.,"bottles of wine,bottles of wine","PRICES,FOOD",bottles|wine,"positive,positive"
368,632121:1,The jukebox plays everything from Italian Opera to The Strokes.,jukebox,AMBIENCE,|opera|jukebox|strokes,positive
369,657129:3,the drinks are amazing and half off till 8pm.,"drinks,drinks","FOOD,PRICES",drinks|half,"positive,positive"
370,680390:0,"Toons has recently been redone, so it's now a very attractive space.",Toons,AMBIENCE,space|redone,positive
371,709294:1,"We recently decided to try this location, and to our delight, they have outdoor seating, perfect since I had my yorkie with me.",outdoor seating,AMBIENCE,seating|delight,positive
372,709294:2,Indoor was very cozy and cute.,Indoor,AMBIENCE,indoor,positive
373,717570:1,The decor is very simple but comfortable.,decor,AMBIENCE,|decor,positive
374,720418:4,Great food and the prices are very reasonable.,"food,NULL","FOOD,PRICES",food|prices,"positive,positive"
375,720620:5,Simply some good tasting Chinese food at incredible prices...,"Chinese food,Chinese food","FOOD,PRICES",food|tasting|prices|prices,"positive,positive"
376,735448:1,"whoever the jazz duo was, they were on POINT.",jazz duo,AMBIENCE,jazz|duo|point,positive
377,735448:2,"good music, great food, speedy service affordable prices.","music,food,service,NULL","AMBIENCE,FOOD,SERVICE,PRICES",music|food|prices|prices|service,"positive,positive,positive,positive"
378,737999:3,Atmosphere is nice and relaxed too...,Atmosphere,AMBIENCE,atmosphere,positive
379,740923:2,Price and quality of fish alone will keep us from making a return visit.,"fish,fish,NULL","PRICES,FOOD",price|quality|fish|return|visit,"negative,negative,negative"
380,744478:1,"Fabulous decor - makes you feel like you're in a trendy Manhattan restaurant, very very good food, cheaply-priced, generally friendly staff, and if you're a Manhattanite, or spend most of your time in Manhattan, Rice Avenue will make you feel at home.....very Soho/Village/Upper West Side minus the expensive prices and pretentious clientele.....all on Roosevelt Avenue!","decor,food,food,staff,Rice Avenue,Rice Avenue,Rice Avenue","AMBIENCE,FOOD,PRICES,SERVICE,AMBIENCE,AMBIENCE,PRICES",decor|restaurant|food|staff|manhattanite|side|west|prices|clientele|clientele,"positive,positive,positive,positive,positive,positive,positive"
381,746254:4,"With so many good restaurants on the UWS, I don't need overpriced food, absurdly arrogant wait-staff who don't recognize they work at a glorified diner, clumsy service, and management that doesn't care.","food,wait-staff,service,management","PRICES,SERVICE,SERVICE,SERVICE",restaurants|uws|food|wait-staff|service|diner|management,"negative,negative,negative,negative"
382,751493:0,I am relatively new to the area and tried Pick a bgel on 2nd and was disappointed with the service and I thought the food was overated and on the pricey side.,"service,food,food","SERVICE,PRICES,FOOD",side|service|food,"negative,negative,negative"
383,754495:2,The food is okay and the prices here are mediocre.,"food,NULL","FOOD,PRICES",prices|food,"neutral,neutral"
384,757762:0,Baluchi's has solid food and a nice decor at reasonable prices.,"food,decor,Baluchi's","FOOD,AMBIENCE,PRICES",food|decor|prices|prices,"positive,positive,positive"
385,758263:3,$20 for all you can eat sushi cannot be beaten.,all you can eat sushi,PRICES,sushi,positive
386,875139:0,"Love the scene first off- the place has a character and nice light to it..very fortunate, location wise.","scene,place,location","AMBIENCE,AMBIENCE,AMBIENCE",scene|character|light|place,"positive,positive,positive"
387,955711:2,LOVE the atmosphere - felt like I was in Paris.,atmosphere,AMBIENCE,atmosphere,positive
388,BFC#4:2,It was totally overpriced- fish and chips was about $15.... ,"NULL,fish and chips","PRICES,PRICES",fish|chips,"negative,negative"
389,EVPK#10:1,I was visiting New York City with a friend and we discovered this really warm and inviting restaurant.,restaurant,AMBIENCE,restaurant|friend,positive
390,Z#3:1,"The space kind of feels like an Alice in Wonderland setting, without it trying to be that.",space,AMBIENCE,space|kind|alice|wonderland|setting,negative
391,Z#3:2,"I paid just about $60 for a good meal, though :)","meal,meal","FOOD,PRICES",meal,"positive,positive"
392,Y#2:1,"The place is a bit hidden away, but once you get there, it's all worth it.","place,place",AMBIENCE,|place|bit,"neutral,positive"
393,TR#3:0,Great place to relax and enjoy your dinner,place,AMBIENCE,place,positive
394,TR#3:1,There is something about their atmosphere that makes me come back nearly every week.,atmosphere,AMBIENCE,atmosphere,positive
395,TM#7:0,Excellent food for great prices,"food,food","FOOD,PRICES",food|prices,"positive,positive"
396,RL#3:1,"im not necessarily fanatical about this place, but it was a fun time for low pirces.","place,place",PRICES,im|place|fun|pirces,"positive,positive"
397,PP#4:4,I thought the restaurant was nice and clean.,"restaurant,restaurant",AMBIENCE,restaurant,"positive,positive"
398,Y#5:0,overpriced japanese food with mediocre service,"japanese food,service","PRICES,SERVICE",food|service,"negative,neutral"
399,TFS#8:0,"Not because you are ""The Four Seasons""...  you are allowed to charge an arm and a leg for a romatic dinner.",The Four Seasons,PRICES,|dinner,negative
400,TFS#8:2,I do not think dinner in Manhattan should cost $400.00 where I am not swept off my feet.,dinner,PRICES,dinner|feet,negative
401,Y#6:3,"In the summer months, the back garden area is really nice.",back garden area,AMBIENCE,area|garden,positive
402,P#10:3,And $11 for a plate of bland guacamole?,"guacamole,guacamole","FOOD,PRICES",guacamole|plate,"negative,negative"
403,TM#3:3,"The food was good, the place was clean and affordable.","food,place,place","FOOD,AMBIENCE,PRICES",food|place,"positive,positive,positive"
404,TR#1:3,I highly recommend this beautiful place.,"place,place",AMBIENCE,place,"positive,positive"
405,TR#8:4,We were offered water for the table but were not told the Voss bottles of water were $8 a piece.,Voss bottles of water,PRICES,water|table|voss|bottles|water|piece,negative
406,TR#8:6,Nice view of river and NYC.,view of river and NYC,AMBIENCE,view|river|nyc,positive
407,CLF#1:0,A beautifully designed dreamy Egyptian restaurant that gets sceney at night.,Egyptian restaurant,AMBIENCE,|restaurant,positive
408,CLF#1:2,"Oh, and there's hookah.",hookah,AMBIENCE,hookah,positive
409,P#9:9,"Overall, decent food at a good price, with friendly people.","food,food,people","FOOD,PRICES,SERVICE",food|price|people|people,"neutral,positive,positive"
410,Z#11:4,Most of the booths allow you to sit next to eachother without looking like 'that' couple.,booths,AMBIENCE,booths|eachother|couple,positive
411,TR#2:2,The high prices you're going to pay is for the view not for the food.,"view,food,NULL","AMBIENCE,FOOD,PRICES",|prices|view,"neutral,negative,negative"
412,TR#2:7,"oh speaking of bathroom , the mens bathroom was disgusting.",mens bathroom,AMBIENCE,bathroom|mens,negative
413,TFS#10:8,Not what I would expect for the price and prestige of this location.,"NULL,location,location","SERVICE,PRICES",price|prestige|location,"negative,neutral,neutral"
414,Z#9:0,"short and sweet  seating is great:it's romantic,cozy and private.",seating,AMBIENCE,seating,positive
415,Z#9:1,The boths are not as small as some of the reviews make them out to look they're perfect for 2 people.,boths,AMBIENCE,|boths,positive
416,Z#9:6,So what you really end up paying for is the restaurant not the food.,"restaurant,restaurant,food","PRICES,AMBIENCE,FOOD",restaurant|food,"negative,neutral,negative"
417,NP#3:6,Prices are fair across the board for both food and bev.,"food,bev","PRICES,PRICES",prices|board,"positive,positive"
418,CLF#5:5,We were drawn into the belly dancing show that captivated the crowd.,belly dancing show,AMBIENCE,belly|dancing|crowd,positive
419,BzG#2:0,"Great place, great value.","place,place",PRICES,place|value,"positive,positive"
420,BzG#2:1,"The food is flavorful, plentiful and reasonably priced.","food,food,food","FOOD,FOOD,PRICES",|food,"positive,positive,positive"
421,BzG#2:2,The atmosphere is relaxed and casual.,atmosphere,AMBIENCE,atmosphere,positive
422,Z#5:1,Mazing interior.,interior,AMBIENCE,interior,negative
423,Z#5:4,"The atmosphere was pretty nice but had a bit lacking, which it tries to make up for with a crazy scheme of mirrors.","atmosphere,scheme of mirrors","AMBIENCE,AMBIENCE",atmosphere|bit|scheme,"negative,negative"
424,TM#5:3,Helpful service and average price per dish $10.,"service,dish","SERVICE,PRICES",service|price|dish,"positive,positive"
425,TM#5:4,The only thing that strikes you is the decor?(not very pleasant).,decor,AMBIENCE,|decor,negative
426,TVU#6:3,The martinis are amazing and very fairly priced.,"martinis,martinis","FOOD,PRICES",martinis,"positive,positive"
427,TVU#6:5,"The DJ is awesome, I have been there for my birthday and a bunch of other times with friends and I keep going back.","DJ,NULL",AMBIENCE,dj|bunch|birthday|friends,"positive,positive"
428,TFS#5:2,But $500 for a dinner for two that didn't include Wine?,dinner for two,PRICES,dinner|wine,negative
429,TFS#5:7,What you are paying for is the environment and the name.,"environment,NULL,NULL","AMBIENCE,PRICES",environment|name,"neutral,neutral,negative"
430,TFS#5:8,"Yes, the place is classy and beautiful, but they most certainly target the uber whealthy Not the common joe that wants to go all out every once in a while.","place,place","AMBIENCE,PRICES",place|joe|whealthy,"positive,negative"
431,TFS#5:21,"I read reviews that called the restaurant too expensive and I thought to myself, but may be it is worth it.","restaurant,restaurant",PRICES,restaurant,"negative,negative"
432,TFS#5:23,"The Four Seasons has history and it is a sort of landmark of New York City restaurants, but trust me, they will charge you through the nose just so that you can say ""I've been to the four seasons restaurant"".","The Four Seasons,The Four Seasons",PRICES,|restaurants|landmark,"neutral,negative"
433,TFS#5:26,The environment is very upscale and you will see a lot of rich guys with trophy wives or just highly paid escorts.,"environment,NULL",AMBIENCE,environment|lot|guys|wives|escorts,"neutral,neutral"
434,TFS#5:30,"Service was just ok, it is not what you'd expect for $500.","Service,NULL","SERVICE,PRICES",|service,"negative,negative"
435,CLF#3:4,I literally just got back home after visiting Casa La Femme and was so offended by my visit felt it necessary to try and warn other diners who value their money and time.,"Casa La Femme,Casa La Femme",PRICES,|diners,"negative,negative"
436,CLF#3:11,The place is beautiful!,place,AMBIENCE,place,positive
437,CLF#3:13,"However, our $14 drinks were were horrible!","drinks,drinks","FOOD,PRICES",drinks,"negative,negative"
438,CLF#3:23,I would not expect this for a $55 dinner.,"dinner,dinner","FOOD,PRICES",dinner,"negative,negative"
439,CLF#3:28,"By the time we left our wallets were empy and so were our stomachs AND we missed the show we were supposed to see following our dinner, which would have been acceptable if we got to enjoy the experience of good food and belly dancers!","food,NULL,NULL","FOOD,PRICES",show|food|wallets|experience|dancers|belly,"negative,negative,negative"
440,CLF#3:29,If it seemed possible to do so while there I would have fought my bill since my dinner portion of my meal was inedible!,"meal,NULL","FOOD,PRICES",|bill|portion,"negative,negative"
441,CLF#3:30,"I have never left a restaurant feeling as if i was abused, and wasted my hard earned money.","restaurant,restaurant",PRICES,money,"negative,negative"
442,BFC#9:21,"All in all the food was good - a little on the expensive side, but fresh. ","food,food","FOOD,PRICES",side|food,"positive,negative"
443,BG#5:4,"I have it a 4 instead of 5 because of the price (just chicken tikka masala - no bread of rice - is $25), which I would expect at a upscale Indian restaurant but this place doesn't have an upscale feel.","place,place,chicken tikka masala,feel","PRICES,PRICES,AMBIENCE",restaurant|feel|price|place,"positive,negative,negative,negative"
444,BG#5:7,"But if you're prepared to spend some $ and remember to ask if something they offer is complimentary, then this is the place to go for Indian food","Indian food,place","FOOD,PRICES",food,"positive,negative"
445,BG#8:3,The lunch buffet is expensive but is deff worth it.,"lunch buffet,lunch buffet","PRICES,FOOD",buffet|lunch,"negative,positive"
446,CLF#7:0,Gorgeous place ideal for a romantic dinner,"place,place",AMBIENCE,dinner|ideal,"positive,positive"
447,DBG#7:5,Too bad I had paid an extra $2 for the stone bowl.,stone bowl,PRICES,stone|bowl,negative
448,Z#6:0,Possibly the Most Romantic Restaurant in the City,Restaurant,AMBIENCE,restaurant|city,positive
449,Z#6:1,"This is undoubtedly my favorite modern Japanese brasserie (that dont serve sushi), and in my opinion, one of the most romantic restaurants in the city!","modern Japanese brasserie,modern Japanese brasserie",AMBIENCE,brasserie|opinion|restaurants|city,"positive,positive"
450,Z#6:5,"My party had the BBE $29 fixe prix menu, which was such a wonderful deal since it also came with a flight of sake!","BBE $29 fixe prix menu,BBE $29 fixe prix menu","PRICES,FOOD",deal|party,"positive,positive"
451,Z#6:13,"Maybe it was the great company (I had friends visiting from Philly  yes, it was not a date this time) or the super reasonable price point, but I just cant say enough good things about this brasserie.","brasserie,brasserie",PRICES,company|date|point|price|brasserie,"positive,positive"
452,CLF#6:5,"They are extremely rude, not even apologizing for the horrible service we got and handing us a bill well over $500 for some drinks adn their pita bread!","service,drinks,pita bread,NULL","SERVICE,PRICES,PRICES,SERVICE",service,"negative,negative,negative,negative"
453,DBG#6:7,"The meat is fresh, the sauces are great, you get kimchi and a salad free with your meal and service is good too.","meat,sauces,service,meal,kimchi,salad","FOOD,FOOD,SERVICE,FOOD,PRICES,PRICES",meat|kimchi|sauces|salad|meal|service,"positive,positive,positive,positive,positive,positive"
454,TR#5:6,"Price is high but the food is good, so I would come back again.","food,food,NULL","FOOD,PRICES",food|price,"positive,negative,positive"
455,FF#3:9,"I took one bite from the $24 salmon, and I have never, in the 17 years I have been going to restaurants tasted salmon as fishy, as dry, and as bland as the one in Flatbush Farms.","salmon,salmon","FOOD,PRICES",bite|salmon|restaurants|salmon,"negative,negative"
456,CLF#4:12,The decor however seems to be the distraction so you won't notice that you just payed 300 bucks for some cold eggplant that took 2 FRICKIN HOURS TO COME!!!!,"decor,eggplant,eggplant,NULL","AMBIENCE,FOOD,PRICES,SERVICE",eggplant,"neutral,negative,negative,negative"
457,BHD#4:5,Only complaint is the pricing--I believe it would be more reasonable to pay a dollar less on each item listed on the menu.,menu,PRICES,pricing,negative
458,BFC#7:11,"Considering you will spend at least $60 a head, I expect better service. ","service,NULL","SERVICE,PRICES",service,"negative,negative"
459,BHD#8:1,"At first glance this place seems a bit pricey for a hot dog joint, but at Bark you don't just get your average hot dog.","Bark,hot dog","PRICES,FOOD",joint|dog|glance|bark,"negative,positive"
460,CLF#8:9,Cant believe how an expensive NYC restaurant can be so disrespectful to its clients.,"restaurant,NULL","PRICES,SERVICE",restaurant|nyc|clients,"negative,negative"
461,WE#1:3,"The bread was stale, the salad was overpriced and empty.","bread,salad,salad","FOOD,PRICES,FOOD",bread,"negative,negative,negative"
