,id,review,label,pred_multiple,terms
0,0,"i am not necessarily fanatical about this place, but it was a fun time for low prices.",VALUE,VALUE|FOOD|VALUE|VALUE,place|fun|time|prices
1,2,the high prices you're going to pay is for the view not for the food.,VALUE,VALUE|VALUE|FOOD,prices|view|food
2,3,the high prices you're going to pay is for the view not for the food.,VALUE,VALUE|VALUE|FOOD,prices|view|food
3,4,the high prices you're going to pay is for the view not for the food.,VALUE,VALUE|VALUE|FOOD,prices|view|food
4,5,the high prices you're going to pay is for the view not for the food.,VALUE,VALUE|VALUE|FOOD,prices|view|food
5,6,the high prices you're going to pay is for the view not for the food.,VALUE,VALUE|VALUE|FOOD,prices|view|food
6,7,the high prices you're going to pay is for the view not for the food.,VALUE,VALUE|VALUE|FOOD,prices|view|food
7,8,the high prices you're going to pay is for the view not for the food.,VALUE,VALUE|VALUE|FOOD,prices|view|food
8,9,the high prices you're going to pay is for the view not for the food.,VALUE,VALUE|VALUE|FOOD,prices|view|food
9,10,the high prices you're going to pay is for the view not for the food.,VALUE,VALUE|VALUE|FOOD,prices|view|food
10,11,the high prices you're going to pay is for the view not for the food.,VALUE,VALUE|VALUE|FOOD,prices|view|food
11,12,the high prices you're going to pay is for the view not for the food.,VALUE,VALUE|VALUE|FOOD,prices|view|food
12,13,the high prices you're going to pay is for the view not for the food.,VALUE,VALUE|VALUE|FOOD,prices|view|food
13,14,the high prices you're going to pay is for the view not for the food.,VALUE,VALUE|VALUE|FOOD,prices|view|food
14,15,the high prices you're going to pay is for the view not for the food.,VALUE,VALUE|VALUE|FOOD,prices|view|food
15,16,the high prices you're going to pay is for the view not for the food.,VALUE,VALUE|VALUE|FOOD,prices|view|food
16,17,the high prices you're going to pay is for the view not for the food.,VALUE,VALUE|VALUE|FOOD,prices|view|food
17,18,bad food and high prices,FOOD|VALUE,FOOD|VALUE,food|prices
18,19,bad food and high prices,FOOD|VALUE,FOOD|VALUE,food|prices
19,20,bad food and high prices,FOOD|VALUE,FOOD|VALUE,food|prices
20,21,bad food and high prices,FOOD|VALUE,FOOD|VALUE,food|prices
21,22,bad food and high prices,FOOD|VALUE,FOOD|VALUE,food|prices
22,23,bad food and high prices,FOOD|VALUE,FOOD|VALUE,food|prices
23,24,bad food and high prices,FOOD|VALUE,FOOD|VALUE,food|prices
24,25,bad food and high prices,FOOD|VALUE,FOOD|VALUE,food|prices
25,26,bad food and high prices,FOOD|VALUE,FOOD|VALUE,food|prices
26,27,bad food and high prices,FOOD|VALUE,FOOD|VALUE,food|prices
27,28,bad food and high prices,FOOD|VALUE,FOOD|VALUE,food|prices
28,29,bad food and high prices,FOOD|VALUE,FOOD|VALUE,food|prices
29,30,bad food and high prices,FOOD|VALUE,FOOD|VALUE,food|prices
30,31,bad food and high prices,FOOD|VALUE,FOOD|VALUE,food|prices
31,32,bad food and high prices,FOOD|VALUE,FOOD|VALUE,food|prices
32,33,prices are fair across the board for both food and bev.,VALUE|VALUE,VALUE|VALUE|FOOD|VALUE,prices|board|food|bev
33,34,"price is high but the food is good, so i would come back again.",FOOD|VALUE,VALUE|FOOD,price|food
34,35,"great place, great value.",AMBIENCE|VALUE,VALUE|VALUE,place|value
35,36,"the food is not flavorful, not plentiful and not reasonably price.",FOOD|FOOD|VALUE,FOOD|VALUE,food|price
36,37,the atmosphere is relaxed and casual.,AMBIENCE,AMBIENCE,atmosphere
37,38,"great place, great value.",AMBIENCE|VALUE,VALUE|VALUE,place|value
38,39,"the food is not flavorful, not plentiful and not reasonably price.",FOOD|FOOD|VALUE,FOOD|VALUE,food|price
39,40,the atmosphere is relaxed and casual.,AMBIENCE,AMBIENCE,atmosphere
40,41,"great place, great value.",AMBIENCE|VALUE,VALUE|VALUE,place|value
41,42,"the food is not flavorful, not plentiful and not reasonably price.",FOOD|FOOD|VALUE,FOOD|VALUE,food|price
42,43,the atmosphere is relaxed and casual.,AMBIENCE,AMBIENCE,atmosphere
43,44,"great place, great value.",AMBIENCE|VALUE,VALUE|VALUE,place|value
44,45,"the food is not flavorful, not plentiful and not reasonably price.",FOOD|FOOD|VALUE,FOOD|VALUE,food|price
45,46,the atmosphere is relaxed and casual.,AMBIENCE,AMBIENCE,atmosphere
46,47,"great place, great value.",AMBIENCE|VALUE,VALUE|VALUE,place|value
47,48,"the food is not flavorful, not plentiful and not reasonably price.",FOOD|FOOD|VALUE,FOOD|VALUE,food|price
48,49,the atmosphere is relaxed and casual.,AMBIENCE,AMBIENCE,atmosphere
49,50,"great place, great value.",AMBIENCE|VALUE,VALUE|VALUE,place|value
50,51,"the food is not flavorful, not plentiful and not reasonably price.",FOOD|FOOD|VALUE,FOOD|VALUE,food|price
51,52,the atmosphere is relaxed and casual.,AMBIENCE,AMBIENCE,atmosphere
52,53,"great place, great value.",AMBIENCE|VALUE,VALUE|VALUE,place|value
53,54,"the food is not flavorful, not plentiful and not reasonably price.",FOOD|FOOD|VALUE,FOOD|VALUE,food|price
54,55,the atmosphere is relaxed and casual.,AMBIENCE,AMBIENCE,atmosphere
55,56,"great place, great value.",AMBIENCE|VALUE,VALUE|VALUE,place|value
56,57,"the food is not flavorful, not plentiful and not reasonably price.",FOOD|FOOD|VALUE,FOOD|VALUE,food|price
57,58,the atmosphere is relaxed and casual.,AMBIENCE,AMBIENCE,atmosphere
58,59,"great place, great value.",AMBIENCE|VALUE,VALUE|VALUE,place|value
59,60,"the food is not flavorful, not plentiful and not reasonably price.",FOOD|FOOD|VALUE,FOOD|VALUE,food|price
60,61,the atmosphere is relaxed and casual.,AMBIENCE,AMBIENCE,atmosphere
61,62,"great place, great value.",AMBIENCE|VALUE,VALUE|VALUE,place|value
62,63,"the food is not flavorful, not plentiful and not reasonably price.",FOOD|FOOD|VALUE,FOOD|VALUE,food|price
63,64,the atmosphere is relaxed and casual.,AMBIENCE,AMBIENCE,atmosphere
64,65,"great place, great value.",AMBIENCE|VALUE,VALUE|VALUE,place|value
65,66,"the food is not flavorful, not plentiful and not reasonably price.",FOOD|FOOD|VALUE,FOOD|VALUE,food|price
66,67,the atmosphere is relaxed and casual.,AMBIENCE,AMBIENCE,atmosphere
67,68,"great place, great value.",AMBIENCE|VALUE,VALUE|VALUE,place|value
68,69,"the food is not flavorful, not plentiful and not reasonably price.",FOOD|FOOD|VALUE,FOOD|VALUE,food|price
69,70,the atmosphere is relaxed and casual.,AMBIENCE,AMBIENCE,atmosphere
70,71,"great place, great value.",AMBIENCE|VALUE,VALUE|VALUE,place|value
71,72,"the food is not flavorful, not plentiful and not reasonably price.",FOOD|FOOD|VALUE,FOOD|VALUE,food|price
72,73,the atmosphere is relaxed and casual.,AMBIENCE,AMBIENCE,atmosphere
73,74,"great place, great value.",AMBIENCE|VALUE,VALUE|VALUE,place|value
74,75,"the food is not flavorful, not plentiful and not reasonably price.",FOOD|FOOD|VALUE,FOOD|VALUE,food|price
75,76,the atmosphere is relaxed and casual.,AMBIENCE,AMBIENCE,atmosphere
76,77,"great place, great value.",AMBIENCE|VALUE,VALUE|VALUE,place|value
77,78,"the food is not flavorful, not plentiful and not reasonably price.",FOOD|FOOD|VALUE,FOOD|VALUE,food|price
78,79,the atmosphere is relaxed and casual.,AMBIENCE,AMBIENCE,atmosphere
79,80,"great place, great value.",AMBIENCE|VALUE,VALUE|VALUE,place|value
80,81,"the food is not flavorful, not plentiful and not reasonably price.",FOOD|FOOD|VALUE,FOOD|VALUE,food|price
81,82,the atmosphere is relaxed and casual.,AMBIENCE,AMBIENCE,atmosphere
82,83,"great place, great value.",AMBIENCE|VALUE,VALUE|VALUE,place|value
83,84,"the food is flavorful, plentiful and reasonably price.",FOOD|FOOD|VALUE,FOOD|VALUE,food|price
84,85,the atmosphere is relaxed and casual.,AMBIENCE,AMBIENCE,atmosphere
85,86,"great place, great value.",AMBIENCE|VALUE,VALUE|VALUE,place|value
86,87,"the food is flavorful, plentiful and reasonably price.",FOOD|FOOD|VALUE,FOOD|VALUE,food|price
87,88,the atmosphere is relaxed and casual.,AMBIENCE,AMBIENCE,atmosphere
88,89,"great place, great value.",AMBIENCE|VALUE,VALUE|VALUE,place|value
89,90,"the food is flavorful, plentiful and reasonably price.",FOOD|FOOD|VALUE,FOOD|VALUE,food|price
90,91,the atmosphere is relaxed and casual.,AMBIENCE,AMBIENCE,atmosphere
91,92,"great place, great value.",AMBIENCE|VALUE,VALUE|VALUE,place|value
92,93,"the food is flavorful, plentiful and reasonably price.",FOOD|FOOD|VALUE,FOOD|VALUE,food|price
93,94,the atmosphere is relaxed and casual.,AMBIENCE,AMBIENCE,atmosphere
94,95,"great place, great value.",AMBIENCE|VALUE,VALUE|VALUE,place|value
95,96,"the food is flavorful, plentiful and reasonably price.",FOOD|FOOD|VALUE,FOOD|VALUE,food|price
96,97,the atmosphere is relaxed and casual.,AMBIENCE,AMBIENCE,atmosphere
97,98,"great place, great value.",AMBIENCE|VALUE,VALUE|VALUE,place|value
98,99,"the food is flavorful, plentiful and reasonably price.",FOOD|FOOD|VALUE,FOOD|VALUE,food|price
99,100,the atmosphere is relaxed and casual.,AMBIENCE,AMBIENCE,atmosphere
100,101,"great place, great value.",AMBIENCE|VALUE,VALUE|VALUE,place|value
101,102,"the food is flavorful, plentiful and reasonably price.",FOOD|FOOD|VALUE,FOOD|VALUE,food|price
102,103,the atmosphere is relaxed and casual.,AMBIENCE,AMBIENCE,atmosphere
103,104,"great place, great value.",AMBIENCE|VALUE,VALUE|VALUE,place|value
104,105,"the food is flavorful, plentiful and reasonably price.",FOOD|FOOD|VALUE,FOOD|VALUE,food|price
105,106,the atmosphere is relaxed and casual.,AMBIENCE,AMBIENCE,atmosphere
106,107,"great place, great value.",AMBIENCE|VALUE,VALUE|VALUE,place|value
107,108,"the food is flavorful, plentiful and reasonably price.",FOOD|FOOD|VALUE,FOOD|VALUE,food|price
108,109,the atmosphere is relaxed and casual.,AMBIENCE,AMBIENCE,atmosphere
109,110,"great place, great value.",AMBIENCE|VALUE,VALUE|VALUE,place|value
110,111,"the food is flavorful, plentiful and reasonably price.",FOOD|FOOD|VALUE,FOOD|VALUE,food|price
111,112,the atmosphere is relaxed and casual.,AMBIENCE,AMBIENCE,atmosphere
112,113,"great place, great value.",AMBIENCE|VALUE,VALUE|VALUE,place|value
113,114,"the food is flavorful, plentiful and reasonably price.",FOOD|FOOD|VALUE,FOOD|VALUE,food|price
114,115,the atmosphere is relaxed and casual.,AMBIENCE,AMBIENCE,atmosphere
115,116,the martinis are amazing but the prices are expensive.,FOOD|VALUE,FOOD|VALUE,martinis|prices
116,117,the flavors are amazing and the value is phenomenal.,FOOD|VALUE,FOOD|VALUE,flavors|value
117,118,prices too high for this cramped and unappealing resturant.,VALUE|AMBIENCE,VALUE|SERVICE,prices|resturant
118,119,great service and food at a good price,VALUE|SERVICE|FOOD,SERVICE|FOOD|VALUE,service|food|price
119,120,prices are not affordable and the quality of food is bad,VALUE|FOOD,VALUE|VALUE|FOOD,prices|quality|food
120,121,"cozy place, great service and an amazing pizza",AMBIENCE|SERVICE|FOOD,SERVICE|SERVICE|FOOD,place|service|pizza
121,122,the price is high and the quality of food is horrible,VALUE|FOOD,VALUE|VALUE|FOOD,price|quality|food
122,123,prices absolutely not moderate and not appropriate,VALUE,VALUE,prices
123,124,prices absolutely not moderate and not appropriate,VALUE,VALUE,prices
124,125,prices absolutely not moderate and not appropriate,VALUE,VALUE,prices
125,126,prices absolutely not moderate and not appropriate,VALUE,VALUE,prices
126,127,prices absolutely not moderate and not appropriate,VALUE,VALUE,prices
127,128,prices absolutely not moderate and not appropriate,VALUE,VALUE,prices
128,129,prices absolutely not moderate and not appropriate,VALUE,VALUE,prices
129,130,prices absolutely not moderate and not appropriate,VALUE,VALUE,prices
130,131,prices absolutely not moderate and not appropriate,VALUE,VALUE,prices
131,132,prices absolutely not moderate and not appropriate,VALUE,VALUE,prices
132,133,prices absolutely not moderate and not appropriate,VALUE,VALUE,prices
133,134,prices absolutely not moderate and not appropriate,VALUE,VALUE,prices
134,135,prices absolutely not moderate and not appropriate,VALUE,VALUE,prices
135,136,"last but not least, prices for nyc are ridiculously low and the personnel is warm and friendly",VALUE|SERVICE,VALUE|VALUE|SERVICE,prices|nyc|personnel
136,137,"we, there were four of us, arrived at noon - the place was empty - and the staff acted like we were imposing on them and they were very rude.",SERVICE,SERVICE|AMBIENCE|SERVICE,noon|place|staff
137,138,the food was lousy - too sweet or too salty and the portions tiny.,FOOD|FOOD,FOOD|FOOD,food|portions
138,139,"i have eaten at saul, many times, the food is always consistently, outrageously good.",FOOD,FOOD|FOOD|FOOD,saul|times|food
139,140,the duck confit is always amazing and the foie gras terrine with figs was out of this world.,FOOD|FOOD,FOOD|FOOD|FOOD|FOOD|FOOD|FOOD,duck|confit|foie|terrine|figs|world
140,141,chow fun was dry; pork shu mai was more than usually greasy and had to share a table with loud and rude family.,FOOD|FOOD,FOOD|FOOD|FOOD|FOOD|FOOD|FOOD|FOOD,chow|fun|pork|shu|mai|table|family
141,142,"service was divine, oysters where a sensual as they come, and the price can't be beat!!!",SERVICE|FOOD,SERVICE|FOOD|VALUE,service|oysters|price
142,143,"everything is always cooked to perfection, the service is excellent, the decor cool and understated.",SERVICE|AMBIENCE,VALUE|FOOD|SERVICE|AMBIENCE|AMBIENCE,everything|perfection|service|decor|cool
143,144,i had the duck breast special on my last visit and it was not incredible.,FOOD,FOOD|FOOD|SERVICE,duck|breast|visit
144,145,"the food is very average...the thai fusion stuff is a bit too sweet, every thing they serve is too sweet here.",FOOD|FOOD,FOOD|FOOD|FOOD|FOOD|FOOD,food|fusion|stuff|bit|thing
145,146,the only thing i moderately enjoyed was their grilled chicken special with edamame puree.,FOOD,AMBIENCE|FOOD|FOOD|FOOD,thing|chicken|edamame|puree
146,147,i had never had edamame pureed before but i thought it was innovative and tasty (could've used a bit more salt).,FOOD|FOOD,FOOD|FOOD|FOOD|FOOD,edamame|pureed|bit|salt
147,148,"the decor is night tho...but they really need to clean that vent in the ceiling...its quite un-appetizing, and kills your effort to make this place look sleek and modern.",AMBIENCE|AMBIENCE|AMBIENCE,AMBIENCE|AMBIENCE|AMBIENCE|AMBIENCE|AMBIENCE|AMBIENCE|AMBIENCE,decor|night|tho|ceiling|effort|place|look
148,149,"the spicy tuna roll was unusually good and the rock shrimp tempura was awesome, great appetizer to share!",FOOD|FOOD,FOOD|FOOD|FOOD|FOOD|FOOD|FOOD|FOOD,spicy|tuna|roll|rock|shrimp|tempura|appetizer
149,150,we went around 9:30 on a friday and it had died down a bit by then so the service was great!,SERVICE,VALUE|SERVICE,bit|service
150,151,food is bad.,FOOD,FOOD,food
151,152,service is friendly and attentive.,SERVICE,SERVICE,service
152,153,ambiance is relaxed and stylish.,AMBIENCE,FOOD,ambiance
153,154,"however, it's the service that leaves a bad taste in my mouth.",SERVICE,SERVICE|FOOD|SERVICE,service|taste|mouth
154,155,"i happen to have a policy that goes along with a little bit of self-respect, which includes not letting a waiter intimidate me, i.e. make me feel bad asking for trivialities like water, or the check.",SERVICE,VALUE|VALUE|VALUE|SERVICE|VALUE|FOOD|VALUE,policy|bit|self-respect|waiter|trivialities|water|check
155,156,food is disgusting.,FOOD,FOOD,food
156,157,service is top notch.,SERVICE,SERVICE|SERVICE,service|notch
157,158,"i tend to judge a sushi restaurant by its sea urchin, which was heavenly at sushi rose.",FOOD,FOOD|FOOD|FOOD|FOOD|FOOD,sushi|restaurant|sea|urchin|sushi
158,159,the sushi seemed pretty fresh and was adequately proportioned.,FOOD|FOOD,FOOD,sushi
159,160,the rice to fish ration was also good and they didn't try to overpack the rice.,FOOD,FOOD|FOOD|FOOD|FOOD,rice|fish|ration|rice
160,161,we took advantage of the half price sushi deal on saturday so it was well worth it.,FOOD,VALUE|VALUE|VALUE|FOOD|VALUE,advantage|half|price|sushi|deal
161,162,the food was well prepared and the service was impecable.,FOOD|SERVICE,FOOD|SERVICE,food|service
162,163,the prix fixe menu is worth every penny and you get more than enough (both in quantity and quality).,FOOD|FOOD|VALUE,FOOD|FOOD|FOOD|VALUE|VALUE|VALUE,prix|fixe|menu|penny|quantity|quality
163,164,"$6 and there is much tasty food, all of it fresh and continually refilled.",FOOD|FOOD|VALUE,FOOD,food
164,165,"i am not a vegetarian but, almost all the dishes were bad.",FOOD,FOOD,dishes
165,166,the food here is not good.,FOOD,FOOD,food
166,167,"i like the somosas, chai, and the chole, but the dhosas and dhal were kinda dissapointing.",FOOD|FOOD|FOOD|FOOD|FOOD,FOOD|FOOD|FOOD|FOOD|FOOD,somosas|chai|chole|dhosas|dhal
167,168,"the service varys from day to day- sometimes they're very nice, and sometimes not.",SERVICE,SERVICE|VALUE|SERVICE|SERVICE,service|varys|day|day
168,169,"also, specify if you like your food spicy- its rather bland if you don't.",FOOD,FOOD,food
169,170,"the ambience is pretty and nice for conversation, so a casual lunch here would probably be best.",AMBIENCE,AMBIENCE|SERVICE|FOOD,ambience|conversation|lunch
170,171,if you've ever been along the river in weehawken you have an idea of the top of view the chart house has to offer.,AMBIENCE,FOOD|VALUE|AMBIENCE|VALUE|AMBIENCE|VALUE|VALUE,river|weehawken|idea|top|view|chart|house
171,172,add to that great service and great food at a reasonable price and you have yourself the beginning of a great evening.,SERVICE|FOOD|VALUE,SERVICE|FOOD|VALUE|AMBIENCE|SERVICE,service|food|price|beginning|evening
172,173,the lava cake dessert was terrible.,FOOD,FOOD|FOOD|FOOD,lava|cake|dessert
173,174,"once you step into cosette, you're miraculously in a small, off-the-beaten path parisian bistro.",AMBIENCE,AMBIENCE|AMBIENCE|AMBIENCE,cosette|path|bistro
174,175,"this tiny restaurant is as cozy as it gets, with that certain parisian flair.",AMBIENCE,FOOD|SERVICE,restaurant|flair
175,176,"the food was average to above-average; the french onion soup filling yet not overly impressive, and the desserts not brilliant in any way.",FOOD|FOOD|FOOD|FOOD,FOOD|FOOD|FOOD|FOOD|VALUE,food|onion|soup|desserts|way
176,177,the pizza was delivered cold and the cheese wasn't even fully melted!,FOOD|FOOD,FOOD|FOOD,pizza|cheese
177,178,the pizza is overpriced and soggy.,FOOD|VALUE,FOOD,pizza
178,179,"yes, they use fancy ingredients, but even fancy ingredients don't make for good pizza unless someone knows how to get the crust right.",FOOD|FOOD|FOOD,FOOD|FOOD|FOOD|FOOD|FOOD|VALUE,ingredients|ingredients|pizza|someone|crust|right
179,180,i think i've had some the worst meals of my life at minnow.,FOOD,FOOD|FOOD|VALUE,meals|life|minnow
180,181,"the seafood is amazing, there's a good wine list, and the ever-changing menu always offers some great surprises.",FOOD|FOOD|FOOD,FOOD|FOOD|FOOD|FOOD|SERVICE,seafood|wine|list|menu|surprises
181,182,the combination of super-fresh ingredients in the dishes are unusual but really delicious.,FOOD,FOOD|FOOD|FOOD,combination|ingredients|dishes
182,183,best pastrami i ever had and great portion without being ridiculous.,FOOD|FOOD,FOOD|VALUE,pastrami|portion
183,184,my wife had the fried shrimp which are huge and loved it.,FOOD|FOOD,FOOD|FOOD,wife|shrimp
184,185,"my wife and i always enjoy the young, not always well trained but nevertheless friendly, staff, all of whom have a story.",SERVICE,VALUE|SERVICE|VALUE,wife|staff|story
185,186,"the service is excellent, the decor is great, and the food is delicious and comes in large portions.",SERVICE|AMBIENCE|FOOD|FOOD,SERVICE|AMBIENCE|FOOD|SERVICE,service|decor|food|portions
186,187,this place is incredibly tiny.,AMBIENCE,AMBIENCE,place
187,188,the hostess is rude to the point of being offensive.,SERVICE,SERVICE|VALUE,hostess|point
188,189,the food was bland oily.,FOOD,FOOD|FOOD,food|oily
189,190,"we have been to this place many times, and always have great food, wine, and service.",FOOD|FOOD|SERVICE,FOOD|FOOD|FOOD|FOOD|SERVICE,place|times|food|wine|service
190,191,"we were worried we would have trouble getting in, but somehow managed to have a short wait.",SERVICE,VALUE|SERVICE,trouble|wait
191,192,"when we sat, we got great and fast service.",SERVICE,SERVICE,service
192,193,the people that work there are always so friendly you forget you are in new york sometimes.,SERVICE,VALUE|VALUE,people|york
193,194,the pizza is yummy and i like the atmoshpere.,FOOD|AMBIENCE,FOOD|FOOD,pizza|atmoshpere
194,195,but the pizza is way to expensive.,VALUE,FOOD|VALUE,pizza|way
195,196,i went there for lunch and the lunch was not as good as i expected from the reviews i read.,FOOD,FOOD|FOOD|VALUE,lunch|lunch|reviews
196,197,sauce was watery and the food didn't have much flavor.,FOOD|FOOD,FOOD|FOOD|FOOD,sauce|food|flavor
197,198,the waitress was very patient with us and the food is phenomenal!,SERVICE|FOOD,FOOD|FOOD,waitress|food
198,199,"service was prompt, friendly and great.",SERVICE,SERVICE,service
199,200,horrible pizza and bad service.,FOOD|SERVICE,FOOD|SERVICE,pizza|service
200,201,"there was a small wait, but shorter than i expected.",SERVICE,VALUE,wait
201,202,this is the best sushi in new york city - hands down.,FOOD,FOOD|FOOD|FOOD,sushi|city|hands
202,203,the place is small and cramped but the food is fantastic.,AMBIENCE|FOOD,AMBIENCE|FOOD,place|food
203,204,"the atmosphere isn't the greatest , but i suppose that's how they keep the prices down .",AMBIENCE,AMBIENCE|VALUE,atmosphere|prices
204,206,first went here to enjoy their garden terrace.,AMBIENCE,FOOD|SERVICE,garden|terrace
205,207,"the food was amazing, and the service was prompt and helpful, but not over-bearing or rushed.",FOOD|SERVICE,FOOD|SERVICE,food|service
206,208,"the steak tartare is a great bet, they fix it for you at the table.",FOOD,FOOD|FOOD|FOOD|VALUE,steak|tartare|bet|table
207,209,"admittedly some nights inside the restaurant were rather warm, but the open kitchen is part of the charm.",AMBIENCE|AMBIENCE,FOOD|FOOD|FOOD|AMBIENCE|AMBIENCE,nights|restaurant|kitchen|part|charm
208,210,"it may be a bit packed on weekends, but the vibe is good and it is the best french food you will find in the area.",AMBIENCE|FOOD,AMBIENCE|FOOD|FOOD|FOOD|SERVICE,bit|weekends|vibe|food|area
209,211,"pizza - the only pizza in nyc that should not have additional toppings - the crust tastes like the best, freshly baked bread!",FOOD|FOOD,FOOD|FOOD|FOOD|FOOD|FOOD|FOOD|FOOD,pizza|pizza|nyc|toppings|crust|tastes|bread
210,212,"not sure where the previous reviewer, lonk, dined, but saul is in a great neighborhood and has great food!",AMBIENCE|FOOD,FOOD|FOOD|AMBIENCE|FOOD|FOOD,reviewer|lonk|saul|neighborhood|food
211,213,i'd highly recommend it for a special occasion and it provides and intimate setting and nice service.,AMBIENCE|SERVICE,FOOD|AMBIENCE|SERVICE,occasion|setting|service
212,214,"moules were excellent, lobster ravioli was very salty!",FOOD|FOOD,FOOD|FOOD|FOOD,moules|lobster|ravioli
213,215,"took my mom for mother's day, and the maitre d' was pretty rude.",SERVICE,FOOD|FOOD|FOOD,mom|mother|day
214,216,tiny dessert was $8.00...just plain overpriced for what it is.,FOOD|FOOD|VALUE,FOOD,dessert
215,217,downstairs lounge is always a good attraction,AMBIENCE,SERVICE|VALUE,lounge|attraction
216,218,"raga's is a romantic, cozy restaurant.",AMBIENCE,FOOD|SERVICE,raga|restaurant
217,219,the exotic food is beautifully presented and is a delight in delicious combinations.,FOOD|FOOD,FOOD|FOOD|SERVICE,food|delight|combinations
218,220,the staff is incredibly helpful and attentive.,SERVICE,SERVICE,staff
219,221,i loved everythig about it-especially the shows and actors.,AMBIENCE|AMBIENCE,VALUE|VALUE|AMBIENCE,everythig|shows|actors
220,222,our server was very helpful and friendly.,SERVICE,SERVICE,server
221,223,the food was bad.,FOOD,FOOD,food
222,224,the tuna and wasabe potatoes are bad.,FOOD|FOOD,FOOD|FOOD|FOOD,tuna|wasabe|potatoes
223,225,the outdoor atmosphere of sitting on the sidewalk watching the world go by 50 feet away on 6th avenue on a cool evening was wonderful.,AMBIENCE,AMBIENCE|AMBIENCE|AMBIENCE|AMBIENCE|AMBIENCE|AMBIENCE,atmosphere|sidewalk|world|feet|avenue|evening
224,226,service was prompt and courteous.,SERVICE,SERVICE,service
225,227,"bad service, bad food.",SERVICE|FOOD,SERVICE|FOOD,service|food
226,228,"the pizza is delicious - they use fresh mozzarella instead of the cheap, frozen, shredded cheese common to most pizzaria's.",FOOD|FOOD,FOOD|FOOD|FOOD|FOOD,pizza|mozzarella|cheese|pizzaria
227,229,"two complaints- their appetizer selection stinks, it would be nice to get some mozzarella sticks on the menu.",FOOD,FOOD|FOOD|FOOD|FOOD|SERVICE,complaints|appetizer|selection|mozzarella|menu
228,230,wait staff is blantently unappreciative of your business but its the best pie on the uws!,SERVICE|FOOD,SERVICE|VALUE|FOOD|SERVICE,staff|business|pie|uws
229,231,by far the worst salad i have had in a fast food restaurant.,FOOD,FOOD|FOOD|FOOD,salad|food|restaurant
230,232,fine dining restaurant quality.,FOOD,FOOD|FOOD|SERVICE,dining|restaurant|quality
231,233,"the chicken pot pie is excpetiona, the cheeseburger huge and delictable, and the service professional wan warm.",FOOD|FOOD|FOOD|SERVICE,FOOD|FOOD|FOOD|FOOD|FOOD|SERVICE,chicken|pot|pie|excpetiona|cheeseburger|service
232,234,the staff is no nonsense.,SERVICE,SERVICE|VALUE,staff|nonsense
233,235,when i lived upstate for a while i would buy freeze the bagels and they would still be better than any else.,FOOD,VALUE|FOOD,while|bagels
234,236,"service was very good - prompt, attentive and non-intrusive.",SERVICE,SERVICE,service
235,237,"food was very good as well, considering that we tried the budget selection (though i wish the pork belly that i ordered was roasted a bit longer, so that fat was more of a melt-in-your-mouth experience).",FOOD|FOOD,FOOD|VALUE|FOOD|FOOD|FOOD|FOOD|FOOD,food|budget|selection|pork|belly|fat|experience
236,238,traditional french decour was pleasant though the hall was rather noisy - the restaurant was full and we had to raise our voices to be able to maintain a conversation.,AMBIENCE|AMBIENCE,FOOD|AMBIENCE|FOOD|AMBIENCE|SERVICE,decour|hall|restaurant|voices|conversation
237,239,"seating is always prompt, though the restaurant does fill up in the evening.",SERVICE,SERVICE|FOOD|SERVICE,seating|restaurant|evening
238,240,"food is usually very good, though ocasionally i wondered about freshmess of raw vegatables in side orders.",FOOD|FOOD,FOOD|FOOD|FOOD|FOOD|VALUE,food|freshmess|vegatables|side|orders
239,241,"the decor is vibrant and eye-pleasing with several semi-private boths on the right side of the dining hall, which are great for a date.",AMBIENCE|AMBIENCE,AMBIENCE|FOOD|FOOD|FOOD|AMBIENCE|SERVICE,decor|boths|side|dining|hall|date
240,242,"the first time i went, and was completely taken by the live jazz band and atmosphere, i ordered the lobster cobb salad.",AMBIENCE|AMBIENCE,VALUE|AMBIENCE|AMBIENCE|AMBIENCE|FOOD|FOOD|FOOD,time|jazz|band|atmosphere|lobster|cobb|salad
241,243,it's simply the best meal in nyc.,FOOD,FOOD|SERVICE,meal|nyc
242,244,the food is a diamond in rough and the food is delicious and homemade with the perfect balance of herbs and tomatoes.,FOOD|FOOD,FOOD|FOOD|FOOD|FOOD|FOOD|FOOD|FOOD,food|diamond|food|homemade|balance|herbs|tomatoes
243,245,the server was really cool and served us our food and drinks with a smile.,SERVICE,SERVICE|FOOD|FOOD|AMBIENCE,server|food|drinks|smile
244,246,the place's decor and hidden bathrooms made for a good laugh.,AMBIENCE|AMBIENCE,AMBIENCE|AMBIENCE|AMBIENCE|AMBIENCE,place|decor|bathrooms|laugh
245,247,"the have over 100 different beers to offer thier guest so that made my husband very happy and the food was delicious, if i must recommend a dish it must be the pumkin tortelini.",FOOD|FOOD|FOOD,FOOD|FOOD|FOOD|FOOD|FOOD|FOOD|FOOD,beers|guest|husband|food|dish|pumkin|tortelini
246,248,the entertainment was great they have shows that go on through out the dinner.,AMBIENCE,SERVICE|FOOD|SERVICE,entertainment|shows|dinner
247,249,the bagel was small.,FOOD,FOOD,bagel
248,250,the workers there also absolutely load the bagel with cream cheese (gets a little messy).,FOOD,VALUE|FOOD|FOOD|FOOD,workers|bagel|cream|cheese
249,251,this was my frist time at cafe st. bart's and i must say how delicous the food and the service was.,FOOD|SERVICE,FOOD|VALUE|FOOD|FOOD|FOOD|FOOD|SERVICE,frist|time|cafe|st.|bart|food|service
250,252,i have to highly recommend the lobster roll - not to much mayo; you can tell it was a fresh lobster.,FOOD|FOOD,FOOD|FOOD|FOOD|FOOD,lobster|roll|mayo|lobster
251,253,"other guests enjoyed pizza, santa fe chopped salad and fish and chips.",FOOD|FOOD|FOOD,FOOD|FOOD|FOOD|FOOD|FOOD|FOOD|SERVICE,guests|pizza|santa|fe|salad|fish|chips
252,254,"i highly recommend cafe st. bart's for their food, the ambience and wonderful service.",FOOD|AMBIENCE|SERVICE,FOOD|FOOD|FOOD|FOOD|AMBIENCE|SERVICE,cafe|st.|bart|food|ambience|service
253,255,the staff is absolutely professional!!,SERVICE,SERVICE,staff
254,256,my chow fun and chow see was really bland and oily.,FOOD,FOOD|FOOD|FOOD|FOOD,chow|fun|chow|oily
255,258,"it's boring on the inside, and our sushi was pretty below average... the tuna was soggy and the other rolls had no flavor.",FOOD|FOOD|FOOD,FOOD|FOOD|VALUE|FOOD|FOOD|FOOD,inside|sushi|average|tuna|rolls|flavor
256,259,their pad penang is delicious and everything else is fantastic.,FOOD,AMBIENCE|FOOD|FOOD,pad|penang|everything
257,260,the price is reasonable although the service is poor.,SERVICE,VALUE|SERVICE,price|service
258,261,"the salads are delicious, both refreshing and very spicy.",FOOD,FOOD,salads
259,262,we had pam's special fried fish and it was amazing.,FOOD,FOOD|FOOD,pam|fish
260,263,"great vibe, lots of people.",AMBIENCE,FOOD|FOOD|VALUE,vibe|lots|people
261,264,"i didn't complain, i liked the atmosphere so much.",AMBIENCE,AMBIENCE,atmosphere
262,265,"ambience is so cute and quaint, good for business although we were there on vacation.",AMBIENCE,AMBIENCE|VALUE|SERVICE,ambience|business|vacation
263,266,salads were bad.,FOOD,FOOD,salads
264,267,although we were looking for regular lettuce and some walnuts the salads we got were great.,FOOD,FOOD|FOOD|FOOD,lettuce|walnuts|salads
265,268,ingredients are organic which is a real plus for me.,FOOD,FOOD,ingredients
266,269,"this is some really good, inexpensive sushi.",FOOD|VALUE,FOOD,sushi
267,270,the spicy tuna roll is huge and probably the best that i've had at this price range.,FOOD|FOOD|VALUE,FOOD|FOOD|VALUE|VALUE|VALUE,spicy|tuna|roll|price|range
268,271,the yellowtail was particularly good as well.,FOOD,FOOD,yellowtail
269,272,"i have reservations about the all you can eat deal, however -- the choices are fairly limited and you can probably order more food than you can eat for less than $18 by just going off the menu.",FOOD|VALUE,VALUE|VALUE|FOOD|FOOD|SERVICE,reservations|deal|choices|food|menu
270,273,"they have it all -- great price, food, and service.",FOOD|SERVICE,VALUE|FOOD|SERVICE,price|food|service
271,274,the atmosphere is noisy and the waiters are literally walking around doing things as fast as they can.,AMBIENCE|SERVICE,AMBIENCE|FOOD|VALUE,atmosphere|waiters|things
272,275,"and it all comes at a very reasonable price (congee, noodles, and rice dishes are no more than $3-6 each).",VALUE|VALUE|VALUE,VALUE|FOOD|FOOD|VALUE|FOOD,price|congee|noodles|rice|dishes
273,276,the takeout is great too since they give high quality tupperware as well.,SERVICE,FOOD|FOOD|FOOD,takeout|quality|tupperware
274,277,enjoyed a very nice caesar salad while my wife had arugula and goat cheese....both very tasty.,FOOD|FOOD,FOOD|FOOD|FOOD|FOOD|FOOD|FOOD,caesar|salad|wife|arugula|goat|cheese
275,278,we both opted for a pasta dish and pasta dish were served timely and fresh.,FOOD,FOOD|FOOD|FOOD|FOOD,pasta|dish|pasta|dish
276,279,"the staff was accomodating, the food was absolutely delicious and the place is lovely.",SERVICE|FOOD|AMBIENCE,SERVICE|FOOD|AMBIENCE,staff|food|place
277,280,we even had a visit from the manager who wanted to make sure we were enjoying ourselves.,SERVICE,SERVICE|SERVICE,visit|manager
278,282,"sometimes i get bad food and bad service, sometimes i get good good and bad service.",FOOD|SERVICE|SERVICE|FOOD,FOOD|SERVICE|SERVICE,food|service|service
279,283,the place is a bistro which means: simple dishes and wine served efficiently in a bustling atmosphere.,FOOD|FOOD|AMBIENCE,FOOD|FOOD|FOOD|FOOD|AMBIENCE,place|bistro|dishes|wine|atmosphere
280,284,right off the l in brooklyn this is a nice cozy place with good pizza.,FOOD|AMBIENCE,AMBIENCE|AMBIENCE|FOOD|FOOD,l|brooklyn|place|pizza
281,285,mine was a little burnt but still delicious with goat cheese and panchetta (raddichio was kind of bitter though).,FOOD,FOOD|FOOD|FOOD|FOOD|FOOD,goat|cheese|panchetta|raddichio|kind
282,286,my friend got the mushroom pizza which tasted better.,FOOD,FOOD|FOOD|FOOD,friend|mushroom|pizza
283,287,"service was slow, but the people were friendly.",SERVICE|SERVICE,SERVICE|VALUE,service|people
284,288,it's a nice place to relax and have conversation.,AMBIENCE,AMBIENCE|SERVICE,place|conversation
285,289,the food is authentic italian - delicious!,FOOD,FOOD,food
286,290,"pizza is terrific, as is homemade pasta.",FOOD|FOOD,FOOD|FOOD|FOOD,pizza|homemade|pasta
287,291,"ambience is delightful, service impeccable.",AMBIENCE|SERVICE,AMBIENCE|SERVICE,ambience|service
288,292,i'm still mad that i had to pay for lousy food.,FOOD,FOOD,food
289,293,the hanger steak was like rubber and the tuna was flavorless not to mention it tasted like it had just been thawed.,FOOD|FOOD,FOOD|FOOD|FOOD|FOOD,hanger|steak|rubber|tuna
290,294,service was also horrible and the ambience is not that great.,SERVICE|AMBIENCE,SERVICE|AMBIENCE,service|ambience
291,295,this is my first time writing a review for a restaurant because the food and service was excellent.,FOOD|SERVICE,VALUE|VALUE|FOOD|FOOD|SERVICE,time|review|restaurant|food|service
292,296,the filet mignon dish was superb!,FOOD,FOOD|FOOD,mignon|dish
293,297,"i like the ambience, it's very dark and original.",AMBIENCE,AMBIENCE,ambience
294,298,the sushi is amazing!!!,FOOD,FOOD,sushi
295,299,very affordable and excellent ambience!,AMBIENCE,FOOD,ambience
296,300,we won't go to this place again for a good meal.,FOOD,FOOD|FOOD,place|meal
297,301,"however, i think this place is a good hang out spot.",AMBIENCE,AMBIENCE|SERVICE,place|spot
298,302,the pizza and wine were excellent-the service too--but what really made this place was the backyard dining area.,FOOD|FOOD|SERVICE|AMBIENCE,FOOD|FOOD|SERVICE|FOOD|FOOD|FOOD|SERVICE,pizza|wine|service|place|backyard|dining|area
299,303,it is one the nicest outdoor restaurants i have ever seen in ny--i am from italy and this place rivals the ones in my country.,AMBIENCE,FOOD|AMBIENCE|VALUE|FOOD|SERVICE,restaurants|ny|place|ones|country
300,304,"first of all, this place is *not* romantic, as claimed by citysearch's editorial review.",AMBIENCE,AMBIENCE|FOOD|SERVICE|VALUE,place|citysearch|editorial|review
301,306,somehow working the italian charm with constant mille grazie does not constitute proper service.,SERVICE,AMBIENCE|VALUE|SERVICE,charm|grazie|service
302,307,not one of our meals was edible - bland and/or made with weird rosemary or orange flavoring.,FOOD|FOOD,FOOD|FOOD|FOOD|FOOD|FOOD,meals|bland|rosemary|orange|flavoring
303,308,fish was overdone.,FOOD,FOOD,fish
304,309,someone else recommended the dessert - we also left that.,FOOD,FOOD|FOOD,someone|dessert
305,310,i've never had bad service and the fish is fresh and delicious.,SERVICE|FOOD,SERVICE|FOOD,service|fish
306,311,their tuna tartar appetizer is to die for.,FOOD,FOOD|FOOD|FOOD,tuna|tartar|appetizer
307,312,"i come from a family of pizzeria owners, and i'm almost ashamed to say that the pizza in fornino's blows my families receipies away.",FOOD,FOOD|FOOD|FOOD|FOOD|FOOD|VALUE|VALUE|VALUE,family|pizzeria|owners|pizza|fornino|blows|families|receipies
308,313,the place is so cool and the service is prompt and curtious.,SERVICE|AMBIENCE,AMBIENCE|SERVICE,place|service
309,314,a restaurant that doesn't try to do anything except serve great food with great service in a pleasant atmosphere.,FOOD|SERVICE|AMBIENCE,FOOD|FOOD|FOOD|SERVICE|AMBIENCE,restaurant|anything|food|service|atmosphere
310,315,no gimmicks here -- the food speaks for itself in its freshness and preparation.,FOOD,VALUE|FOOD|FOOD|VALUE,gimmicks|food|freshness|preparation
311,316,the dining room is quietly elegant with no music to shout over -- how refreshing!,AMBIENCE,FOOD|AMBIENCE|AMBIENCE,dining|room|music
312,317,"the service was impeccable and unobtrusive -- the staff knows what they are there to do -- to know their menu, present your meal, and attend to your needs.",SERVICE|SERVICE,SERVICE|SERVICE|SERVICE|FOOD|SERVICE,service|staff|menu|meal|needs
313,318,"looking around, i saw a room full of new yorkers enjoying a real meal in a real restaurant, not a clubhouse of the fabulous trying to be seen.",FOOD|AMBIENCE,AMBIENCE|FOOD|FOOD|FOOD|FOOD,room|yorkers|meal|restaurant|clubhouse
314,319,the view is breathtaking the service is top notch... the ambiance is wonderfull.,AMBIENCE|SERVICE|AMBIENCE,AMBIENCE|SERVICE|AMBIENCE|AMBIENCE|SERVICE,view|service|notch|ambiance|wonderfull
315,320,the staff offers impeccable service.,SERVICE,SERVICE|SERVICE,staff|service
316,321,my boyfriend had the new england chowder it was good but i think the award should go to the lobster bisque.,FOOD|FOOD,FOOD|FOOD|FOOD|VALUE|FOOD|FOOD,boyfriend|england|chowder|award|lobster|bisque
317,322,my boyfriend had prime rib it was good .,FOOD,FOOD|FOOD,boyfriend|rib
318,323,my wife and i ate here earlier this week and have not stopped ranting and raving about the food.,FOOD,FOOD|FOOD|FOOD,wife|week|food
319,324,if you like spicy food get the chicken vindaloo.,FOOD,FOOD|FOOD|SERVICE,food|chicken|vindaloo
320,325,go to volare for 1st class service and terrific food.,SERVICE|FOOD,SERVICE|SERVICE|FOOD,class|service|food
321,326,the portions are large and the servers always surprise us with a different starter.,FOOD,VALUE|SERVICE,portions|servers
322,327,the food is amazing... especially if you get the chef's tasting menu and your favourite bottle (or two!) of wine from an extensive selection of wines.,FOOD|FOOD|FOOD,FOOD|FOOD|FOOD|FOOD|FOOD,food|chef|tasting|menu|bottle
323,328,the food can get pricey but the prixe fixe tasting menu is the greatest food for a good price and they cater the food to any food allergies or food you don't like.,VALUE|FOOD|VALUE,FOOD|FOOD|FOOD|FOOD|FOOD|FOOD|FOOD|FOOD|FOOD|FOOD|FOOD,food|prixe|fixe|tasting|menu|food|price|food|food|allergies|food
324,330,the menu is very limited - i think we counted 4 or 5 entrees.,FOOD,FOOD|FOOD,menu|entrees
325,331,"we ordered the special, grilled branzino, that was so infused with bone, it was difficult to eat.",FOOD,FOOD|FOOD,branzino|bone
326,332,this place is so much fun.,AMBIENCE,AMBIENCE|SERVICE,place|fun
327,333,our family never expected such incredible entertainment in a restaurant.,AMBIENCE,FOOD|FOOD|SERVICE,family|entertainment|restaurant
328,334,our food was great too!,FOOD,FOOD,food
329,335,and really large portions.,FOOD,SERVICE,portions
330,336,the staff was the friendliest that have seen in new york.,SERVICE,SERVICE|SERVICE,staff|york
331,337,the food was pretty tradional but it was hot and good with large portions.,FOOD|FOOD,FOOD|SERVICE,food|portions
332,338,the place is a lot of fun.,AMBIENCE,AMBIENCE|AMBIENCE|SERVICE,place|lot|fun
333,339,the characters really make for an enjoyable experience.,AMBIENCE,AMBIENCE|SERVICE,characters|experience
334,340,service was slow had to wait to order and get food although not crowded.,SERVICE,SERVICE|FOOD,service|food
335,341,great pizza for lunch place.,FOOD,FOOD|FOOD|SERVICE,pizza|lunch|place
336,342,service was quick.,SERVICE,SERVICE,service
337,343,the pizza was great.,FOOD,FOOD,pizza
338,344,delivery is fast too.,SERVICE,SERVICE,delivery
339,345,"great friendly service, fast seating, fast delivery, excellent sushi.",SERVICE|SERVICE|SERVICE|FOOD,SERVICE|SERVICE|SERVICE,service|delivery|sushi
340,346,ess-a-bagel (either by sty-town or midtown) is by far the best bagel in ny.,FOOD,FOOD|FOOD|FOOD|SERVICE,ess-a-bagel|midtown|bagel|ny
341,347,"the bagels always warm, soft on the inside, crispy on the outside and enormous in size.",FOOD|FOOD,FOOD|FOOD|FOOD,bagels|inside|size
342,348,they have a huge selection of different cream cheeses and all of their salads are great.,FOOD|FOOD,FOOD|FOOD|FOOD|FOOD,selection|cream|cheeses|salads
343,349,the lox is always fresh too.,FOOD,FOOD,lox
344,350,not impressed with the food.,FOOD,FOOD,food
345,351,"the ambience was nice, but service wasn't so great.",AMBIENCE|SERVICE,AMBIENCE|SERVICE,ambience|service
346,352,i have lived in japan for 7 years and the taste of the food and the feel of the restaurant is like being back in japan.,FOOD|AMBIENCE,FOOD|FOOD|FOOD|FOOD|AMBIENCE|FOOD|FOOD,japan|years|taste|food|feel|restaurant|japan
347,353,thius is a must for anyone who loves shabu-shabu.,FOOD,FOOD|VALUE|FOOD,thius|anyone|shabu-shabu
348,354,"the atmosphere is nothing special, but it feels like a sushi establishment in tokyo.",AMBIENCE,AMBIENCE|AMBIENCE|FOOD|FOOD|SERVICE,atmosphere|nothing|sushi|establishment|tokyo
349,355,"despite a slightly limited menu, everything prepared is done to perfection, ultra fresh and a work of food art.",FOOD,FOOD|FOOD|FOOD|FOOD|FOOD|FOOD|AMBIENCE,menu|everything|perfection|ultra|work|food|art
350,356,taxan horrible!,FOOD,VALUE,taxan
351,357,the prices were cheap compared to the quality of service and food.,SERVICE|FOOD,VALUE|VALUE|SERVICE|FOOD,prices|quality|service|food
352,359,"the quantity is also very good, you will come out satisfied.",FOOD,VALUE,quantity
353,360,i had the worst ravioli ever.,FOOD,FOOD,ravioli
354,361,the wine the service was very good too.,FOOD|SERVICE,FOOD|SERVICE,wine|service
355,362,"the food is delicious - from the specials to the regular menu-fare, the dishes are never a disappointment.",FOOD|FOOD|FOOD|FOOD,FOOD|FOOD|FOOD|FOOD|SERVICE,food|specials|menu-fare|dishes|disappointment
356,363,"whether it's the parmesean porcini souffle or the lamb glazed with balsamic vinegar, you will surely be transported to northern italy with one bite.",FOOD|FOOD,FOOD|FOOD|FOOD|FOOD|FOOD,porcini|souffle|lamb|vinegar|bite
357,365,"i have known about this secret for the last 13 years, emilio(the godfather) has continued to serve food and wine for the gods at mortal prices.",FOOD|FOOD|VALUE|VALUE,VALUE|VALUE|FOOD|FOOD|FOOD|FOOD|VALUE|VALUE,secret|years|emilio|godfather|food|wine|gods|prices
358,366,"i found the food, service and value exceptional everytime i have been there.",FOOD|SERVICE,FOOD|SERVICE|VALUE|VALUE,food|service|value|everytime
359,367,the food was bad.,FOOD,FOOD,food
360,368,the service was excellent - friendly and attentive.,SERVICE,SERVICE,service
361,369,who has room for cheesesticks with the best pizza in nyc!,FOOD,SERVICE|FOOD|FOOD|VALUE,room|cheesesticks|pizza|nyc
362,370,great staff.,SERVICE,SERVICE,staff
363,371,always great service!,SERVICE,SERVICE,service
364,372,"the food is bad, i can't lie.",FOOD,FOOD,food
365,373,but the staff was so horrible to us.,SERVICE,SERVICE,staff
366,374,the hostess and the waitress were incredibly rude and did everything they could to rush us out.,SERVICE|SERVICE,SERVICE|FOOD|VALUE,hostess|waitress|everything
367,375,i ate here a week ago and found most dishes average at best and too expensive.,FOOD|VALUE,FOOD|FOOD,week|dishes
368,376,"don't dine at tamarind for the vegetarian dishes, they are simply not up to par with the non-veg selections.",FOOD|FOOD,FOOD|FOOD|FOOD,tamarind|dishes|selections
369,377,decor is nice though service can be spotty.,AMBIENCE|SERVICE,AMBIENCE|SERVICE,decor|service
370,378,"most importantly, food is horrible.",FOOD,FOOD,food
371,379,i am sad i did the food was horrible.,FOOD,FOOD,food
372,380,and yes dal bukhara is so dam good and so are all the kababs.,FOOD|FOOD,FOOD|SERVICE,bukhara|kababs
373,381,the fish was not fresh and the rice tasted old and stale.,FOOD|FOOD,FOOD|FOOD,fish|rice
374,382,"quite frankly, this is some of the worst sushi i have ever tried.",FOOD,FOOD,sushi
375,383,honestly the worst sushi my husband and i had in our entire lives.,FOOD,FOOD|FOOD|FOOD,sushi|husband|lives
376,384,the all-u-can-eat sushi is definitely in very poor quality.,FOOD,FOOD|VALUE,sushi|quality
377,385,"limited menu, no-so-fresh ingredients, thinly-sliced fish, fall-apart rice.",FOOD|FOOD|FOOD|FOOD,FOOD|FOOD|FOOD|FOOD,menu|ingredients|fish|rice
378,386,"the only things u could really taste are the very salty soy sauce (even its low sodium), the vinegar-soaked rice, and the scallion on top of the fish.",FOOD|FOOD,FOOD|FOOD|FOOD|FOOD|FOOD|FOOD|FOOD|FOOD|FOOD,things|u|soy|sauce|sodium|rice|scallion|top|fish
379,387,the waitstaffs are nice though.,SERVICE,FOOD,waitstaffs
380,388,"both times i was extremely dissappointed by the service, which was boarderline rude.",SERVICE,VALUE|SERVICE,times|service
381,389,"the dinner was ok, nothing i would have again.",FOOD,FOOD|VALUE,dinner|nothing
382,390,"i had their eggs benedict for brunch, which were the worst in my entire life, i tried removing the hollondaise sauce completely that was how failed it was.",FOOD,FOOD|FOOD|FOOD|FOOD|FOOD|FOOD,eggs|benedict|brunch|life|hollondaise|sauce
383,391,with the theater 2 blocks away we had a delicious meal in a beautiful room.,FOOD|AMBIENCE,AMBIENCE|FOOD|SERVICE,theater|meal|room
384,392,the service was attentive.,SERVICE,SERVICE,service
385,393,"we love the food, drinks, and atmosphere!",FOOD|FOOD|AMBIENCE,FOOD|FOOD|FOOD,food|drinks|atmosphere
386,394,"try the pad thai, it's fabulous and their prices are so cheap!",FOOD,AMBIENCE|FOOD|VALUE,pad|thai|prices
387,395,"just because it's cheap does not mean the portions are small or the food is nasty, it is great!",FOOD|FOOD,VALUE|FOOD,portions|food
388,396,"also, the sandwiches (nearing $7) didn't come with anything like chips or a side.",FOOD|VALUE,FOOD|FOOD|FOOD|SERVICE,sandwiches|anything|chips|side
389,397,"eating in, the atmosphere saves it, but at your desk, it's a very disappointing experience.",AMBIENCE,FOOD|VALUE|SERVICE,atmosphere|desk|experience
390,398,they have authentic indian at amazin prices.,FOOD|VALUE,VALUE|VALUE,amazin|prices
391,399,the seats are uncomfortable if you are sitting against the wall on wooden benches.,AMBIENCE,AMBIENCE|AMBIENCE|SERVICE,seats|wall|benches
392,400,patroon features a nice cigar bar and has great staff.,AMBIENCE|SERVICE,VALUE|FOOD|FOOD|SERVICE,patroon|cigar|bar|staff
393,401,the food is tasty and portion sizes are appropriate.,FOOD|FOOD,FOOD|FOOD|FOOD,food|portion|sizes
394,402,food is horrible.,FOOD,FOOD,food
395,403,fish is so very fresh.,FOOD,FOOD,fish
396,404,waitstaff are very friendly.,SERVICE,VALUE,waitstaff
397,405,the menu is limited but almost all of the dishes are excellent.,FOOD|FOOD,FOOD|FOOD,menu|dishes
398,406,the lobster sandwich is not good and the spaghetti with scallops and shrimp is not great.,FOOD|FOOD,FOOD|FOOD|FOOD|FOOD|FOOD,lobster|sandwich|spaghetti|scallops|shrimp
399,407,the service is good and ambience is good for a date or group outing.,SERVICE|AMBIENCE,SERVICE|AMBIENCE|SERVICE|SERVICE|SERVICE,service|ambience|date|group|outing
400,408,"even though its good seafood, the prices are too high.",FOOD,FOOD|VALUE,seafood|prices
401,409,the lobster sandwich is $24 and although it was good it was not nearly enough to warrant that price.,FOOD|VALUE,FOOD|FOOD|VALUE,lobster|sandwich|price
402,410,"the food was delicious (i had a halibut special, my husband had steak), and the service was top-notch.",FOOD|FOOD|FOOD|SERVICE,FOOD|FOOD|FOOD|FOOD|SERVICE,food|halibut|husband|steak|service
403,411,truly the mark of an attentive waiter.,SERVICE,VALUE|SERVICE,mark|waiter
404,412,we ate at this thai place following the reviews but very unhappy with the foods.,FOOD,FOOD|FOOD|FOOD,place|reviews|foods
405,413,"i recommend the jelly fish, drunken chicken and the soupy dumplings, certainly the stir fry blue crab.",FOOD|FOOD|FOOD|FOOD,FOOD|FOOD|FOOD|FOOD|FOOD|FOOD,jelly|fish|chicken|dumplings|fry|crab
406,414,the food is so cheap and the waiters are nice.,VALUE|SERVICE,FOOD|FOOD,food|waiters
407,415,have frequented 'ino for several years and the food remains excellent.,FOOD,FOOD|FOOD|FOOD,ino|years|food
408,416,cheese plate is a varied delight and great bargain at $10.,FOOD|FOOD|VALUE,FOOD|FOOD|FOOD|VALUE,cheese|plate|delight|bargain
409,417,"(the asparagus, truffle oil, parmesan bruschetta is a winner!)",FOOD,FOOD|FOOD|FOOD|FOOD|FOOD|FOOD,asparagus|truffle|oil|parmesan|bruschetta|winner
410,418,"be sure to try the seasonal, and always delicious, specials.",FOOD,FOOD,specials
411,419,i almost hesititate to write a review because the atmosphere was so great and i would hate for it too become to crowded.,AMBIENCE,FOOD|VALUE|AMBIENCE,hesititate|review|atmosphere
412,420,"the food was very good, a great deal, and the place its self was great.",FOOD|VALUE|AMBIENCE,FOOD|VALUE|AMBIENCE|FOOD,food|deal|place|self
413,421,"the wait staff is very freindly, they make it feel like you're eating in a freindly little european town.",SERVICE,SERVICE|SERVICE|SERVICE,wait|staff|town
414,422,"the service was terrible, we had to wait for everything and ask several of different people for the same thing before we were allowed to be served.",SERVICE,SERVICE|VALUE|VALUE|VALUE,service|everything|people|thing
415,423,"after dinner the manager grabbed my boyfriend, asked him: where are you from...maybe you dont know how things work in america...and in the end stormed away almost teareyed yelling that tips are the only thing they survive on.",SERVICE,FOOD|VALUE|SERVICE|VALUE|VALUE|SERVICE|VALUE|VALUE,dinner|manager|boyfriend|things|america|end|tips|thing
416,424,"we did tip, i guess the model/waitress just wanted more and complained to the manager.",SERVICE,VALUE|VALUE|SERVICE,tip|model/waitress|manager
417,425,pizza here is consistently good.,FOOD,FOOD,pizza
418,426,salads are a delicious way to begin the meal.,FOOD,FOOD|FOOD|FOOD,salads|way|meal
419,427,decor is charming.,AMBIENCE,AMBIENCE,decor
420,428,"the ambience was so fun, and the prices were great, on top of the fact that the food was really tasty.",AMBIENCE|FOOD,AMBIENCE|FOOD|VALUE|VALUE|VALUE|FOOD,ambience|fun|prices|top|fact|food
421,429,i would definitely recommend sea if you like thai cuisine!,FOOD,VALUE|VALUE,sea|cuisine
422,430,i was here a few weeks back and we had the worst customer service experience at a restaurant ever.,SERVICE,SERVICE|SERVICE|SERVICE|SERVICE|FOOD,weeks|customer|service|experience|restaurant
423,431,"excellent atmosphere, delicious dishes good and friendly service.",AMBIENCE|FOOD|SERVICE,AMBIENCE|FOOD|SERVICE,atmosphere|dishes|service
424,432,"everything was wonderful; food, drinks, staff, mileau.",FOOD|FOOD|SERVICE|AMBIENCE,VALUE|FOOD|FOOD|FOOD|FOOD,everything|food|drinks|staff|mileau
425,433,the food is great and reasonably priced.,FOOD|VALUE,FOOD,food
426,434,"if the weather is nice, try to snag an outside table.",AMBIENCE,VALUE|SERVICE|SERVICE,weather|snag|table
427,435,"the staff has been nice, but they seemed really stressed and the unisex bathroom needs to be cleaned more often.",SERVICE|AMBIENCE,SERVICE|AMBIENCE,staff|bathroom
428,436,"from the spectacular caviar to the hospitable waitstaff, i felt like royalty and enjoyed every second of it.",FOOD|SERVICE,FOOD|FOOD|VALUE|VALUE,caviar|waitstaff|royalty|second
429,437,"considering we were the last patrons there and it was after the closing time, the waitstaff did not rush us at all and made us feel comfortable and relaxed.",SERVICE,SERVICE|VALUE|VALUE|SERVICE,patrons|closing|time|waitstaff
430,438,i highly recommend caviar russe to anyone who wants delicious top grade caviar and fantastic service.,FOOD|SERVICE,FOOD|FOOD|FOOD|FOOD|FOOD|SERVICE,caviar|russe|anyone|grade|caviar|service
431,439,fresh ingredients and everything is made to order.,FOOD,FOOD|FOOD|SERVICE,ingredients|everything|order
432,440,friendly staff that actually lets you enjoy your meal and the company you're with.,SERVICE,SERVICE|FOOD|VALUE,staff|meal|company
433,441,"i found the food to be outstanding, particulary the salmon dish i had.",FOOD|FOOD,FOOD|FOOD|FOOD,food|salmon|dish
434,442,"we ate out in the back patio, which is worth it as it's cool and the music is hear well there.",AMBIENCE|AMBIENCE,AMBIENCE|AMBIENCE,patio|music
435,443,the food was good.,FOOD,FOOD,food
436,444,the place was nice and calm.,AMBIENCE,AMBIENCE,place
437,445,but the service was a bit slow.,SERVICE,SERVICE|AMBIENCE,service|bit
438,446,the buffet had a nice selection.,FOOD,FOOD|SERVICE,buffet|selection
439,447,the food was average or above including some surprising tasty dishes.,FOOD|FOOD,FOOD|FOOD,food|dishes
440,448,service was also very good.,SERVICE,SERVICE,service
441,449,i got an excellent piece of cheesecake and we had several other nice pastries.,FOOD|FOOD,FOOD|FOOD|FOOD,piece|cheesecake|pastries
442,450,"i would recommend roxy's for that, but not for their food.",FOOD,FOOD|FOOD,roxy|food
443,451,"consequently, their burgers fell apart in their hands and made such a mess that they did'nt feel like finishing them.",FOOD,FOOD|FOOD|FOOD|VALUE,burgers|hands|mess|nt
444,452,"this place is really trendi but they have forgotten about the most important part of a restaurant, the food.",FOOD|AMBIENCE,FOOD|FOOD|FOOD|FOOD,place|part|restaurant|food
445,453,"the last two times i ordered from here my food was soo spicy that i could barely eat it, and the spice took away from the flavor of the dish.",FOOD|FOOD,VALUE|FOOD|FOOD|FOOD|FOOD|FOOD,times|food|spicy|spice|flavor|dish
446,454,and the tom kha soup was pathetic.,FOOD,FOOD|FOOD|FOOD,tom|kha|soup
447,455,if you want good authentic thai this place is not the place to go.,FOOD,FOOD|FOOD|FOOD,thai|place|place
448,456,"we went here for lunch a couple of weeks ago on a saturday, and i was thoroughly impressed with the food.",FOOD,FOOD|FOOD|FOOD|FOOD,lunch|couple|weeks|food
449,457,"the pesto pizza was excellent, thin-crust pizza with a nice amount of spicy italian cheese that i'd never heard of before.",FOOD|FOOD,FOOD|FOOD|FOOD|FOOD|FOOD,pesto|pizza|pizza|amount|cheese
450,458,"the back garden sitting area is very pleasant, where you can see their personal herb garden.",AMBIENCE,FOOD|FOOD|FOOD|FOOD,garden|area|herb|garden
451,459,we had the lobster sandwich and it was fantastic.,FOOD,FOOD|FOOD,lobster|sandwich
452,460,"my husband said he could've eaten several more, the portion was fine for me he even exclaimed that the french fries were the best he has had.",FOOD|FOOD,FOOD|FOOD|FOOD,husband|portion|fries
453,461,we had the scallops as an appetizer and they were delicious and the sauce was wonderful.,FOOD|FOOD,FOOD|FOOD|FOOD,scallops|appetizer|sauce
454,462,love the food.,FOOD,FOOD,food
455,463,it's the only place you can get yummy authentic japanese comfort food.,FOOD,FOOD|FOOD|FOOD,place|comfort|food
456,464,"great food, good size menu, great service and an unpretensious setting.",FOOD|FOOD|SERVICE|AMBIENCE,FOOD|FOOD|FOOD|SERVICE|SERVICE,food|size|menu|service|setting
457,465,"the dishes offered were unique, very tasty and fresh from the lamb sausages, sardines with biscuits, large whole shrimp to the amazing pistachio ice cream (the best and freshest i've ever had).",FOOD|FOOD|FOOD|FOOD|FOOD,FOOD|FOOD|FOOD|FOOD|FOOD|FOOD|FOOD|FOOD|FOOD,dishes|lamb|sausages|sardines|biscuits|shrimp|pistachio|ice|cream
458,466,"the freshest, best variety, and the fastest delivery.",SERVICE,FOOD|SERVICE,variety|delivery
459,467,the service was excellent and the food was delicious.,SERVICE|FOOD,SERVICE|FOOD,service|food
460,468,"we are very particular about sushi and were both please with every choice which included: ceviche mix (special), crab dumplings, assorted sashimi, sushi and rolls, two types of sake, and the banana tempura.",FOOD|FOOD|FOOD|FOOD|FOOD|FOOD|FOOD|FOOD,FOOD|FOOD|FOOD|FOOD|FOOD|FOOD|FOOD|FOOD|FOOD|FOOD|FOOD|FOOD|FOOD,sushi|choice|ceviche|mix|crab|dumplings|sashimi|sushi|rolls|types|sake|banana|tempura
461,469,"average to good thai food, but terrible delivery.",FOOD|SERVICE,FOOD|SERVICE,food|delivery
462,470,"the food arrived 20 minutes after i called, cold and soggy.",FOOD,FOOD|FOOD,food|minutes
463,471,an excellent service,SERVICE,SERVICE,service
464,472,we were greeted promptly by the waiter who was very nice and cordial.,SERVICE,FOOD,waiter
465,473,she was very helpful in suggesting us drinks and helped us in ordering a lot of good dishes since we knew nothing about indian food.,FOOD,FOOD|FOOD|FOOD|VALUE|FOOD,drinks|lot|dishes|nothing|food
466,474,the food looked very appetizing and delicious since it came on a variety of fancy plates.,FOOD,FOOD|FOOD|FOOD,food|variety|plates
467,475,we ended our great experience by having gulab jamun (dessert) recommended by the waiter.,FOOD,FOOD|FOOD|FOOD|FOOD|SERVICE,experience|gulab|jamun|dessert|waiter
468,476,"service here was great, food was fantastic.",SERVICE|FOOD,SERVICE|FOOD,service|food
469,477,"guacamole+shrimp appetizer was really great, we both had the filet, very good, didn't much like the frites that came with, but the filet was so good, neither of us cared.",FOOD|FOOD|FOOD,FOOD|FOOD|FOOD|FOOD|FOOD|FOOD,guacamole|shrimp|appetizer|filet|frites|filet
470,478,"the food is outstanding and the service is quick, friendly and very professional.",FOOD|SERVICE,FOOD|SERVICE,food|service
471,479,"by far, the best pizza in manhattan.",FOOD,FOOD|SERVICE,pizza|manhattan
472,480,"the crust is thin, the ingredients are fresh and the staff is friendly.",FOOD|SERVICE|FOOD,FOOD|FOOD|SERVICE,crust|ingredients|staff
473,481,the menu has so many fish items and oysters.,FOOD,FOOD|FOOD|FOOD|FOOD,menu|fish|items|oysters
474,482,"the fish was really,really fresh.",FOOD,FOOD,fish
475,483,all of the pizzas are terrific and the price is even better!,FOOD,FOOD|VALUE,pizzas|price
476,484,i highly recommend the sophia pizza.,FOOD,FOOD|FOOD,sophia|pizza
477,485,the food was mediocre at best but it was the horrible service that made me vow never to go back.,FOOD|SERVICE,FOOD|SERVICE|VALUE,food|service|vow
478,486,"for the people who want great food plus great service, roxy is a place to avoid!",FOOD|SERVICE,VALUE|FOOD|SERVICE|FOOD|VALUE,people|food|service|roxy|place
479,487,"the first time the sushi was outstanding, the second time it was a little bland.",FOOD|FOOD,VALUE|FOOD|VALUE,time|sushi|time
480,488,"the blond wood decor is very soothing, the premium sake is excellent and the service is great.",AMBIENCE|FOOD|SERVICE,FOOD|AMBIENCE|VALUE|FOOD|SERVICE,wood|decor|premium|sake|service
481,489,"while their kitchen food is delicious, their sushi is out of this world.",FOOD|FOOD,FOOD|FOOD|FOOD|FOOD,kitchen|food|sushi|world
482,490,mizu is home to creative and unique rolls not to found anywhere else.,FOOD,FOOD|FOOD|FOOD,mizu|home|rolls
483,491,"not only is the cuisine the best around, the service has always been attentive and charming.",FOOD|SERVICE,FOOD|SERVICE,cuisine|service
484,492,"thalia is a beautiful restaurant with beautiful people serving you, but the food doesn't quite match up.",SERVICE|FOOD|AMBIENCE,FOOD|FOOD|FOOD|FOOD,thalia|restaurant|people|food
485,493,i ordered the smoked salmon and roe appetizer and it was off flavor.,FOOD,FOOD|FOOD|FOOD|FOOD,salmon|roe|appetizer|flavor
486,494,"the entree was bland and small, dessert was not inspired.",FOOD|FOOD|FOOD,FOOD,dessert
487,495,i expected quite a bit more from such an expensive menu.,VALUE|FOOD,VALUE|SERVICE,bit|menu
488,496,"the view is spectacular, and the food is great.",AMBIENCE|FOOD,AMBIENCE|FOOD,view|food
489,497,authentic taiwanese food that's cheap... what more could you ask for?,FOOD|VALUE,FOOD,food
490,498,the cold appetizer dishes taste like the way i remember them to taste when i was growing up in taiwan.,FOOD,FOOD|FOOD|FOOD|FOOD,appetizer|dishes|way|taiwan
491,499,delicious simple food in nice outdoor atmosphere.,FOOD|FOOD|AMBIENCE,FOOD|AMBIENCE,food|atmosphere
492,500,"kind, attentive wait staff.",SERVICE,SERVICE|SERVICE,wait|staff
493,501,i really like both the scallops and the mahi mahi (on saffron risotto-yum!).,FOOD|FOOD,FOOD|FOOD|FOOD|FOOD|VALUE,scallops|mahi|mahi|saffron|risotto-yum
494,502,delicious crab cakes too.,FOOD,FOOD|FOOD,crab|cakes
495,503,"even if the food wasn't this good, the garden is a great place to sit outside and relax.",AMBIENCE|FOOD,FOOD|FOOD|FOOD,food|garden|place
496,504,"their calzones are horrific, bad, vomit-inducing, yuck.",FOOD,FOOD|SERVICE,calzones|yuck
497,505,the counter service is bad.,SERVICE,SERVICE,service
498,506,"the dosas are skimpy, unattractive and drip with grease, and personally i'd drink popcorn topping before i'd eat another one of these.",FOOD|FOOD,FOOD|FOOD|FOOD|FOOD,dosas|drip|grease|popcorn
499,507,"the sandwiches are dry, tasteless and way overpriced.",FOOD|VALUE,FOOD|FOOD,sandwiches|way
500,508,"the atmosphere is unheralded, the service impecible, and the food magnificant.",AMBIENCE|SERVICE|FOOD,AMBIENCE|SERVICE|AMBIENCE|FOOD,atmosphere|service|impecible|food
501,509,"best italian food i ever had (and being italian, that means alot).",FOOD,FOOD|FOOD,food|alot
502,510,"this is such a lovely, peaceful place to eat outside.",AMBIENCE,FOOD,place
503,511,the restaurant looks out over beautiful green lawns to the hudson river and the statue of liberty.,AMBIENCE,FOOD|FOOD|AMBIENCE|FOOD|AMBIENCE|SERVICE,restaurant|lawns|hudson|river|statue|liberty
504,512,"the food is good, especially their more basic dishes, and the drinks are delicious.",FOOD|FOOD|FOOD,FOOD|FOOD|FOOD,food|dishes|drinks
505,513,"this is a great place to take out-of-towners, and perfect for watching the sunset.",AMBIENCE,AMBIENCE|FOOD|AMBIENCE,place|out-of-towners|sunset
506,514,great sushi experience.,FOOD,FOOD|SERVICE,sushi|experience
507,515,unique apppetizers.,FOOD,SERVICE,apppetizers
508,516,"good spreads, great beverage selections and bagels really tasty.",FOOD|FOOD|FOOD,FOOD|FOOD|FOOD|FOOD,spreads|beverage|selections|bagels
509,517,the service is awful.,SERVICE,SERVICE,service
510,518,i will be out with friends and all of a sudden i am hungry and i only crave one thing... their pizza.,FOOD,SERVICE|AMBIENCE|FOOD,friends|thing|pizza
511,519,the pizza is delicious and the proprietor is one of the nicest in nyc.,FOOD|SERVICE,FOOD|FOOD|SERVICE,pizza|proprietor|nyc
512,520,the cream cheeses are out of this world and i love that coffee!!,FOOD|FOOD,FOOD|FOOD|FOOD|FOOD,cream|cheeses|world|coffee
513,521,the turkey burgers are scary!,FOOD,FOOD|FOOD,turkey|burgers
514,522,the sushi was awful!,FOOD,FOOD,sushi
515,523,the rice was poor quality and was cooked so badly it was hard.,FOOD,FOOD|FOOD,rice|quality
516,524,"furthermore, the rice had no seasoning, so the sushi was bland and disgusting.",FOOD|FOOD,FOOD|FOOD|FOOD,rice|seasoning|sushi
517,525,"the fish was adequate, but inexpertly sliced.",FOOD,FOOD,fish
518,526,"good, fast service.",SERVICE,SERVICE,service
519,527,food is great and inexpensive.,FOOD|VALUE,FOOD,food
520,528,the location is perfect.,AMBIENCE,VALUE,location
521,529,"well, this place is so ghetto its not even funny.",AMBIENCE,AMBIENCE,place
522,530,if you like your music blasted and the system isnt that great and if you want to pay at least 100 dollar bottle minimun then you'll love it here.,VALUE|AMBIENCE,FOOD|VALUE|VALUE|VALUE|VALUE|VALUE,music|system|isnt|dollar|bottle|minimun
523,531,awsome pizza especially the margheritta slice.,FOOD|FOOD,FOOD|FOOD|SERVICE,pizza|margheritta|slice
524,532,great atmoshere and worth every bit.,AMBIENCE,FOOD|VALUE,atmoshere|bit
525,533,winnie and her staff are the best crew you can find serving you.,SERVICE|SERVICE,FOOD|SERVICE|SERVICE,winnie|staff|crew
526,534,the food is reliable and the price is moderate.,FOOD,FOOD|VALUE,food|price
527,535,"for authentic thai food, look no further than toons.",FOOD,FOOD|SERVICE,food|toons
528,536,"try the pad thai, or sample anything on the appetizer menu...they're all delicious.",FOOD|FOOD,FOOD|FOOD|FOOD|FOOD|FOOD|FOOD,pad|thai|sample|anything|appetizer|menu
529,537,"the service was attentive, yet discreet.",SERVICE,SERVICE,service
530,538,the brioche and lollies as party favors is a cute and sweet touch to a most memorable meal.,FOOD,FOOD|FOOD|FOOD|AMBIENCE|FOOD,brioche|lollies|party|touch|meal
531,539,the place was quiet and delightful.,AMBIENCE,AMBIENCE,place
532,540,service was not good and food is not wonderful.,SERVICE|FOOD,SERVICE|FOOD,service|food
533,541,i did not try the caviar but i tried their salmon and crab salad (they are all good),FOOD|FOOD,FOOD|FOOD|FOOD|FOOD,caviar|salmon|crab|salad
534,542,"the wait staff is pleasant, fun, and for the most part gorgeous (in the wonderful aesthetic beautification way, not in that she's-way-cuter-than-me-that-b@#$* way).",SERVICE,SERVICE|SERVICE|AMBIENCE|AMBIENCE|VALUE|VALUE|VALUE,wait|staff|fun|part|beautification|way|way
535,543,"the food is yummy, especially their cooked-to-perfection mussels in spicy tomato sauce and their shoestring crispy fries.",FOOD|FOOD|FOOD,FOOD|FOOD|FOOD|FOOD|FOOD|FOOD|FOOD,food|mussels|spicy|tomato|sauce|shoestring|fries
536,544,"but the best part about ls is the late night atmosphere, delightfully free of the bts.",AMBIENCE,AMBIENCE|AMBIENCE|AMBIENCE|AMBIENCE|SERVICE,part|ls|night|atmosphere|bts
537,545,"you can get a completely delish martini in a glass (that's about 2 1/2 drinks) for $8.50 (i recommend the vanilla shanty, mmmm!) in a great homey setting with great music.",FOOD|FOOD|VALUE|FOOD|AMBIENCE|AMBIENCE,FOOD|AMBIENCE|FOOD|FOOD|FOOD|FOOD,martini|glass|drinks|vanilla|shanty|mmmm
538,546,"the in-house lady dj on saturday nights has outrageously good taste in music, and moreover, takes requests.",AMBIENCE,FOOD|SERVICE|AMBIENCE|FOOD|AMBIENCE|SERVICE,lady|dj|nights|taste|music|requests
539,547,i love their thai,FOOD,,
540,548,in summer-eat outside on a terrace (another great feature of suan)!!!,AMBIENCE,FOOD|FOOD|AMBIENCE|AMBIENCE|VALUE,summer-eat|outside|terrace|feature|suan
541,549,i cannot imagine a friendlier staff working in a restaurant.,SERVICE,SERVICE|SERVICE,staff|restaurant
542,550,i cannot imagine better indian food in all of the city.,FOOD,FOOD|VALUE,food|city
543,551,the food now is inconsistent.,FOOD,FOOD,food
544,552,the setting is casual and romantic.,AMBIENCE,AMBIENCE,setting
545,553,the food is excellent!,FOOD,FOOD,food
546,554,"if you're daring, try the balsamic vinegar over icecream, it's wonderful!",FOOD,FOOD|FOOD,vinegar|icecream
547,555,"the wait here is long for dim sum, but if you don't like sharing tables or if the typical raucous dim sum atmosphere is not your gig, this is a sleek (for chinatown) alternative.",SERVICE|AMBIENCE,VALUE|VALUE|VALUE|VALUE|AMBIENCE|VALUE|VALUE|VALUE,wait|sum|tables|sum|atmosphere|gig|chinatown|alternative
548,557,the food was exceptional.,FOOD,FOOD,food
549,558,"i choose to go with one of the special, the braised lamb shank in red wine, which was excellent.",FOOD,FOOD|FOOD|FOOD,lamb|shank|wine
550,560,the restaurant is a bit noisy but that is something that can be overlooked once you sit down and enjoy a great meal,FOOD|AMBIENCE,FOOD|AMBIENCE|AMBIENCE|FOOD,restaurant|bit|something|meal
551,561,"the pad se ew chicken was delicious, however the pad thai was far too oily.",FOOD|FOOD,VALUE|FOOD|VALUE|FOOD,pad|chicken|pad|thai
552,562,the fried dumplings are great!,FOOD,FOOD,dumplings
553,563,this place would be so much better served by being run by a group that actually understands customer service.,SERVICE,AMBIENCE|VALUE|SERVICE|SERVICE,place|group|customer|service
554,564,"terrible, terrible management - deserves to be shut-down.",SERVICE,VALUE,management
555,565,"delicious bagels, especially when right out of the oven.",FOOD,FOOD|FOOD|SERVICE,bagels|right|oven
556,566,spreads and toppings are great - though a bit pricey.,FOOD|FOOD|VALUE|VALUE,VALUE|FOOD|VALUE,spreads|toppings|bit
557,567,service is fast and friendly.,SERVICE,SERVICE,service
558,568,"the food is decent at best, and the ambience, well, it's a matter of opinion, some may consider it to be a sweet thing, i thought it was just annoying.",FOOD|AMBIENCE,FOOD|FOOD|VALUE|VALUE|AMBIENCE,food|ambience|matter|opinion|thing
559,570,this place has the the correct ambience and an excellent staff to make you feel like a guest and a friend at the same time.,AMBIENCE|SERVICE,AMBIENCE|AMBIENCE|SERVICE|SERVICE|SERVICE|SERVICE,place|ambience|staff|guest|friend|time
560,571,"great food, great prices, great service.",FOOD|SERVICE,FOOD|VALUE|SERVICE,food|prices|service
561,572,"if you are looking for a good quality, cheap eats - this is the place.",FOOD|VALUE,FOOD|SERVICE,quality|place
562,573,it's a perfect place to have a amanzing indian food.,FOOD,FOOD|FOOD,place|food
563,574,"also it's great to have dinner in a very romantic and comfortable place, the service it's just perfect...they're so frendly that we never want to live the place!",AMBIENCE|SERVICE,FOOD|VALUE|SERVICE|VALUE,dinner|place|service|place
564,575,"their bagels are fine, but they are a little overcooked, and not really a 'special' bagel experience.",FOOD,FOOD|FOOD|SERVICE,bagels|bagel|experience
565,576,great bagels made the old-fashioned way.,FOOD|FOOD,FOOD|VALUE,bagels|way
566,577,drawbacks: service is slow and they don't toast!,SERVICE,VALUE|SERVICE|SERVICE,drawbacks|service|toast
567,578,the food was absolutely amazing!!,FOOD,FOOD,food
568,579,the baked clams octopus we shared as appetizers were the best we've ever had!!,FOOD,FOOD|FOOD|FOOD,clams|octopus|appetizers
569,580,"the lamb was tender so full of flavor, the dessert was divine!!",FOOD|FOOD,FOOD|FOOD|FOOD|FOOD,lamb|tender|flavor|dessert
570,581,the waiter was attentive.,SERVICE,SERVICE,waiter
571,582,the place itself is beautiful the bar scene seems to be happening.,AMBIENCE|AMBIENCE,AMBIENCE|AMBIENCE|AMBIENCE,place|bar|scene
572,584,"small servings for main entree, i had salmon (wasnt impressed) girlfriend had chicken, it was good.",FOOD|FOOD|FOOD,FOOD|FOOD|FOOD|FOOD|FOOD,servings|salmon|wasnt|girlfriend|chicken
573,585,dessert is a joke...dont bother,FOOD,FOOD|FOOD|FOOD,dessert|joke|dont
574,586,"volare virgins or weekly regulars, everyone gets treated the same and you can't ask for more than that when the service is this friendly.",SERVICE,VALUE|FOOD|SERVICE|VALUE|SERVICE,volare|virgins|regulars|everyone|service
575,587,"the restaurant has a family feel, not least with regard to the portions which are enormous; the veal alone could have single-handedly solved third world famine.",AMBIENCE|FOOD|FOOD,FOOD|FOOD|FOOD|VALUE|FOOD|FOOD|FOOD|FOOD,restaurant|family|feel|regard|portions|veal|world|famine
576,588,"the anti-pasta was excellent, especially the calamari, as were the filling pasta mains.",FOOD|FOOD|FOOD|FOOD,FOOD|FOOD|FOOD|FOOD,anti-pasta|calamari|pasta|mains
577,589,the wine list is extensive and can easily hike up an otherwise reasonably priced meal.,FOOD|VALUE,FOOD|FOOD|FOOD,wine|list|meal
578,590,"great food, great decor, great service.",FOOD|AMBIENCE|SERVICE,FOOD|VALUE|SERVICE,food|decor|service
579,591,not the typical nyc gimmick theme restaurant.,AMBIENCE,FOOD|VALUE|FOOD|SERVICE,nyc|gimmick|theme|restaurant
580,592,"a cool bar with great food, and tons of excellent beer.",AMBIENCE|FOOD|FOOD|FOOD,FOOD|FOOD|FOOD|FOOD,bar|food|tons|beer
581,593,the shrimp scampi was excellent and the antipasti were plentiful.,FOOD|FOOD,FOOD|FOOD|FOOD,shrimp|scampi|antipasti
582,594,the only thing more wonderful than the food (which is exceptional) is the service.,FOOD|SERVICE,AMBIENCE|FOOD|SERVICE,thing|food|service
583,596,cozy romantic atomosphere with only around 15 tables at most.,AMBIENCE,AMBIENCE|VALUE,atomosphere|tables
584,597,service was very prompt but slightly rushed.,SERVICE,SERVICE,service
585,598,too bad the food wasn't of the same heritage.,FOOD,FOOD|FOOD,food|heritage
586,599,"the porcini mushroom pasta special was tasteless, so was the seafood tagliatelle.",FOOD|FOOD,FOOD|FOOD|FOOD|FOOD|FOOD|FOOD,porcini|mushroom|pasta|special|seafood|tagliatelle
587,600,this place has the best chinese style bbq ribs in the city.,FOOD|FOOD,FOOD|FOOD|FOOD|FOOD|SERVICE,place|style|bbq|ribs|city
588,601,i also recommend the rice dishes or the different varieties of congee (rice porridge).,FOOD|FOOD,FOOD|FOOD|FOOD|FOOD|FOOD|FOOD,rice|dishes|varieties|congee|rice|porridge
589,603,quick and friendly service.,SERVICE,SERVICE,service
590,604,"when you're sitting in their main dining room (which has a spectacular, hand-painted high ceiling) you'd never know there was a world outside.",AMBIENCE|AMBIENCE,FOOD|AMBIENCE|AMBIENCE|VALUE|VALUE,dining|room|ceiling|world|outside
591,605,"the food is wonderful, tasty and filling, and the service is professional and friendly.",FOOD|FOOD|SERVICE,FOOD|FOOD|SERVICE,food|filling|service
592,606,"i can't wait for summer, when they serve outside on their gigantic patio.",AMBIENCE,FOOD|SERVICE,summer|patio
593,607,the service was fast and friendly and the food was very tasty and they had the best hot sauce to add to your meals.,SERVICE|FOOD|FOOD,SERVICE|FOOD|FOOD|FOOD,service|food|sauce|meals
594,608,good food.,FOOD,FOOD,food
595,609,i have never had cheescake like this.,FOOD,FOOD,cheescake
596,610,warm and friendly in the winter and terrific outdoor seating in the warmer months.,AMBIENCE,FOOD|FOOD|SERVICE,winter|seating|months
597,611,the food is great and they have a good selecion of wines at reasonable prices.,FOOD|FOOD|VALUE,FOOD|FOOD|FOOD|VALUE,food|selecion|wines|prices
598,612,"while the ambiance and atmosphere were great, the food and service could have been a lot better.",AMBIENCE|AMBIENCE|FOOD|SERVICE,AMBIENCE|AMBIENCE|FOOD|SERVICE,ambiance|atmosphere|food|service
599,613,"i've been to sapphire twice and both times the food was fine, if not good.",FOOD,VALUE|FOOD,times|food
600,614,"service is friendly, and never had a problem walking in and getting a table.",SERVICE,SERVICE|VALUE|SERVICE,service|problem|table
601,615,best reuben sandwich ever!,FOOD,FOOD,sandwich
602,616,"the food was not fresh, the sauces were bland and very oily.",FOOD|FOOD,FOOD|FOOD,food|sauces
603,617,pizza was a little soggy.,FOOD,FOOD,pizza
604,618,ravioli was good...but i have to say that i found everything a bit overpriced.,FOOD,FOOD|FOOD|AMBIENCE,ravioli|everything|bit
605,619,"service, however, was excellent...and i liked the setting/atmosphere a lot.",SERVICE|AMBIENCE,SERVICE|AMBIENCE|SERVICE,service|setting/atmosphere|lot
606,620,authentic pakistani food.,FOOD,FOOD,food
607,621,people are always friendly.,SERVICE,VALUE,people
608,622,"just straight up cheap, good food.",FOOD|VALUE,FOOD,food
609,623,the best pad thai i've ever had.,FOOD,VALUE,pad
610,624,the design and atmosphere is just as good.,AMBIENCE|AMBIENCE,AMBIENCE|AMBIENCE,design|atmosphere
611,625,the food was actually aweful.,FOOD,FOOD,food
612,626,"the mussles were the fishiest things i've ever tasted, the seabass was bland, the goat cheese salad was missing the goat cheese, the penne w/ chicken had bones in it... it was disgusting.",FOOD|FOOD|FOOD|FOOD,FOOD|FOOD|FOOD|FOOD|FOOD|FOOD|FOOD|FOOD|FOOD|FOOD|FOOD|FOOD,mussles|things|seabass|goat|cheese|salad|goat|cheese|penne|w|chicken|bones
613,627,"nice atmosphere, the service was very pleasant and the desert was good.",AMBIENCE|SERVICE|FOOD,AMBIENCE|SERVICE|FOOD,atmosphere|service|desert
614,628,"the food is amazing, rich pastas and fresh doughy pizza.",FOOD|FOOD|FOOD,FOOD|FOOD|FOOD,food|pastas|pizza
615,629,"best of all is the warm vibe, the owner is super friendly and service is fast.",AMBIENCE|SERVICE|SERVICE,FOOD|FOOD|SERVICE,vibe|owner|service
616,630,"ask for usha, the nicest bartender in manhattan.",SERVICE,FOOD|FOOD|SERVICE,usha|bartender|manhattan
617,631,this is an amazing place to try some roti rolls.,FOOD,AMBIENCE|FOOD|SERVICE,place|roti|rolls
618,632,i really recommend the very simple unda (egg) rolls.,FOOD,FOOD|FOOD|VALUE,unda|egg|rolls
619,633,"delicate spices, onions, eggs and a kick-ass roti.",FOOD|FOOD|FOOD|FOOD,FOOD|FOOD|FOOD|SERVICE,spices|onions|eggs|roti
620,634,"toons has recently been redone, so it's now a very attractive space.",AMBIENCE,VALUE|VALUE|SERVICE,toons|redone|space
621,635,the food's as good as ever.,FOOD,FOOD,food
622,636,"in an area sadly lacking in decent thai food, this is one of the best spots.",FOOD,FOOD|FOOD|SERVICE,area|food|spots
623,637,"went here last night - nice decor, good service, but the food was surprisingly excellent.",AMBIENCE|SERVICE|FOOD,SERVICE|VALUE|SERVICE|FOOD,night|decor|service|food
624,638,best drumsticks over rice and sour spicy soup in town!,FOOD|FOOD,FOOD|FOOD|FOOD|FOOD|FOOD,drumsticks|rice|spicy|soup|town
625,639,beef noodle soup is good as well.,FOOD,FOOD|FOOD|FOOD,beef|noodle|soup
626,640,the service is good and the resturant is clean.,SERVICE|AMBIENCE,SERVICE|FOOD,service|resturant
627,641,best taiwanese food in ny!,FOOD,FOOD|FOOD,food|ny
628,642,rao's has the best service and atmosphere in nyc.,SERVICE|AMBIENCE,FOOD|SERVICE|AMBIENCE|SERVICE,rao|service|atmosphere|nyc
629,643,"we recently decided to try this location, and to our delight, they have outdoor seating, perfect since i had my yorkie with me.",AMBIENCE,VALUE|AMBIENCE|FOOD|FOOD,location|delight|seating|yorkie
630,644,indoor was very cozy and cute.,AMBIENCE,,
631,645,"the portion sizes here are huge, and the sushi is good.",FOOD|FOOD,VALUE|FOOD|FOOD,portion|sizes|sushi
632,646,staff is very accomodating.,SERVICE,SERVICE,staff
633,647,"excellent dumplings served amid clean, chic decor.",FOOD|AMBIENCE,FOOD|AMBIENCE,dumplings|decor
634,648,"i got the $10 10-piece dim sum combo, every bite of which was great.",FOOD,VALUE|FOOD|FOOD,sum|combo|bite
635,649,the decor is very simple but comfortable.,AMBIENCE,AMBIENCE,decor
636,650,the food was delicious but do not come here on a empty stomach.,FOOD|FOOD,FOOD|FOOD,food|stomach
637,651,the portions are small but being that the food was so good makes up for that.,FOOD|FOOD,FOOD|FOOD,portions|food
638,652,the staff there is very attentive and down to earth.,SERVICE,SERVICE|SERVICE,staff|earth
639,653,great indian food and the service is incredible.,FOOD|SERVICE,FOOD|SERVICE,food|service
640,654,great food and the prices are very reasonable.,FOOD,FOOD|VALUE,food|prices
641,655,the food here does a great service to the name (cantonese that is...).,FOOD,FOOD|SERVICE|FOOD|FOOD,food|service|name|cantonese
642,656,i fell in love with the egg noodles in the beef broth with shrimp dumplings and slices of bbq roast pork.,FOOD,FOOD|FOOD|FOOD|FOOD|FOOD|FOOD|FOOD|FOOD|FOOD|FOOD|FOOD,love|egg|noodles|beef|broth|shrimp|dumplings|slices|bbq|roast|pork
643,657,this dish is my favorite and i always get it when i go there and never get tired of it.,FOOD,FOOD,dish
644,658,"try the congee and the donut like deep fried dough they call ow ley soh, a delicious and sweet tasting bread.",FOOD|FOOD,FOOD|FOOD|FOOD|FOOD|FOOD|FOOD|FOOD|FOOD,congee|donut|dough|ow|ley|soh|tasting|bread
645,659,simply some good tasting chinese food at incredible prices...,FOOD|VALUE,FOOD|FOOD|VALUE,tasting|food|prices
646,660,"good music, great food, speedy service affordable prices.",AMBIENCE|FOOD|SERVICE,FOOD|FOOD|SERVICE|VALUE,music|food|service|prices
647,661,consistently good japanese tapas.,FOOD,SERVICE,tapas
648,662,always good drinks and service is pretty good;,FOOD|SERVICE,FOOD|SERVICE,drinks|service
649,663,atmosphere is nice and relaxed too...,AMBIENCE,AMBIENCE,atmosphere
650,664,yakitori (bbq meats) is tasty too.,FOOD,FOOD|FOOD|FOOD,yakitori|bbq|meats
651,665,we were seated outside and the waiter spilled red wine and hot tea on myself and my date.,SERVICE,FOOD|FOOD|FOOD|SERVICE,waiter|wine|tea|date
652,666,"one would think we'd get an apology or complimentary drinks - instead, we got a snobby waiter wouldn't even take our order for 15 minutes and gave us lip when we asked him to do so.",SERVICE,VALUE|FOOD|SERVICE|VALUE|VALUE|FOOD,apology|drinks|waiter|order|minutes|lip
653,667,"with so many good restaurants on the uws, i don't need overpriced food, absurdly arrogant wait-staff who don't recognize they work at a glorified diner, clumsy service, and management that doesn't care.",VALUE|SERVICE|SERVICE|SERVICE,FOOD|FOOD|FOOD|SERVICE|FOOD|SERVICE|SERVICE,restaurants|uws|food|wait-staff|diner|service|management
654,668,i am relatively new to the area and tried pick a bgel on 2nd and was disappointed with the service and i thought the food was overated and on the pricey side.,SERVICE|VALUE|FOOD,VALUE|FOOD|SERVICE|FOOD|VALUE,area|bgel|service|food|side
655,669,the only problem is that the manager is a complete incompetent.,SERVICE,VALUE|VALUE,problem|manager
656,670,he offers subpar service and has no personality.,SERVICE,SERVICE|SERVICE,service|personality
657,671,there is no excuse for such lousy service!,SERVICE,VALUE|VALUE,excuse|service
658,672,"most of the servers are very attentive, friendly and quite attractive.",SERVICE,SERVICE,servers
659,673,"the vibe is very relaxed and cozy, service was great and the food was excellent!",AMBIENCE|SERVICE|FOOD,AMBIENCE|SERVICE|FOOD,vibe|service|food
660,674,food was good and the view of the new york city skiline was terrific even on a foggy rainy day like that of when i went.,FOOD|AMBIENCE,FOOD|AMBIENCE|AMBIENCE|AMBIENCE|AMBIENCE|AMBIENCE,food|view|york|city|skiline|day
661,675,i would highly recommend requesting a table by the window.,AMBIENCE,SERVICE|SERVICE,table|window
662,676,although they do the typical what kind of water would you like questions the service was good and overall very relaxing to place to eat.,SERVICE|AMBIENCE,VALUE|FOOD|VALUE|SERVICE,kind|water|questions|service
663,677,the food is great.,FOOD,FOOD,food
664,678,personal pans are the perfect size for those hungry nights.,FOOD,FOOD|FOOD|SERVICE,pans|size|nights
665,679,there is a downside if you're ordering in -- the delivery guys have major attitude.,SERVICE,VALUE|VALUE|VALUE|VALUE,downside|delivery|guys|attitude
666,680,never have i had such dramatic delivery guys (a lot of huffing and panting and muttering under breath b/c i live in a walkup) who always seem disappointed with their tips.,SERVICE,VALUE|VALUE|VALUE|FOOD|FOOD|VALUE|VALUE|FOOD|SERVICE,delivery|guys|lot|huffing|panting|breath|b/c|walkup|tips
667,681,"love the scene first off- the place has a character and nice light to it..very fortunate, location wise.",AMBIENCE|AMBIENCE|AMBIENCE,AMBIENCE|AMBIENCE|AMBIENCE|AMBIENCE,scene|place|character|light
668,682,the pizza was pretty good and huge.,FOOD|FOOD,FOOD,pizza
669,683,we were 4 and got the family size penne a la vodka which was tremendously gigantic portion...a bucket of food literally.,FOOD,FOOD|VALUE|FOOD|FOOD|FOOD|FOOD|FOOD,family|size|penne|vodka|portion|bucket|food
670,684,"the pasta penne was pretty extra buttery, creamy which means a big task to diggest.. tasty at first but i would say that i was full with a slice of pizza and 7 to count, penne...got a little moody afterwards cause was stuffed...lol",FOOD|FOOD,FOOD|FOOD|FOOD|FOOD,pasta|penne|buttery|task
671,685,"interesting selection, good wines, service fine, fun decor.",FOOD|SERVICE|AMBIENCE|FOOD,FOOD|FOOD|SERVICE|FOOD|FOOD|AMBIENCE,selection|wines|service|fine|fun|decor
672,686,i recieved prompt service with a smile.,SERVICE,SERVICE|SERVICE,service|smile
673,687,love the atmosphere - felt like i was in paris.,AMBIENCE,AMBIENCE,atmosphere
674,688,the mussels were fantastic and so was the dessert...definitely going to be back very soon.,FOOD|FOOD,FOOD|FOOD,mussels|dessert
675,689,i have been coming here for years and have nothing but good things to say about the service and the great staff at la lanterna.,SERVICE|SERVICE,FOOD|VALUE|AMBIENCE|SERVICE|SERVICE|SERVICE,years|nothing|things|service|staff|lanterna
676,690,"over the years the host, vittorio, and his crew, have always treated me as family--although with all the business this not-so-little gem does, it amazing he's even able to remember a consistent but not-so-frequent visitor.",SERVICE|SERVICE,FOOD|AMBIENCE|AMBIENCE|VALUE|FOOD|VALUE|AMBIENCE|SERVICE,years|host|vittorio|crew|family|business|gem|visitor
677,691,"i've also been amazed at all the new additions in the past few years: a new jazz bar, the most fantastic dining garden, the best thin crust pizzas, and now a lasagna menu which is to die for (these are not your average lasagnas)!",AMBIENCE|AMBIENCE|FOOD|FOOD,FOOD|FOOD|FOOD|FOOD|FOOD|FOOD|FOOD|FOOD|FOOD|FOOD|FOOD,additions|years|jazz|bar|dining|garden|crust|pizzas|lasagna|menu|lasagnas
678,692,i have to say i have never had a disappointing meal here.,FOOD,FOOD,meal
679,693,we could have made a meal of the yummy dumplings from the dumpling menu.,FOOD,FOOD|FOOD|FOOD,meal|dumplings|menu
680,694,nice view of river and nyc.,AMBIENCE,AMBIENCE|FOOD|SERVICE,view|river|nyc
681,695,very reliable place to eat,AMBIENCE,FOOD,place
682,696,perfect location for those traveling in/out of the city by auto or bus,AMBIENCE,SERVICE|VALUE|VALUE|VALUE|SERVICE,location|in/out|city|auto|bus
683,697,"the 8th ave location was very convenient and while busy, wasn't packed",AMBIENCE,AMBIENCE|VALUE,ave|location
684,698,the location in the heart of manhattan adjacent to the port authority makes this an easy spot to grab a bite to eat,AMBIENCE,VALUE|AMBIENCE|AMBIENCE|FOOD|SERVICE|AMBIENCE|FOOD,location|heart|manhattan|port|authority|spot|bite
685,699,nice environment with a wide choice of beers,AMBIENCE,FOOD|FOOD|FOOD,environment|choice|beers
686,700,it's in a great location with windows that open out onto the pavement in nice weather.,AMBIENCE,AMBIENCE|AMBIENCE|AMBIENCE|VALUE,location|windows|pavement|weather
687,701,"location is convienient to businesses, hotels and theaters",AMBIENCE,SERVICE|VALUE|SERVICE|VALUE,location|businesses|hotels|theaters
688,702,lovely atmosphere,AMBIENCE,AMBIENCE,atmosphere
689,703,boucherie is our new favorite neighborhood spot.,AMBIENCE,FOOD|FOOD|SERVICE,boucherie|neighborhood|spot
690,704,this small place has an amazing atmosphere of energy and yet intimacy,AMBIENCE,AMBIENCE|AMBIENCE|FOOD|AMBIENCE,place|atmosphere|energy|intimacy
691,705,nice and trendy place with a great atmosphere,AMBIENCE,AMBIENCE|AMBIENCE,place|atmosphere
692,706,this is probably the worst place in total experience value in new york city,AMBIENCE,VALUE|VALUE|VALUE|VALUE,place|experience|value|city
693,707,this is a fantastic place to eat!,AMBIENCE,AMBIENCE,place
694,708,the atmosphere was amazing!,AMBIENCE,AMBIENCE,atmosphere
695,709,the atmosphere was amazing!,AMBIENCE,AMBIENCE,atmosphere
696,710,it's a very warm and cozy atmosphere with a trendy style.,AMBIENCE,AMBIENCE|AMBIENCE,atmosphere|style
697,711,this restaurant has great decor and atmosphere,AMBIENCE,FOOD|AMBIENCE|AMBIENCE,restaurant|decor|atmosphere
698,712,hiding behind two great wooden door is this marvelous gem of a restaurant,AMBIENCE,AMBIENCE|AMBIENCE|FOOD,door|gem|restaurant
