,Unnamed: 0,reviewID,sentenceID,review,category,polarity,entity,preprocessed_sentence,type_sentence,preprocessed_sentence_lemma,aspect_prediction,opinion_term_prediction,entity_prediction,opinion_prediction
0,0,RL#3,RL#3:1,"I am not necessarily fanatical about this place, but it was a fun time for low prices.",VALUE#PRICES,positive,VALUE,"i am not necessarily fanatical about this place , but it was a fun time for low prices .",compound_sentence,necessarily fanatical place fun time low price,"[['place'], ['time', 'price']]","[['fanatical'], ['fun', 'low']]","['AMBIENCE', 'VALUE']","['negative', 'positive']"
1,35,BzG#2,BzG#2:0,"Great place, great value.","AMBIENCE#GENERAL,VALUE#PRICES","positive,positive","AMBIENCE,VALUE","great place , great value .",phrase,great place great value,"[['place'], ['value']]","[['great'], ['great']]","['AMBIENCE', 'VALUE']","['positive', 'positive']"
2,37,BzG#2,BzG#2:2,The atmosphere is relaxed and casual.,AMBIENCE#GENERAL,positive,AMBIENCE,the atmosphere is relaxed and casual .,simple_sentence,atmosphere relax casual,"[['atmosphere', 'casual']]",[['relax']],['AMBIENCE'],['positive']
3,38,BzG#2,BzG#2:0,"Great place, great value.","AMBIENCE#GENERAL,VALUE#PRICES","positive,positive","AMBIENCE,VALUE","great place , great value .",phrase,great place great value,"[['place'], ['value']]","[['great'], ['great']]","['AMBIENCE', 'VALUE']","['positive', 'positive']"
4,40,BzG#2,BzG#2:2,The atmosphere is relaxed and casual.,AMBIENCE#GENERAL,positive,AMBIENCE,the atmosphere is relaxed and casual .,simple_sentence,atmosphere relax casual,"[['atmosphere', 'casual']]",[['relax']],['AMBIENCE'],['positive']
5,41,BzG#2,BzG#2:0,"Great place, great value.","AMBIENCE#GENERAL,VALUE#PRICES","positive,positive","AMBIENCE,VALUE","great place , great value .",phrase,great place great value,"[['place'], ['value']]","[['great'], ['great']]","['AMBIENCE', 'VALUE']","['positive', 'positive']"
6,43,BzG#2,BzG#2:2,The atmosphere is relaxed and casual.,AMBIENCE#GENERAL,positive,AMBIENCE,the atmosphere is relaxed and casual .,simple_sentence,atmosphere relax casual,"[['atmosphere', 'casual']]",[['relax']],['AMBIENCE'],['positive']
7,44,BzG#2,BzG#2:0,"Great place, great value.","AMBIENCE#GENERAL,VALUE#PRICES","positive,positive","AMBIENCE,VALUE","great place , great value .",phrase,great place great value,"[['place'], ['value']]","[['great'], ['great']]","['AMBIENCE', 'VALUE']","['positive', 'positive']"
8,46,BzG#2,BzG#2:2,The atmosphere is relaxed and casual.,AMBIENCE#GENERAL,positive,AMBIENCE,the atmosphere is relaxed and casual .,simple_sentence,atmosphere relax casual,"[['atmosphere', 'casual']]",[['relax']],['AMBIENCE'],['positive']
9,47,BzG#2,BzG#2:0,"Great place, great value.","AMBIENCE#GENERAL,VALUE#PRICES","positive,positive","AMBIENCE,VALUE","great place , great value .",phrase,great place great value,"[['place'], ['value']]","[['great'], ['great']]","['AMBIENCE', 'VALUE']","['positive', 'positive']"
10,49,BzG#2,BzG#2:2,The atmosphere is relaxed and casual.,AMBIENCE#GENERAL,positive,AMBIENCE,the atmosphere is relaxed and casual .,simple_sentence,atmosphere relax casual,"[['atmosphere', 'casual']]",[['relax']],['AMBIENCE'],['positive']
11,50,BzG#2,BzG#2:0,"Great place, great value.","AMBIENCE#GENERAL,VALUE#PRICES","positive,positive","AMBIENCE,VALUE","great place , great value .",phrase,great place great value,"[['place'], ['value']]","[['great'], ['great']]","['AMBIENCE', 'VALUE']","['positive', 'positive']"
12,52,BzG#2,BzG#2:2,The atmosphere is relaxed and casual.,AMBIENCE#GENERAL,positive,AMBIENCE,the atmosphere is relaxed and casual .,simple_sentence,atmosphere relax casual,"[['atmosphere', 'casual']]",[['relax']],['AMBIENCE'],['positive']
13,53,BzG#2,BzG#2:0,"Great place, great value.","AMBIENCE#GENERAL,VALUE#PRICES","positive,positive","AMBIENCE,VALUE","great place , great value .",phrase,great place great value,"[['place'], ['value']]","[['great'], ['great']]","['AMBIENCE', 'VALUE']","['positive', 'positive']"
14,55,BzG#2,BzG#2:2,The atmosphere is relaxed and casual.,AMBIENCE#GENERAL,positive,AMBIENCE,the atmosphere is relaxed and casual .,simple_sentence,atmosphere relax casual,"[['atmosphere', 'casual']]",[['relax']],['AMBIENCE'],['positive']
15,56,BzG#2,BzG#2:0,"Great place, great value.","AMBIENCE#GENERAL,VALUE#PRICES","positive,positive","AMBIENCE,VALUE","great place , great value .",phrase,great place great value,"[['place'], ['value']]","[['great'], ['great']]","['AMBIENCE', 'VALUE']","['positive', 'positive']"
16,58,BzG#2,BzG#2:2,The atmosphere is relaxed and casual.,AMBIENCE#GENERAL,positive,AMBIENCE,the atmosphere is relaxed and casual .,simple_sentence,atmosphere relax casual,"[['atmosphere', 'casual']]",[['relax']],['AMBIENCE'],['positive']
17,59,BzG#2,BzG#2:0,"Great place, great value.","AMBIENCE#GENERAL,VALUE#PRICES","positive,positive","AMBIENCE,VALUE","great place , great value .",phrase,great place great value,"[['place'], ['value']]","[['great'], ['great']]","['AMBIENCE', 'VALUE']","['positive', 'positive']"
18,61,BzG#2,BzG#2:2,The atmosphere is relaxed and casual.,AMBIENCE#GENERAL,positive,AMBIENCE,the atmosphere is relaxed and casual .,simple_sentence,atmosphere relax casual,"[['atmosphere', 'casual']]",[['relax']],['AMBIENCE'],['positive']
19,62,BzG#2,BzG#2:0,"Great place, great value.","AMBIENCE#GENERAL,VALUE#PRICES","positive,positive","AMBIENCE,VALUE","great place , great value .",phrase,great place great value,"[['place'], ['value']]","[['great'], ['great']]","['AMBIENCE', 'VALUE']","['positive', 'positive']"
20,64,BzG#2,BzG#2:2,The atmosphere is relaxed and casual.,AMBIENCE#GENERAL,positive,AMBIENCE,the atmosphere is relaxed and casual .,simple_sentence,atmosphere relax casual,"[['atmosphere', 'casual']]",[['relax']],['AMBIENCE'],['positive']
21,65,BzG#2,BzG#2:0,"Great place, great value.","AMBIENCE#GENERAL,VALUE#PRICES","positive,positive","AMBIENCE,VALUE","great place , great value .",phrase,great place great value,"[['place'], ['value']]","[['great'], ['great']]","['AMBIENCE', 'VALUE']","['positive', 'positive']"
22,67,BzG#2,BzG#2:2,The atmosphere is relaxed and casual.,AMBIENCE#GENERAL,positive,AMBIENCE,the atmosphere is relaxed and casual .,simple_sentence,atmosphere relax casual,"[['atmosphere', 'casual']]",[['relax']],['AMBIENCE'],['positive']
23,68,BzG#2,BzG#2:0,"Great place, great value.","AMBIENCE#GENERAL,VALUE#PRICES","positive,positive","AMBIENCE,VALUE","great place , great value .",phrase,great place great value,"[['place'], ['value']]","[['great'], ['great']]","['AMBIENCE', 'VALUE']","['positive', 'positive']"
24,70,BzG#2,BzG#2:2,The atmosphere is relaxed and casual.,AMBIENCE#GENERAL,positive,AMBIENCE,the atmosphere is relaxed and casual .,simple_sentence,atmosphere relax casual,"[['atmosphere', 'casual']]",[['relax']],['AMBIENCE'],['positive']
25,71,BzG#2,BzG#2:0,"Great place, great value.","AMBIENCE#GENERAL,VALUE#PRICES","positive,positive","AMBIENCE,VALUE","great place , great value .",phrase,great place great value,"[['place'], ['value']]","[['great'], ['great']]","['AMBIENCE', 'VALUE']","['positive', 'positive']"
26,73,BzG#2,BzG#2:2,The atmosphere is relaxed and casual.,AMBIENCE#GENERAL,positive,AMBIENCE,the atmosphere is relaxed and casual .,simple_sentence,atmosphere relax casual,"[['atmosphere', 'casual']]",[['relax']],['AMBIENCE'],['positive']
27,74,BzG#2,BzG#2:0,"Great place, great value.","AMBIENCE#GENERAL,VALUE#PRICES","positive,positive","AMBIENCE,VALUE","great place , great value .",phrase,great place great value,"[['place'], ['value']]","[['great'], ['great']]","['AMBIENCE', 'VALUE']","['positive', 'positive']"
28,76,BzG#2,BzG#2:2,The atmosphere is relaxed and casual.,AMBIENCE#GENERAL,positive,AMBIENCE,the atmosphere is relaxed and casual .,simple_sentence,atmosphere relax casual,"[['atmosphere', 'casual']]",[['relax']],['AMBIENCE'],['positive']
29,77,BzG#2,BzG#2:0,"Great place, great value.","AMBIENCE#GENERAL,VALUE#PRICES","positive,positive","AMBIENCE,VALUE","great place , great value .",phrase,great place great value,"[['place'], ['value']]","[['great'], ['great']]","['AMBIENCE', 'VALUE']","['positive', 'positive']"
30,79,BzG#2,BzG#2:2,The atmosphere is relaxed and casual.,AMBIENCE#GENERAL,positive,AMBIENCE,the atmosphere is relaxed and casual .,simple_sentence,atmosphere relax casual,"[['atmosphere', 'casual']]",[['relax']],['AMBIENCE'],['positive']
31,80,BzG#2,BzG#2:0,"Great place, great value.","AMBIENCE#GENERAL,VALUE#PRICES","positive,positive","AMBIENCE,VALUE","great place , great value .",phrase,great place great value,"[['place'], ['value']]","[['great'], ['great']]","['AMBIENCE', 'VALUE']","['positive', 'positive']"
32,82,BzG#2,BzG#2:2,The atmosphere is relaxed and casual.,AMBIENCE#GENERAL,positive,AMBIENCE,the atmosphere is relaxed and casual .,simple_sentence,atmosphere relax casual,"[['atmosphere', 'casual']]",[['relax']],['AMBIENCE'],['positive']
33,83,BzG#2,BzG#2:0,"Great place, great value.","AMBIENCE#GENERAL,VALUE#PRICES","positive,positive","AMBIENCE,VALUE","great place , great value .",phrase,great place great value,"[['place'], ['value']]","[['great'], ['great']]","['AMBIENCE', 'VALUE']","['positive', 'positive']"
34,85,BzG#2,BzG#2:2,The atmosphere is relaxed and casual.,AMBIENCE#GENERAL,positive,AMBIENCE,the atmosphere is relaxed and casual .,simple_sentence,atmosphere relax casual,"[['atmosphere', 'casual']]",[['relax']],['AMBIENCE'],['positive']
35,86,BzG#2,BzG#2:0,"Great place, great value.","AMBIENCE#GENERAL,VALUE#PRICES","positive,positive","AMBIENCE,VALUE","great place , great value .",phrase,great place great value,"[['place'], ['value']]","[['great'], ['great']]","['AMBIENCE', 'VALUE']","['positive', 'positive']"
36,88,BzG#2,BzG#2:2,The atmosphere is relaxed and casual.,AMBIENCE#GENERAL,positive,AMBIENCE,the atmosphere is relaxed and casual .,simple_sentence,atmosphere relax casual,"[['atmosphere', 'casual']]",[['relax']],['AMBIENCE'],['positive']
37,89,BzG#2,BzG#2:0,"Great place, great value.","AMBIENCE#GENERAL,VALUE#PRICES","positive,positive","AMBIENCE,VALUE","great place , great value .",phrase,great place great value,"[['place'], ['value']]","[['great'], ['great']]","['AMBIENCE', 'VALUE']","['positive', 'positive']"
38,91,BzG#2,BzG#2:2,The atmosphere is relaxed and casual.,AMBIENCE#GENERAL,positive,AMBIENCE,the atmosphere is relaxed and casual .,simple_sentence,atmosphere relax casual,"[['atmosphere', 'casual']]",[['relax']],['AMBIENCE'],['positive']
39,92,BzG#2,BzG#2:0,"Great place, great value.","AMBIENCE#GENERAL,VALUE#PRICES","positive,positive","AMBIENCE,VALUE","great place , great value .",phrase,great place great value,"[['place'], ['value']]","[['great'], ['great']]","['AMBIENCE', 'VALUE']","['positive', 'positive']"
40,94,BzG#2,BzG#2:2,The atmosphere is relaxed and casual.,AMBIENCE#GENERAL,positive,AMBIENCE,the atmosphere is relaxed and casual .,simple_sentence,atmosphere relax casual,"[['atmosphere', 'casual']]",[['relax']],['AMBIENCE'],['positive']
41,95,BzG#2,BzG#2:0,"Great place, great value.","AMBIENCE#GENERAL,VALUE#PRICES","positive,positive","AMBIENCE,VALUE","great place , great value .",phrase,great place great value,"[['place'], ['value']]","[['great'], ['great']]","['AMBIENCE', 'VALUE']","['positive', 'positive']"
42,97,BzG#2,BzG#2:2,The atmosphere is relaxed and casual.,AMBIENCE#GENERAL,positive,AMBIENCE,the atmosphere is relaxed and casual .,simple_sentence,atmosphere relax casual,"[['atmosphere', 'casual']]",[['relax']],['AMBIENCE'],['positive']
43,98,BzG#2,BzG#2:0,"Great place, great value.","AMBIENCE#GENERAL,VALUE#PRICES","positive,positive","AMBIENCE,VALUE","great place , great value .",phrase,great place great value,"[['place'], ['value']]","[['great'], ['great']]","['AMBIENCE', 'VALUE']","['positive', 'positive']"
44,100,BzG#2,BzG#2:2,The atmosphere is relaxed and casual.,AMBIENCE#GENERAL,positive,AMBIENCE,the atmosphere is relaxed and casual .,simple_sentence,atmosphere relax casual,"[['atmosphere', 'casual']]",[['relax']],['AMBIENCE'],['positive']
45,101,BzG#2,BzG#2:0,"Great place, great value.","AMBIENCE#GENERAL,VALUE#PRICES","positive,positive","AMBIENCE,VALUE","great place , great value .",phrase,great place great value,"[['place'], ['value']]","[['great'], ['great']]","['AMBIENCE', 'VALUE']","['positive', 'positive']"
46,103,BzG#2,BzG#2:2,The atmosphere is relaxed and casual.,AMBIENCE#GENERAL,positive,AMBIENCE,the atmosphere is relaxed and casual .,simple_sentence,atmosphere relax casual,"[['atmosphere', 'casual']]",[['relax']],['AMBIENCE'],['positive']
47,104,BzG#2,BzG#2:0,"Great place, great value.","AMBIENCE#GENERAL,VALUE#PRICES","positive,positive","AMBIENCE,VALUE","great place , great value .",phrase,great place great value,"[['place'], ['value']]","[['great'], ['great']]","['AMBIENCE', 'VALUE']","['positive', 'positive']"
48,106,BzG#2,BzG#2:2,The atmosphere is relaxed and casual.,AMBIENCE#GENERAL,positive,AMBIENCE,the atmosphere is relaxed and casual .,simple_sentence,atmosphere relax casual,"[['atmosphere', 'casual']]",[['relax']],['AMBIENCE'],['positive']
49,107,BzG#2,BzG#2:0,"Great place, great value.","AMBIENCE#GENERAL,VALUE#PRICES","positive,positive","AMBIENCE,VALUE","great place , great value .",phrase,great place great value,"[['place'], ['value']]","[['great'], ['great']]","['AMBIENCE', 'VALUE']","['positive', 'positive']"
50,109,BzG#2,BzG#2:2,The atmosphere is relaxed and casual.,AMBIENCE#GENERAL,positive,AMBIENCE,the atmosphere is relaxed and casual .,simple_sentence,atmosphere relax casual,"[['atmosphere', 'casual']]",[['relax']],['AMBIENCE'],['positive']
51,110,BzG#2,BzG#2:0,"Great place, great value.","AMBIENCE#GENERAL,VALUE#PRICES","positive,positive","AMBIENCE,VALUE","great place , great value .",phrase,great place great value,"[['place'], ['value']]","[['great'], ['great']]","['AMBIENCE', 'VALUE']","['positive', 'positive']"
52,112,BzG#2,BzG#2:2,The atmosphere is relaxed and casual.,AMBIENCE#GENERAL,positive,AMBIENCE,the atmosphere is relaxed and casual .,simple_sentence,atmosphere relax casual,"[['atmosphere', 'casual']]",[['relax']],['AMBIENCE'],['positive']
53,113,BzG#2,BzG#2:0,"Great place, great value.","AMBIENCE#GENERAL,VALUE#PRICES","positive,positive","AMBIENCE,VALUE","great place , great value .",phrase,great place great value,"[['place'], ['value']]","[['great'], ['great']]","['AMBIENCE', 'VALUE']","['positive', 'positive']"
54,115,BzG#2,BzG#2:2,The atmosphere is relaxed and casual.,AMBIENCE#GENERAL,positive,AMBIENCE,the atmosphere is relaxed and casual .,simple_sentence,atmosphere relax casual,"[['atmosphere', 'casual']]",[['relax']],['AMBIENCE'],['positive']
55,117,TM#6,TM#6:2,The flavors are amazing and the value is phenomenal.,"FOOD#QUALITY,VALUE#PRICES","positive,positive","FOOD,VALUE",the flavors are amazing and the value is phenomenal .,compound_sentence,flavor amazing value phenomenal,"[['flavor'], ['value']]","[['amazing'], ['phenomenal']]","['AMBIENCE', 'VALUE']","['negative', 'positive']"
56,118,,1471273:3,Prices too high for this cramped and unappealing resturant.,"VALUE#PRICES,AMBIENCE#GENERAL","negative,negative","VALUE,AMBIENCE",prices too high for this cramped and unappealing resturant .,phrase,price high cramped unappealing resturant,"[['price'], ['resturant']]","[['high', 'cramped'], ['unappealing']]","['VALUE', 'AMBIENCE']","['negative', 'negative']"
57,121,,,"Cozy place, great service and an amazing pizza","AMBIENCE#GENERAL,SERVICE#GENERAL,FOOD#GENERAL","positive,positive,positive","AMBIENCE,SERVICE,FOOD","cozy place , great service and an amazing pizza",phrase,cozy place great service amazing pizza,"[['place'], ['service'], ['pizza']]","[['cozy'], ['great'], ['amazing']]","['AMBIENCE', 'SERVICE', 'FOOD']","['positive', 'positive', 'negative']"
58,137,1004293,1004293:1,"We, there were four of us, arrived at noon - the place was empty - and the staff acted like we were imposing on them and they were very rude.",SERVICE#GENERAL,negative,SERVICE,"we , there were four of us , arrived at noon - the place was empty - and the staff acted like we were imposing on them and they were very rude .",compound_complex_sentence,four us arrive noon place empty staff act like impose rude,"[['noon', 'place'], ['noon', 'noon', 'staff']]","[['empty'], ['like', 'impose', 'rude']]","['AMBIENCE', 'SERVICE']","['positive', 'positive']"
59,141,1016296,1016296:4,Chow fun was dry; pork shu mai was more than usually greasy and had to share a table with loud and rude family. ,"FOOD#QUALITY,FOOD#QUALITY","negative,negative","FOOD,FOOD",chow fun was dry pork shu mai was more than usually greasy and had to share a table with loud and rude family .,compound_complex_sentence,chow fun dry pork shu mai usually greasy share table loud rude family,"[['chow'], ['pork', 'shu', 'mai'], ['table'], ['family']]","[['fun', 'dry'], ['greasy'], ['loud'], ['rude']]","['FOOD', 'FOOD', 'VALUE', 'AMBIENCE']","['positive', 'positive', 'positive', 'negative']"
60,143,1032695,1032695:1,"Everything is always cooked to perfection, the service is excellent, the decor cool and understated.","SERVICE#GENERAL,AMBIENCE#GENERAL","positive,positive","SERVICE,AMBIENCE","everything is always cooked to perfection , the service is excellent , the decor cool and understated .",compound_sentence,everything always cook perfection service excellent decor cool understate,"[['service'], ['decor']]","[['excellent'], ['cool']]","['SERVICE', 'AMBIENCE']","['positive', 'positive']"
61,145,1041457,1041457:2,"The food is very average...the Thai fusion stuff is a bit too sweet, every thing they serve is too sweet here.","FOOD#QUALITY,FOOD#QUALITY","negative,negative","FOOD,FOOD","the food is very average ... the thai fusion stuff is a bit too sweet , every thing they serve is too sweet here .",compound_complex_sentence,food average thai fusion stuff bit sweet every thing serve sweet,"[['food'], ['fusion', 'stuff']]","[['average'], ['sweet']]","['FOOD', 'AMBIENCE']","['negative', 'positive']"
62,148,1041457,1041457:6,"The decor is night tho...but they REALLY need to clean that vent in the ceiling...its quite un-appetizing, and kills your effort to make this place look sleek and modern.","AMBIENCE#GENERAL,AMBIENCE#GENERAL,AMBIENCE#GENERAL","negative,positive,negative","AMBIENCE,AMBIENCE,AMBIENCE","the decor is night tho ... but they really need to clean that vent in the ceiling ... its quite un-appetizing , and kills your effort to make this place look sleek and modern .",compound_complex_sentence,decor night tho really need clean vent ceiling quite un appetizing kill effort make place look sleek modern,"[['ceiling'], ['decor', 'night', 'effort', 'place', 'look'], ['decor', 'night']]","[['vent', 'un-appetizing'], ['kill', 'sleek'], ['clean', 'modern']]","['AMBIENCE', 'AMBIENCE', 'AMBIENCE']","['positive', 'positive', 'positive']"
63,153,1055910,1055910:4,Ambiance is relaxed and stylish.,AMBIENCE#GENERAL,positive,AMBIENCE,ambiance is relaxed and stylish .,phrase,ambiance relax stylish,[['ambiance']],"[['relax', 'stylish']]",['AMBIENCE'],['positive']
64,154,1058221,1058221:3,"however, it's the service that leaves a bad taste in my mouth.",SERVICE#GENERAL,negative,SERVICE,"however , it is the service that leaves a bad taste in my mouth .",complex_sentence,however service leave bad taste mouth,"[['taste', 'mouth']]",[['bad']],['AMBIENCE'],['positive']
65,170,1086478,1086478:5,"The ambience is pretty and nice for conversation, so a casual lunch here would probably be best.",AMBIENCE#GENERAL,positive,AMBIENCE,"the ambience is pretty and nice for conversation , so a casual lunch here would probably be best .",compound_sentence,ambience pretty nice conversation casual lunch would probably best,"[['lunch'], ['ambience']]","[['best'], ['pretty', 'nice']]","['AMBIENCE', 'AMBIENCE']","['negative', 'negative']"
66,174,1102681,1102681:0,"Once you step into Cosette, you're miraculously in a small, off-the-beaten path Parisian bistro.",AMBIENCE#GENERAL,positive,AMBIENCE,"once you step into cosette , you 're miraculously in a small , off-the-beaten path parisian bistro .",phrase,step cosette miraculously small beaten path parisian bistro,"[['cosette', 'path', 'bistro']]","[['miraculously', 'small']]",['AMBIENCE'],['positive']
67,175,1102681,1102681:1,"This tiny restaurant is as cozy as it gets, with that certain Parisian flair.",AMBIENCE#GENERAL,positive,AMBIENCE,"this tiny restaurant is as cozy as it gets , with that certain parisian flair .",complex_sentence,tiny restaurant cozy get certain parisian flair,[['restaurant']],[['cozy']],['AMBIENCE'],['positive']
68,186,1126886,1126886:2,"The service is excellent, the decor is great, and the food is delicious and comes in large portions.","SERVICE#GENERAL,AMBIENCE#GENERAL,FOOD#QUALITY,FOOD#STYLE_OPTIONS","positive,positive,positive,positive","SERVICE,AMBIENCE,FOOD,FOOD","the service is excellent , the decor is great , and the food is delicious and comes in large portions .",compound_sentence,service excellent decor great food delicious come large portion,"[['service'], ['decor'], ['food'], ['portion']]","[['excellent'], ['great'], ['delicious'], ['large']]","['SERVICE', 'AMBIENCE', 'FOOD', 'VALUE']","['positive', 'positive', 'positive', 'positive']"
69,187,1131595,1131595:0,This place is incredibly tiny.,AMBIENCE#GENERAL,negative,AMBIENCE,this place is incredibly tiny .,simple_sentence,place incredibly tiny,[['place']],"[['incredibly', 'tiny']]",['AMBIENCE'],['negative']
70,188,1131595,1131595:2,The hostess is rude to the point of being offensive.,SERVICE#GENERAL,negative,SERVICE,the hostess is rude to the point of being offensive .,simple_sentence,hostess rude point offensive,[['hostess']],"[['rude', 'offensive']]",['AMBIENCE'],['positive']
71,190,1138996,1138996:1,"We have been to this place many times, and always have great food, wine, and service.","FOOD#QUALITY,FOOD#QUALITY,SERVICE#GENERAL","positive,positive,positive","FOOD,FOOD,SERVICE","we have been to this place many times , and always have great food , wine , and service .",compound_sentence,place many time always great food wine service,"[['place', 'time'], ['food']]","[['many'], ['great']]","['AMBIENCE', 'FOOD']","['negative', 'positive']"
72,194,1145510,1145510:1,The pizza is yummy and I like the atmoshpere.,"FOOD#QUALITY,AMBIENCE#GENERAL","positive,positive","FOOD,AMBIENCE",the pizza is yummy and i like the atmoshpere .,simple_sentence,pizza yummy like atmoshpere,"[['pizza'], ['atmoshpere']]","[['yummy'], ['like']]","['FOOD', 'AMBIENCE']","['negative', 'positive']"
73,195,1145510,1145510:2,But the pizza is way to expensive.,FOOD#PRICES,negative,FOOD,but the pizza is way to expensive .,simple_sentence,pizza way expensive,"[['pizza', 'way']]",[['expensive']],['AMBIENCE'],['negative']
74,196,1147082,1147082:0,I went there for lunch and the lunch was not as good as I expected from the reviews I read.,FOOD#QUALITY,negative,FOOD,i went there for lunch and the lunch was not as good as i expected from the reviews i read .,compound_sentence,go lunch lunch good expect review read,"[['lunch', 'lunch', 'review']]",[['good']],['AMBIENCE'],['positive']
75,198,1147211,1147211:2,The waitress was very patient with us and the food is phenomenal!,"SERVICE#GENERAL,FOOD#QUALITY","positive,positive","SERVICE,FOOD",the waitress was very patient with us and the food is phenomenal,compound_sentence,waitress patient us food phenomenal,"[['waitress'], ['food']]","[['patient'], ['phenomenal']]","['AMBIENCE', 'FOOD']","['positive', 'positive']"
76,202,1154550,1154550:0,This is the best sushi in new york city - hands down.,FOOD#QUALITY,positive,FOOD,this is the best sushi in new york city - hands down .,simple_sentence,best sushi new york city hand,"[['sushi', 'city', 'hand']]",[['best']],['AMBIENCE'],['negative']
77,203,1154550,1154550:1,The place is small and cramped but the food is fantastic.,"AMBIENCE#GENERAL,FOOD#QUALITY","negative,positive","AMBIENCE,FOOD",the place is small and cramped but the food is fantastic .,compound_sentence,place small cramped food fantastic,"[['food'], ['place']]","[['fantastic'], ['small', 'cramped']]","['FOOD', 'AMBIENCE']","['negative', 'negative']"
78,204,1162037,1162037:2,"The atmosphere isn't the greatest , but I suppose that's how they keep the prices down .",AMBIENCE#GENERAL,negative,AMBIENCE,"the atmosphere is not the greatest , but i suppose that is how they keep the prices down .",complex_sentence,atmosphere isnot great suppose keep price,[['atmosphere']],[['great']],['AMBIENCE'],['positive']
79,206,1189674,1189674:0,First went here to enjoy their garden terrace.,AMBIENCE#GENERAL,positive,AMBIENCE,first went here to enjoy their garden terrace .,phrase,first go enjoy garden terrace,"[['garden', 'terrace']]",[['enjoy']],['AMBIENCE'],['positive']
80,210,1189674,1189674:5,"It may be a bit packed on weekends, but the vibe is good and it is the best French food you will find in the area.","AMBIENCE#GENERAL,FOOD#QUALITY","positive,positive","AMBIENCE,FOOD","it may be a bit packed on weekends , but the vibe is good and it is the best french food you will find in the area .",compound_complex_sentence,may bit packed weekend vibe good best french food find area,"[['weekend'], ['vibe'], ['food']]","[['packed'], ['good'], ['best']]","['SERVICE', 'AMBIENCE', 'FOOD']","['positive', 'positive', 'negative']"
81,213,1199480,1199480:2,I'd highly recommend it for a special occasion and it provides and intimate setting and nice service.,"AMBIENCE#GENERAL,SERVICE#GENERAL","positive,positive","AMBIENCE,SERVICE",i 'd highly recommend it for a special occasion and it provides and intimate setting and nice service .,compound_sentence,highly recommend special occasion provide intimate setting nice service,"[['setting'], ['service'], ['occasion']]","[['intimate'], ['nice'], ['recommend', 'special']]","['AMBIENCE', 'SERVICE', 'AMBIENCE']","['positive', 'positive', 'positive']"
82,215,1212346,1212346:1,"Took my mom for Mother's Day, and the maitre d' was pretty rude.",SERVICE#GENERAL,negative,SERVICE,"took my mom for mother is day , and the maitre d was pretty rude .",simple_sentence,take mom mother day maitre pretty rude,[['maitre']],"[['pretty', 'rude']]",['AMBIENCE'],['negative']
83,217,1221938,1221938:3,Downstairs lounge is always a good attraction,AMBIENCE#GENERAL,positive,AMBIENCE,downstairs lounge is always a good attraction,phrase,downstairs lounge always good attraction,[['lounge']],"[['good', 'attraction']]",['AMBIENCE'],['positive']
84,218,1225162,1225162:0,"Raga's is a romantic, cozy restaurant.",AMBIENCE#GENERAL,positive,AMBIENCE,"raga is is a romantic , cozy restaurant .",simple_sentence,raga romantic cozy restaurant,"[['raga'], ['restaurant']]","[['romantic'], ['cozy']]","['AMBIENCE', 'AMBIENCE']","['negative', 'positive']"
85,225,1232468,1232468:1,The outdoor atmosphere of sitting on the sidewalk watching the world go by 50 feet away on 6th avenue on a cool evening was wonderful.,AMBIENCE#GENERAL,positive,AMBIENCE,the outdoor atmosphere of sitting on the sidewalk watching the world go by NUM feet away on 6th avenue on a cool evening was wonderful .,compound_sentence,outdoor atmosphere sit sidewalk watch world go foot away 6th avenue cool evening wonderful,"[['atmosphere', 'sidewalk'], ['world']]","[['outdoor', 'wonderful'], ['cool']]","['AMBIENCE', 'AMBIENCE']","['positive', 'positive']"
86,232,1256373,1256373:1,fine dining restaurant quality.,FOOD#QUALITY,positive,FOOD,fine dining restaurant quality .,phrase,fine dining restaurant quality,"[['dining', 'restaurant', 'quality']]",[['fine']],['AMBIENCE'],['positive']
87,238,1280166,1280166:4,Traditional French decour was pleasant though the hall was rather noisy - the restaurant was full and we had to raise our voices to be able to maintain a conversation.,"AMBIENCE#GENERAL,AMBIENCE#GENERAL","positive,negative","AMBIENCE,AMBIENCE",traditional french decour was pleasant though the hall was rather noisy - the restaurant was full and we had to raise our voices to be able to maintain a conversation .,compound_complex_sentence,traditional french decour pleasant though hall rather noisy restaurant full raise voice able maintain conversation,"[['decour'], ['hall'], ['restaurant'], ['voice']]","[['pleasant'], ['noisy'], ['full'], ['able']]","['FOOD', 'AMBIENCE', 'AMBIENCE', 'AMBIENCE']","['positive', 'positive', 'positive', 'positive']"
88,239,1280179,1280179:2,"Seating is always prompt, though the restaurant does fill up in the evening.",SERVICE#GENERAL,positive,SERVICE,"seating is always prompt , though the restaurant does fill up in the evening .",complex_sentence,seating always prompt though restaurant fill evening,[['seating']],[['prompt']],['AMBIENCE'],['negative']
89,241,1280179,1280179:5,"The decor is vibrant and eye-pleasing with several semi-private boths on the right side of the dining hall, which are great for a date.","AMBIENCE#GENERAL,AMBIENCE#GENERAL","positive,positive","AMBIENCE,AMBIENCE","the decor is vibrant and eye-pleasing with several semi-private boths on the right side of the dining hall , which are great for a date .",complex_sentence,decor vibrant eye please several semi private boths right side dining hall great date,[['decor']],"[['vibrant', 'eye-pleasing', 'several', 'semi-private', 'right']]",['AMBIENCE'],['positive']
90,242,1286916,1286916:1,"The first time I went, and was completely taken by the live jazz band and atmosphere, I ordered the Lobster Cobb Salad.","AMBIENCE#GENERAL,AMBIENCE#GENERAL","positive,positive","AMBIENCE,AMBIENCE","the first time i went , and was completely taken by the live jazz band and atmosphere , i ordered the lobster cobb salad .",complex_sentence,first time go completely take live jazz band atmosphere order lobster cobb salad,"[['jazz', 'band']]",[['live']],['AMBIENCE'],['positive']
91,246,1289424,1289424:4,The place's decor and hidden bathrooms made for a good laugh.,"AMBIENCE#GENERAL,AMBIENCE#GENERAL","positive,positive","AMBIENCE,AMBIENCE",the place is decor and hidden bathrooms made for a good laugh .,compound_sentence,place decor hidden bathroom make good laugh,"[['place', 'decor', 'bathroom']]",[['good']],['AMBIENCE'],['positive']
92,247,1293334,1293334:2,"The have over 100 different beers to offer thier guest so that made my husband very happy and the food was delicious, if I must recommend a dish it must be the pumkin tortelini.","FOOD#STYLE_OPTIONS,FOOD#QUALITY,FOOD#QUALITY","positive,positive,positive","FOOD,FOOD,FOOD","the have over NUM different beers to offer thier guest so that made my husband very happy and the food was delicious , if i must recommend a dish it must be the pumkin tortelini .",compound_complex_sentence,different beer offer thier guest make husband happy food delicious must recommend dish must pumkin tortelini,"[['num', 'guest'], ['food'], ['dish'], ['husband']]","[['different'], ['delicious'], ['recommend'], ['happy']]","['AMBIENCE', 'FOOD', 'FOOD', 'SERVICE']","['positive', 'positive', 'positive', 'positive']"
93,253,1300636,1300636:3,"Other guests enjoyed pizza, santa fe chopped salad and fish and chips.","FOOD#QUALITY,FOOD#QUALITY,FOOD#QUALITY","positive,positive,positive","FOOD,FOOD,FOOD","other guests enjoyed pizza , santa fe chopped salad and fish and chips .",compound_sentence,guest enjoy pizza santa fe chop salad fish chip,"[['guest', 'pizza']]",[['enjoy']],['AMBIENCE'],['positive']
94,254,1300636,1300636:4,"I highly recommend Cafe St. Bart's for their food, the ambience and wonderful service.","FOOD#QUALITY,AMBIENCE#GENERAL,SERVICE#GENERAL","positive,positive,positive","FOOD,AMBIENCE,SERVICE","i highly recommend cafe st. bart is for their food , the ambience and wonderful service .",complex_sentence,highly recommend cafe st bart food ambience wonderful service,"[['cafe', 'st.', 'bart', 'ambience', 'service'], ['cafe', 'st.', 'bart', 'cafe', 'st.', 'bart', 'ambience']]","[['wonderful'], ['recommend']]","['AMBIENCE', 'AMBIENCE']","['positive', 'positive']"
95,258,1308557,1308557:1,"It's boring on the inside, and our sushi was pretty below average... the tuna was soggy and the other rolls had no flavor.","FOOD#QUALITY,FOOD#QUALITY,FOOD#QUALITY","negative,negative,negative","FOOD,FOOD,FOOD","it is boring on the inside , and our sushi was pretty below average ... the tuna was soggy and the other rolls had no flavor .",compound_sentence,bore inside sushi pretty averagethe tuna soggy roll flavor,"[['inside'], ['sushi'], ['tuna']]","[['bore'], ['pretty'], ['soggy']]","['AMBIENCE', 'FOOD', 'FOOD']","['positive', 'negative', 'negative']"
96,263,1335154,1335154:1,"Great vibe, lots of people.",AMBIENCE#GENERAL,positive,AMBIENCE,"great vibe , lots of people .",phrase,great vibe lot people,[['vibe']],[['great']],['AMBIENCE'],['positive']
97,264,1335154,1335154:4,"I didn't complain, I liked the atmosphere so much.",AMBIENCE#GENERAL,positive,AMBIENCE,"i did not complain , i liked the atmosphere so much .",compound_sentence,didnot complain like atmosphere much,[['atmosphere']],[['like']],['AMBIENCE'],['positive']
98,265,1335656,1335656:2,"Ambience is so cute and quaint, good for business although we were there on vacation.",AMBIENCE#GENERAL,positive,AMBIENCE,"ambience is so cute and quaint , good for business although we were there on vacation .",complex_sentence,ambience cute quaint good business although vacation,"[['vacation', 'ambience'], ['business']]","[['cute', 'quaint'], ['good']]","['AMBIENCE', 'SERVICE']","['positive', 'positive']"
99,274,1340075,1340075:2,The atmosphere is noisy and the waiters are literally walking around doing things as fast as they can.,"AMBIENCE#GENERAL,SERVICE#GENERAL","negative,positive","AMBIENCE,SERVICE",the atmosphere is noisy and the waiters are literally walking around doing things as fast as they can .,compound_complex_sentence,atmosphere noisy waiter literally walk around thing fast,"[['atmosphere'], ['waiter']]","[['noisy'], ['fast']]","['AMBIENCE', 'FOOD']","['positive', 'negative']"
100,279,1347423,1347423:1,"The staff was accomodating, the food was absolutely delicious and the place is lovely.","SERVICE#GENERAL,FOOD#QUALITY,AMBIENCE#GENERAL","positive,positive,positive","SERVICE,FOOD,AMBIENCE","the staff was accomodating , the food was absolutely delicious and the place is lovely .",compound_sentence,staff accomodating food absolutely delicious place lovely,"[['staff'], ['food'], ['place']]","[['accomodating'], ['delicious'], ['lovely']]","['SERVICE', 'FOOD', 'AMBIENCE']","['positive', 'positive', 'positive']"
101,284,1353599,1353599:0,Right off the L in Brooklyn this is a nice cozy place with good pizza.,"FOOD#QUALITY,AMBIENCE#GENERAL","positive,positive","FOOD,AMBIENCE",right off the l in brooklyn this is a nice cozy place with good pizza .,simple_sentence,right l brooklyn nice cozy place good pizza,"[['place', 'pizza']]","[['right', 'nice', 'cozy', 'good']]",['AMBIENCE'],['positive']
102,285,1353599,1353599:1,Mine was a little burnt but still delicious with goat cheese and panchetta (raddichio was kind of bitter though).,FOOD#QUALITY,negative,FOOD,mine was a little burnt but still delicious with goat cheese and panchetta ( raddichio was kind of bitter though ) .,compound_sentence,mine little burnt still delicious goat cheese panchetta raddichio kind bitter though,"[['raddichio'], ['little']]","[['bitter'], ['burnt', 'delicious']]","['FOOD', 'AMBIENCE']","['positive', 'negative']"
103,288,1357554,1357554:4,It's a nice place to relax and have conversation.,AMBIENCE#GENERAL,positive,AMBIENCE,it is a nice place to relax and have conversation .,compound_sentence,nice place relax conversation,[['place']],"[['nice', 'relax']]",['AMBIENCE'],['positive']
104,291,1367358,1367358:3,"Ambience is delightful, service impeccable.","AMBIENCE#GENERAL,SERVICE#GENERAL","positive,positive","AMBIENCE,SERVICE","ambience is delightful , service impeccable .",simple_sentence,ambience delightful service impeccable,"[['ambience'], ['service']]","[['delightful'], ['impeccable']]","['AMBIENCE', 'SERVICE']","['negative', 'positive']"
105,294,1380450,1380450:2,Service was also horrible and the ambience is not that great.,"SERVICE#GENERAL,AMBIENCE#GENERAL","negative,negative","SERVICE,AMBIENCE",service was also horrible and the ambience is not that great .,compound_sentence,service also horrible ambience great,"[['service'], ['ambience']]","[['horrible'], ['great']]","['SERVICE', 'AMBIENCE']","['negative', 'positive']"
106,297,1390357,1390357:2,"I like the ambience, it's very dark and original.",AMBIENCE#GENERAL,positive,AMBIENCE,"i like the ambience , it is very dark and original .",simple_sentence,like ambience dark original,[['ambience']],[['like']],['AMBIENCE'],['positive']
107,299,1394712,1394712:0,Very affordable and excellent ambience!,AMBIENCE#GENERAL,positive,AMBIENCE,very affordable and excellent ambience,phrase,affordable excellent ambience,[['ambience']],[['excellent']],['AMBIENCE'],['positive']
108,300,1394712,1394712:3,We won't go to this place again for a good meal.,FOOD#QUALITY,negative,FOOD,we wo not go to this place again for a good meal .,simple_sentence,wonot go place good meal,"[['place', 'meal']]",[['good']],['AMBIENCE'],['positive']
109,301,1394712,1394712:4,"However, I think this place is a good hang out spot.",AMBIENCE#GENERAL,positive,AMBIENCE,"however , i think this place is a good hang out spot .",phrase,however think place good hang spot,"[['place', 'spot']]","[['good', 'hang']]",['AMBIENCE'],['positive']
110,302,1395421,1395421:1,THe Pizza and wine were excellent-the service too--but what really MADE this place was the backyard dining area.,"FOOD#QUALITY,FOOD#QUALITY,SERVICE#GENERAL,AMBIENCE#GENERAL","positive,positive,positive,positive","FOOD,FOOD,SERVICE,AMBIENCE",the pizza and wine were excellent-the service too -- but what really made this place was the backyard dining area .,complex_sentence,pizza wine excellent service really make place backyard dining area,"[['place', 'backyard', 'dining', 'area', 'place', 'backyard', 'dining', 'area', 'pizza', 'wine', 'service']]",[['excellent']],['AMBIENCE'],['positive']
111,303,1395421,1395421:2,It is one the nicest outdoor restaurants I have ever seen in NY--I am from Italy and this place rivals the ones in my country.,AMBIENCE#GENERAL,positive,AMBIENCE,it is one the nicest outdoor restaurants i have ever seen in ny -- i am from italy and this place rivals the ones in my country .,compound_complex_sentence,one nice outdoor restaurant ever see ny italy place rival one country,[['restaurant']],[['nice']],['AMBIENCE'],['positive']
112,304,1398844,1398844:0,"First of all, this place is *not* romantic, as claimed by Citysearch's editorial review.",AMBIENCE#GENERAL,negative,AMBIENCE,"first of all , this place is *not* romantic , as claimed by citysearch is editorial review .",phrase,first place romantic claim citysearch editorial review,"[['citysearch', 'citysearch', 'review', 'place']]",[['romantic']],['AMBIENCE'],['negative']
113,313,1413697,1413697:2,The place is so cool and the service is prompt and curtious.,"SERVICE#GENERAL,AMBIENCE#GENERAL","positive,positive","SERVICE,AMBIENCE",the place is so cool and the service is prompt and curtious .,compound_sentence,place cool service prompt curtious,"[['place'], ['service', 'curtious']]","[['cool'], ['prompt']]","['AMBIENCE', 'SERVICE']","['positive', 'negative']"
114,314,1417496,1417496:0,A restaurant that doesn't try to do anything except serve great food with great service in a pleasant atmosphere.,"FOOD#QUALITY,SERVICE#GENERAL,AMBIENCE#GENERAL","positive,positive,positive","FOOD,SERVICE,AMBIENCE",a restaurant that does not try to do anything except serve great food with great service in a pleasant atmosphere .,complex_sentence,restaurant doesnot try anything except serve great food great service pleasant atmosphere,"[['anything', 'restaurant', 'food']]","[['great', 'great', 'pleasant']]",['AMBIENCE'],['positive']
115,316,1417496,1417496:2,The dining room is quietly elegant with no music to shout over -- how refreshing!,AMBIENCE#GENERAL,positive,AMBIENCE,the dining room is quietly elegant with no music to shout over -- how refreshing,simple_sentence,dining room quietly elegant music shout overhow refreshing,"[['dining', 'room']]","[['elegant', 'refreshing']]",['AMBIENCE'],['positive']
116,318,1417496,1417496:4,"Looking around, I saw a room full of New Yorkers enjoying a real meal in a real restaurant, not a clubhouse of the fabulous trying to be seen.","FOOD#QUALITY,AMBIENCE#GENERAL","positive,positive","FOOD,AMBIENCE","looking around , i saw a room full of new yorkers enjoying a real meal in a real restaurant , not a clubhouse of the fabulous trying to be seen .",compound_sentence,look around saw room full new yorkers enjoy real meal real restaurant clubhouse fabulous try see,"[['room', 'yorkers', 'meal', 'restaurant'], ['clubhouse']]","[['enjoy'], ['fabulous']]","['AMBIENCE', 'AMBIENCE']","['positive', 'positive']"
117,319,1430994,1430994:0,The view is breathtaking the service is top notch... the ambiance is wonderfull.,"AMBIENCE#GENERAL,SERVICE#GENERAL,AMBIENCE#GENERAL","positive,positive,positive","AMBIENCE,SERVICE,AMBIENCE",the view is breathtaking the service is top notch ... the ambiance is wonderfull .,compound_complex_sentence,view breathtaking service top notchthe ambiance wonderfull,"[['view'], ['service', 'notch']]","[['breathtaking'], ['top']]","['AMBIENCE', 'SERVICE']","['negative', 'positive']"
118,332,1451107,1451107:0,This place is so much fun.,AMBIENCE#GENERAL,positive,AMBIENCE,this place is so much fun .,simple_sentence,place much fun,[['place']],"[['much', 'fun']]",['AMBIENCE'],['negative']
119,333,1451107,1451107:1,Our family never expected such incredible entertainment in a restaurant.,AMBIENCE#GENERAL,positive,AMBIENCE,our family never expected such incredible entertainment in a restaurant .,simple_sentence,family never expect incredible entertainment restaurant,"[['family', 'entertainment']]",[['incredible']],['AMBIENCE'],['negative']
120,338,1457607,1457607:0,The place is a lot of fun.,AMBIENCE#GENERAL,positive,AMBIENCE,the place is a lot of fun .,simple_sentence,place lot fun,"[['place', 'lot']]",[['fun']],['AMBIENCE'],['positive']
121,339,1457607,1457607:2,The characters really make for an enjoyable experience.,AMBIENCE#GENERAL,positive,AMBIENCE,the characters really make for an enjoyable experience .,simple_sentence,character really make enjoyable experience,[['character']],[['enjoyable']],['AMBIENCE'],['negative']
122,341,1460715,1460715:0,Great pizza for lunch place.,FOOD#QUALITY,positive,FOOD,great pizza for lunch place .,phrase,great pizza lunch place,"[['pizza', 'lunch', 'place']]",[['great']],['AMBIENCE'],['positive']
123,346,1470334,1470334:1,Ess-A-Bagel (either by Sty-town or midtown) is by far the best bagel in NY.,FOOD#QUALITY,positive,FOOD,ess-a-bagel ( either by sty-town or midtown ) is by far the best bagel in ny .,simple_sentence,es bagel either sty town midtown far best bagel ny,"[['ess-a-bagel', 'midtown']]",[['best']],['AMBIENCE'],['negative']
124,347,1470334,1470334:2,"The bagels always warm, soft on the inside, crispy on the outside and enormous in size.","FOOD#QUALITY,FOOD#STYLE_OPTIONS","positive,positive","FOOD,FOOD","the bagels always warm , soft on the inside , crispy on the outside and enormous in size .",phrase,bagel always warm soft inside crispy outside enormous size,"[['bagel'], ['inside']]","[['warm'], ['soft']]","['FOOD', 'AMBIENCE']","['positive', 'negative']"
125,351,1476493,1476493:2,"The ambience was nice, but service wasn't so great.","AMBIENCE#GENERAL,SERVICE#GENERAL","positive,negative","AMBIENCE,SERVICE","the ambience was nice , but service was not so great .",compound_sentence,ambience nice service wasnot great,"[['ambience'], ['service']]","[['nice'], ['great']]","['AMBIENCE', 'SERVICE']","['positive', 'positive']"
126,352,1477631,1477631:1,I have lived in Japan for 7 years and the taste of the food and the feel of the restaurant is like being back in Japan.,"FOOD#QUALITY,AMBIENCE#GENERAL","positive,positive","FOOD,AMBIENCE",i have lived in japan for NUM years and the taste of the food and the feel of the restaurant is like being back in japan .,compound_sentence,live japan year taste food feel restaurant like back japan,"[['japan', 'feel', 'restaurant']]",[['like']],['AMBIENCE'],['positive']
127,355,1486041,1486041:2,"Despite a slightly limited menu, everything prepared is done to perfection, ultra fresh and a work of food art.",FOOD#STYLE_OPTIONS,negative,FOOD,"despite a slightly limited menu , everything prepared is done to perfection , ultra fresh and a work of food art .",simple_sentence,despite slightly limited menu everything prepare do perfection ultra fresh work food art,"[['menu'], ['prepared'], ['ultra'], ['food', 'art']]","[['limited'], ['perfection'], ['fresh'], ['work']]","['FOOD', 'VALUE', 'AMBIENCE', 'FOOD']","['negative', 'negative', 'negative', 'negative']"
128,365,1506491,1506491:0,"I have known about this secret for the last 13 years, Emilio(the Godfather) has continued to serve food and wine for the gods at mortal prices.","FOOD#QUALITY,FOOD#QUALITY,FOOD#PRICES,FOOD#PRICES","positive,positive,positive,positive","FOOD,FOOD,FOOD,FOOD","i have known about this secret for the last NUM years , emilio ( the godfather ) has continued to serve food and wine for the gods at mortal prices .",compound_sentence,know secret last year emilio godfather continue serve food wine god mortal price,[['secret']],[['last']],['AMBIENCE'],['negative']
129,374,1561259,1561259:2,The hostess and the waitress were incredibly rude and did everything they could to rush us out.,"SERVICE#GENERAL,SERVICE#GENERAL","negative,negative","SERVICE,SERVICE",the hostess and the waitress were incredibly rude and did everything they could to rush us out .,compound_complex_sentence,hostess waitress incredibly rude everything could rush us,"[['hostess', 'waitress']]","[['incredibly', 'rude']]",['AMBIENCE'],['positive']
130,377,1572033,1572033:1,Decor is nice though service can be spotty.,"AMBIENCE#GENERAL,SERVICE#GENERAL","positive,negative","AMBIENCE,SERVICE",decor is nice though service can be spotty .,complex_sentence,decor nice though service spotty,"[['service'], ['decor']]","[['spotty'], ['nice']]","['SERVICE', 'AMBIENCE']","['positive', 'positive']"
131,389,1603698,1603698:5,"The dinner was ok, nothing I would have again.",FOOD#QUALITY,negative,FOOD,"the dinner was ok , nothing i would have again .",compound_sentence,dinner ok nothing would,[['dinner']],[['ok']],['AMBIENCE'],['negative']
132,391,1606837,1606837:1,With the theater 2 blocks away we had a delicious meal in a beautiful room.,"FOOD#QUALITY,AMBIENCE#GENERAL","positive,positive","FOOD,AMBIENCE",with the theater NUM blocks away we had a delicious meal in a beautiful room .,complex_sentence,theater block away delicious meal beautiful room,"[['theater', 'meal', 'room']]","[['delicious', 'beautiful']]",['AMBIENCE'],['positive']
133,396,1611489,1611489:1,"Also, the sandwiches (nearing $7) didn't come with anything like chips or a side.","FOOD#STYLE_OPTIONS,FOOD#PRICES","negative,negative","FOOD,FOOD","also , the sandwiches ( nearing NUM ) did not come with anything like chips or a side .",simple_sentence,also sandwich near didnot come anything like chip side,"[['side', 'sandwich']]",[['like']],['AMBIENCE'],['positive']
134,397,1611489,1611489:3,"Eating in, the atmosphere saves it, but at your desk, it's a very disappointing experience.",AMBIENCE#GENERAL,positive,AMBIENCE,"eating in , the atmosphere saves it , but at your desk , it is a very disappointing experience .",compound_sentence,eat atmosphere save desk disappointing experience,"[['atmosphere', 'desk', 'experience']]",[['disappointing']],['AMBIENCE'],['negative']
135,399,1615322,1615322:4,The seats are uncomfortable if you are sitting against the wall on wooden benches.,AMBIENCE#GENERAL,negative,AMBIENCE,the seats are uncomfortable if you are sitting against the wall on wooden benches .,complex_sentence,seat uncomfortable sit wall wooden bench,"[['wall'], ['seat']]","[['wooden'], ['uncomfortable']]","['AMBIENCE', 'AMBIENCE']","['positive', 'negative']"
136,400,1623276,1623276:0,Patroon features a nice cigar bar and has great staff.,"AMBIENCE#GENERAL,SERVICE#GENERAL","positive,positive","AMBIENCE,SERVICE",patroon features a nice cigar bar and has great staff .,compound_sentence,patroon feature nice cigar bar great staff,"[['patroon', 'cigar', 'bar'], ['staff']]","[['nice'], ['great']]","['AMBIENCE', 'SERVICE']","['positive', 'positive']"
137,407,1632445,1632445:3,The service is good and ambience is good for a date or group outing.,"SERVICE#GENERAL,AMBIENCE#GENERAL","positive,positive","SERVICE,AMBIENCE",the service is good and ambience is good for a date or group outing .,compound_sentence,service good ambience good date group outing,"[['service'], ['ambience']]","[['good'], ['good']]","['SERVICE', 'AMBIENCE']","['positive', 'positive']"
138,411,1632929,1632929:5,Truly the mark of an attentive waiter.,SERVICE#GENERAL,positive,SERVICE,truly the mark of an attentive waiter .,phrase,truly mark attentive waiter,"[['mark', 'waiter']]",[['attentive']],['AMBIENCE'],['positive']
139,412,1642666,1642666:0,We ate at this Thai place following the reviews but very unhappy with the foods.,FOOD#QUALITY,negative,FOOD,we ate at this thai place following the reviews but very unhappy with the foods .,simple_sentence,eat thai place follow review unhappy food,[['place']],"[['thai', 'unhappy']]",['AMBIENCE'],['positive']
140,418,1655504,1655504:5,"Be sure to try the seasonal, and always delicious, specials.",FOOD#QUALITY,positive,FOOD,"be sure to try the seasonal , and always delicious , specials .",phrase,sure try seasonal always delicious special,[['special']],[['delicious']],['AMBIENCE'],['positive']
141,419,1655521,1655521:1,I almost hesititate to write a review because the atmosphere was so great and I would hate for it too become to crowded.,AMBIENCE#GENERAL,positive,AMBIENCE,i almost hesititate to write a review because the atmosphere was so great and i would hate for it too become to crowded .,complex_sentence,almost hesititate write review atmosphere great would hate become crowd,"[['atmosphere'], ['hesititate', 'review']]","[['great'], ['hate', 'crowd']]","['AMBIENCE', 'VALUE']","['positive', 'positive']"
142,420,1655521,1655521:2,"The food was very good, a great deal, and the place its self was great.","FOOD#QUALITY,FOOD#PRICES,AMBIENCE#GENERAL","positive,positive,positive","FOOD,FOOD,AMBIENCE","the food was very good , a great deal , and the place its self was great .",compound_sentence,food good great deal place self great,"[['food'], ['deal', 'place', 'self']]","[['good'], ['great']]","['FOOD', 'AMBIENCE']","['positive', 'positive']"
143,427,1661043,1661043:4,Decor is charming.,AMBIENCE#GENERAL,positive,AMBIENCE,decor is charming .,simple_sentence,decor charming,[['decor']],[['charming']],['AMBIENCE'],['negative']
144,428,1661757,1661757:2,"The ambience was so fun, and the prices were great, on top of the fact that the food was really tasty.","AMBIENCE#GENERAL,FOOD#QUALITY","positive,positive","AMBIENCE,FOOD","the ambience was so fun , and the prices were great , on top of the fact that the food was really tasty .",compound_complex_sentence,ambience fun price great top fact food really tasty,"[['ambience'], ['price'], ['food'], ['fact']]","[['fun'], ['great'], ['tasty'], ['top']]","['AMBIENCE', 'VALUE', 'FOOD', 'VALUE']","['positive', 'positive', 'positive', 'positive']"
145,429,1661757,1661757:4,I would definitely recommend SEA if you like thai cuisine!,FOOD#QUALITY,positive,FOOD,i would definitely recommend sea if you like thai cuisine,complex_sentence,would definitely recommend sea like thai cuisine,"[['sea'], ['cuisine']]","[['recommend'], ['like', 'thai']]","['AMBIENCE', 'FOOD']","['positive', 'positive']"
146,431,1663111,1663111:2,"Excellent atmosphere, delicious dishes good and friendly service.","AMBIENCE#GENERAL,FOOD#QUALITY,SERVICE#GENERAL","positive,positive,positive","AMBIENCE,FOOD,SERVICE","excellent atmosphere , delicious dishes good and friendly service .",phrase,excellent atmosphere delicious dish good friendly service,"[['atmosphere'], ['dish'], ['service']]","[['excellent'], ['delicious', 'good'], ['friendly']]","['AMBIENCE', 'FOOD', 'SERVICE']","['positive', 'positive', 'positive']"
147,435,1671113,1671113:4,"The staff has been nice, but they seemed really stressed and the unisex bathroom needs to be cleaned more often.","SERVICE#GENERAL,AMBIENCE#GENERAL","positive,negative","SERVICE,AMBIENCE","the staff has been nice , but they seemed really stressed and the unisex bathroom needs to be cleaned more often .",compound_sentence,staff nice seem really stressed unisex bathroom need clean often,"[['staff'], ['bathroom']]","[['nice'], ['stressed']]","['SERVICE', 'AMBIENCE']","['positive', 'positive']"
148,436,1700205,1700205:1,"From the spectacular caviar to the hospitable waitstaff, I felt like royalty and enjoyed every second of it.","FOOD#QUALITY,SERVICE#GENERAL","positive,positive","FOOD,SERVICE","from the spectacular caviar to the hospitable waitstaff , i felt like royalty and enjoyed every second of it .",compound_sentence,spectacular caviar hospitable waitstaff felt like royalty enjoy every second,"[['caviar', 'waitstaff'], ['royalty'], ['second']]","[['spectacular', 'hospitable'], ['like'], ['enjoy']]","['FOOD', 'VALUE', 'AMBIENCE']","['positive', 'positive', 'positive']"
149,442,1706644,1706644:4,"We ate out in the back patio, which is worth it as it's cool and the music is hear well there.","AMBIENCE#GENERAL,AMBIENCE#GENERAL","positive,positive","AMBIENCE,AMBIENCE","we ate out in the back patio , which is worth it as it is cool and the music is hear well there .",compound_complex_sentence,eat back patio worth cool music hear well,"[['patio'], ['music']]","[['back'], ['well']]","['AMBIENCE', 'AMBIENCE']","['positive', 'positive']"
150,444,1707201,1707201:2,The place was nice and calm.,AMBIENCE#GENERAL,positive,AMBIENCE,the place was nice and calm .,simple_sentence,place nice calm,[['place']],[['nice']],['AMBIENCE'],['positive']
151,452,1713185,1713185:0,"This place is really trendi but they have forgotten about the most important part of a  restaurant, the food.","FOOD#QUALITY,AMBIENCE#GENERAL","negative,positive","FOOD,AMBIENCE","this place is really trendi but they have forgotten about the most important part of a restaurant , the food .",compound_sentence,place really trendi forget important part restaurant food,"[['place'], ['part']]","[['trendi'], ['important']]","['AMBIENCE', 'AMBIENCE']","['positive', 'negative']"
152,458,1718513,1718513:3,"THe back garden sitting area is very pleasant, where you can see their personal herb garden.",AMBIENCE#GENERAL,positive,AMBIENCE,"the back garden sitting area is very pleasant , where you can see their personal herb garden .",complex_sentence,back garden sit area pleasant see personal herb garden,"[['garden', 'area']]",[['pleasant']],['AMBIENCE'],['positive']
153,487,378848,378848:1,"The first time the sushi was outstanding, the second time it was a little bland.","FOOD#QUALITY,FOOD#QUALITY","positive,negative","FOOD,FOOD","the first time the sushi was outstanding , the second time it was a little bland .",complex_sentence,first time sushi outstanding second time little bland,"[['time', 'sushi'], ['little']]","[['outstanding'], ['bland']]","['AMBIENCE', 'AMBIENCE']","['negative', 'positive']"
154,496,426805,426805:0,"The view is spectacular, and the food is great.","AMBIENCE#GENERAL,FOOD#QUALITY","positive,positive","AMBIENCE,FOOD","the view is spectacular , and the food is great .",compound_sentence,view spectacular food great,"[['view'], ['food']]","[['spectacular'], ['great']]","['AMBIENCE', 'FOOD']","['positive', 'positive']"
155,498,426930,426930:2,The cold appetizer dishes taste like the way I remember them to taste when I was growing up in Taiwan.,FOOD#QUALITY,positive,FOOD,the cold appetizer dishes taste like the way i remember them to taste when i was growing up in taiwan .,complex_sentence,cold appetizer dish taste like way remember taste grow taiwan,"[['way'], ['taiwan', 'appetizer', 'dish']]","[['like'], ['cold']]","['AMBIENCE', 'FOOD']","['positive', 'positive']"
156,499,430342,430342:0,delicious simple food in nice outdoor atmosphere.,"FOOD#QUALITY,FOOD#STYLE_OPTIONS,AMBIENCE#GENERAL","positive,positive,positive","FOOD,FOOD,AMBIENCE",delicious simple food in nice outdoor atmosphere .,phrase,delicious simple food nice outdoor atmosphere,"[['food', 'atmosphere']]","[['delicious', 'nice']]",['AMBIENCE'],['positive']
157,503,430342,430342:5,"Even if the food wasn't this good, the garden is a great place to sit outside and relax.","AMBIENCE#GENERAL,FOOD#QUALITY","positive,positive","AMBIENCE,FOOD","even if the food was not this good , the garden is a great place to sit outside and relax .",complex_sentence,even food wasnot good garden great place sit outside relax,"[['food'], ['garden', 'place']]","[['good'], ['great']]","['FOOD', 'AMBIENCE']","['positive', 'positive']"
158,507,436868,436868:2,"The sandwiches are dry, tasteless and way overpriced.","FOOD#QUALITY,FOOD#PRICES","negative,negative","FOOD,FOOD","the sandwiches are dry , tasteless and way overpriced .",compound_sentence,sandwich dry tasteless way overprice,"[['way'], ['sandwich']]","[['overprice'], ['dry', 'tasteless']]","['AMBIENCE', 'FOOD']","['positive', 'positive']"
159,508,444818,444818:1,"The atmosphere is unheralded, the service impecible, and the food magnificant.","AMBIENCE#GENERAL,SERVICE#GENERAL,FOOD#QUALITY","positive,positive,positive","AMBIENCE,SERVICE,FOOD","the atmosphere is unheralded , the service impecible , and the food magnificant .",simple_sentence,atmosphere unheralded service impecible food magnificant,[['atmosphere']],[['unheralded']],['AMBIENCE'],['negative']
160,510,445960,445960:0,"This is such a lovely, peaceful place to eat outside.",AMBIENCE#GENERAL,positive,AMBIENCE,"this is such a lovely , peaceful place to eat outside .",simple_sentence,lovely peaceful place eat outside,[['place']],"[['peaceful', 'outside']]",['AMBIENCE'],['positive']
161,511,445960,445960:1,The restaurant looks out over beautiful green lawns to the Hudson River and the Statue of Liberty.,AMBIENCE#GENERAL,positive,AMBIENCE,the restaurant looks out over beautiful green lawns to the hudson river and the statue of liberty .,simple_sentence,restaurant look beautiful green lawn hudson river statue liberty,"[['restaurant'], ['statue']]","[['beautiful', 'green'], ['liberty']]","['AMBIENCE', 'AMBIENCE']","['positive', 'positive']"
162,513,445960,445960:4,"This is a great place to take out-of-towners, and perfect for watching the sunset.",AMBIENCE#GENERAL,positive,AMBIENCE,"this is a great place to take out-of-towners , and perfect for watching the sunset .",compound_sentence,great place take towner perfect watch sunset,"[['place', 'out-of-towners']]",[['great']],['AMBIENCE'],['positive']
163,518,455623,455623:1,I will be out with friends and all of a sudden I am hungry and I only crave one thing... their Pizza.,FOOD#QUALITY,positive,FOOD,i will be out with friends and all of a sudden i am hungry and i only crave one thing ... their pizza .,compound_sentence,friend sudden hungry crave one thingtheir pizza,"[['friend', 'friend', 'pizza']]",[['hungry']],['AMBIENCE'],['negative']
164,520,464215,464215:2,The cream cheeses are out of this world and I love that coffee!!,"FOOD#QUALITY,FOOD#QUALITY","positive,positive","FOOD,FOOD",the cream cheeses are out of this world and i love that coffee,phrase,cream cheese world love coffee,[['coffee']],[['love']],['AMBIENCE'],['positive']
165,528,475298,475298:3,The location is perfect.,AMBIENCE#GENERAL,positive,AMBIENCE,the location is perfect .,simple_sentence,location perfect,[['location']],[['perfect']],['AMBIENCE'],['positive']
166,529,475512,475512:2,"Well, this place is so Ghetto its not even funny.",AMBIENCE#GENERAL,negative,AMBIENCE,"well , this place is so ghetto its not even funny .",simple_sentence,well place ghetto even funny,[['place']],"[['ghetto', 'funny']]",['AMBIENCE'],['positive']
167,530,475512,475512:3,If you like your music blasted and the system isnt that great and if you want to pay at least 100 dollar bottle minimun then you'll love it here.,"FOOD#PRICES,AMBIENCE#GENERAL","negative,negative","FOOD,AMBIENCE",if you like your music blasted and the system isnt that great and if you want to pay at least NUM dollar bottle minimun then you 'll love it here .,complex_sentence,like music blast system isnt great want pay least dollar bottle minimun love,"[['music'], ['system', 'isnt', 'dollar', 'bottle', 'minimun'], ['system', 'isnt', 'r', 'n']]","[['like', 'blast'], ['least'], ['great', 'love']]","['AMBIENCE', 'VALUE', 'VALUE']","['positive', 'positive', 'positive']"
168,532,476473,476473:2,Great atmoshere and worth every bit.,AMBIENCE#GENERAL,positive,AMBIENCE,great atmoshere and worth every bit .,phrase,great atmoshere worth every bit,[['atmoshere']],[['great']],['AMBIENCE'],['positive']
169,539,485966,485966:1,The place was quiet and delightful.,AMBIENCE#GENERAL,positive,AMBIENCE,the place was quiet and delightful .,simple_sentence,place quiet delightful,[['place']],"[['quiet', 'delightful']]",['AMBIENCE'],['negative']
170,542,490565,490565:1,"The wait staff is pleasant, fun, and for the most part gorgeous (in the wonderful aesthetic beautification way, not in that she's-way-cuter-than-me-that-b@#$* way).",SERVICE#GENERAL,positive,SERVICE,"the wait staff is pleasant , fun , and for the most part gorgeous ( in the wonderful aesthetic beautification way , not in that she is-way-cuter-than-me-that-b way ) .",complex_sentence,wait staff pleasant fun part gorgeous wonderful aesthetic beautification way way cuter bway,"[['wait', 'staff'], ['part', 'beautification'], ['way', 'b']]","[['pleasant'], ['gorgeous', 'wonderful'], ['fun', 'is-way-cuter-than-me-that-b']]","['SERVICE', 'AMBIENCE', 'VALUE']","['positive', 'positive', 'positive']"
171,545,490565,490565:4,"You can get a completely delish martini in a glass (that's about 2 1/2 drinks) for $8.50 (I recommend the Vanilla Shanty, mmmm!) in a great homey setting with great music.","FOOD#QUALITY,FOOD#STYLE_OPTIONS,FOOD#PRICES,FOOD#QUALITY,AMBIENCE#GENERAL,AMBIENCE#GENERAL","positive,positive,positive,positive,positive,positive","FOOD,FOOD,FOOD,FOOD,AMBIENCE,AMBIENCE","you can get a completely delish martini in a glass ( that is about NUM NUM/NUM drinks ) for NUM.NUM ( i recommend the vanilla shanty , ) in a great homey setting with great music .",compound_sentence,get completely delish martini glass drink recommend vanilla shanty great homey setting great music,"[['num', 'martini', 'glass', 'NUM.NUM', 'vanilla', 'shanty'], ['setting', 'music']]","[['recommend'], ['great']]","['FOOD', 'AMBIENCE']","['positive', 'positive']"
172,548,493013,493013:6,In summer-eat outside on a terrace (another great feature of Suan)!!!,AMBIENCE#GENERAL,positive,AMBIENCE,in summer-eat outside on a terrace ( another great feature of suan ),phrase,summer eat outside terrace another great feature suan,"[['summer-eat', 'outside', 'terrace', 'feature', 'suan']]",[['great']],['AMBIENCE'],['positive']
173,552,496132,496132:1,The setting is casual and romantic.,AMBIENCE#GENERAL,positive,AMBIENCE,the setting is casual and romantic .,simple_sentence,setting casual romantic,"[['setting', 'casual']]",[['romantic']],['AMBIENCE'],['negative']
174,555,498657,498657:4,"The wait here is long for dim sum, but if you don't like sharing tables or if the typical raucous dim sum atmosphere is not your gig, this is a sleek (for Chinatown) alternative.","SERVICE#GENERAL,AMBIENCE#GENERAL","negative,negative","SERVICE,AMBIENCE","the wait here is long for dim sum , but if you do not like sharing tables or if the typical raucous dim sum atmosphere is not your gig , this is a sleek ( for chinatown ) alternative .",compound_complex_sentence,wait long dim sum donot like share table typical raucous dim sum atmosphere gig sleek chinatown alternative,"[['wait'], ['table'], ['sum', 'atmosphere', 'gig'], ['alternative']]","[['long', 'dim'], ['like'], ['dim'], ['sleek']]","['SERVICE', 'VALUE', 'AMBIENCE', 'AMBIENCE']","['positive', 'positive', 'positive', 'positive']"
175,560,503807,503807:6,The restaurant is a bit noisy but that is something that can be overlooked once you sit down and enjoy a great meal,"FOOD#QUALITY,AMBIENCE#GENERAL","positive,negative","FOOD,AMBIENCE",the restaurant is a bit noisy but that is something that can be overlooked once you sit down and enjoy a great meal,complex_sentence,restaurant bit noisy something overlook sit enjoy great meal,"[['restaurant'], ['meal']]","[['noisy'], ['enjoy', 'great']]","['AMBIENCE', 'FOOD']","['positive', 'positive']"
176,568,509227,509227:1,"The food is decent at best, and the ambience, well, it's a matter of opinion, some may consider it to be a sweet thing, I thought it was just annoying.","FOOD#QUALITY,AMBIENCE#GENERAL","negative,negative","FOOD,AMBIENCE","the food is decent at best , and the ambience , well , it is a matter of opinion , some may consider it to be a sweet thing , i thought it was just annoying .",compound_complex_sentence,food decent best ambience well matter opinion may consider sweet thing think annoying,"[['food'], ['matter']]","[['decent', 'best'], ['well', 'sweet', 'annoying']]","['FOOD', 'AMBIENCE']","['positive', 'positive']"
177,570,511290,511290:4,This place has the the correct ambience and an excellent staff to make you feel like a guest and a friend at the same time.,"AMBIENCE#GENERAL,SERVICE#GENERAL","positive,positive","AMBIENCE,SERVICE",this place has the the correct ambience and an excellent staff to make you feel like a guest and a friend at the same time .,compound_sentence,place correct ambience excellent staff make feel like guest friend time,"[['ambience'], ['staff'], ['guest']]","[['correct'], ['excellent'], ['like']]","['AMBIENCE', 'SERVICE', 'AMBIENCE']","['positive', 'positive', 'positive']"
178,572,512294,512294:1,"If you are looking for a good quality, cheap eats - this is the place.","FOOD#QUALITY,FOOD#PRICES","positive,positive","FOOD,FOOD","if you are looking for a good quality , cheap eats - this is the place .",complex_sentence,look good quality cheap eat place,"[['quality'], ['place']]","[['good'], ['cheap']]","['FOOD', 'AMBIENCE']","['positive', 'positive']"
179,573,512925,512925:0,it's a perfect place to have a amanzing indian food.,FOOD#QUALITY,positive,FOOD,it is a perfect place to have a amanzing indian food .,simple_sentence,perfect place amanzing indian food,"[['place', 'food']]",[['perfect']],['AMBIENCE'],['positive']
180,575,513395,513395:1,"Their bagels are fine, but they are a little overcooked, and not really a 'special' bagel experience.",FOOD#QUALITY,negative,FOOD,"their bagels are fine , but they are a little overcooked , and not really a ispecial bagel experience .",compound_sentence,bagel fine little overcooked really ispecial bagel experience,"[['bagel'], ['little']]","[['fine'], ['overcooked']]","['FOOD', 'AMBIENCE']","['positive', 'positive']"
181,576,513521,513521:0,Great bagels made the old-fashioned way.,"FOOD#QUALITY,FOOD#STYLE_OPTIONS","positive,positive","FOOD,FOOD",great bagels made the old-fashioned way .,simple_sentence,great bagel make old fashion way,"[['bagel', 'way']]",[['great']],['AMBIENCE'],['positive']
182,582,519425,519425:4,The place itself is beautiful the bar scene seems to be happening.,"AMBIENCE#GENERAL,AMBIENCE#GENERAL","positive,positive","AMBIENCE,AMBIENCE",the place itself is beautiful the bar scene seems to be happening .,complex_sentence,place beautiful bar scene seem happen,"[['bar', 'scene', 'place']]",[['beautiful']],['AMBIENCE'],['negative']
183,586,527109,527109:0,"Volare virgins or weekly regulars, everyone gets treated the same and you can't ask for more than that when the service is this friendly.",SERVICE#GENERAL,positive,SERVICE,"volare virgins or weekly regulars , everyone gets treated the same and you ca not ask for more than that when the service is this friendly .",compound_complex_sentence,volare virgin weekly regular everyone get treat canot ask service friendly,"[['service'], ['volare', 'virgin', 'regular']]","[['friendly'], ['more']]","['SERVICE', 'AMBIENCE']","['positive', 'negative']"
184,587,527109,527109:1,"The restaurant has a Family feel, not least with regard to the portions which are enormous; the veal alone could have single-handedly solved third world famine.","AMBIENCE#GENERAL,FOOD#STYLE_OPTIONS,FOOD#STYLE_OPTIONS","positive,positive,positive","AMBIENCE,FOOD,FOOD","the restaurant has a family feel , not least with regard to the portions which are enormous the veal alone could have single-handedly solved third world famine .",complex_sentence,restaurant family feel least regard portion enormous veal alone could single handedly solve third world famine,"[['restaurant', 'family', 'feel', 'veal', 'world'], ['restaurant', 'family', 'feel']]","[['famine'], ['enormous', 'least', 'regard']]","['AMBIENCE', 'AMBIENCE']","['negative', 'positive']"
185,590,530517,530517:2,"Great food, great decor, great service.","FOOD#QUALITY,AMBIENCE#GENERAL,SERVICE#GENERAL","positive,positive,positive","FOOD,AMBIENCE,SERVICE","great food , great decor , great service .",phrase,great food great decor great service,"[['food'], ['decor'], ['service']]","[['great'], ['great'], ['great']]","['FOOD', 'AMBIENCE', 'SERVICE']","['positive', 'positive', 'positive']"
186,591,535171,535171:1,Not the typical NYC gimmick theme restaurant.,AMBIENCE#GENERAL,positive,AMBIENCE,not the typical nyc gimmick theme restaurant .,phrase,typical nyc gimmick theme restaurant,"[['nyc', 'theme', 'restaurant']]",[['gimmick']],['AMBIENCE'],['negative']
187,592,535171,535171:2,"A cool bar with great food, and tons of excellent beer.","AMBIENCE#GENERAL,FOOD#QUALITY,FOOD#QUALITY,FOOD#STYLE_OPTIONS","positive,positive,positive,positive","AMBIENCE,FOOD,FOOD,FOOD","a cool bar with great food , and tons of excellent beer .",phrase,cool bar great food ton excellent beer,"[['bar', 'food'], ['ton', 'beer']]","[['cool', 'great'], ['excellent']]","['AMBIENCE', 'VALUE']","['positive', 'positive']"
188,596,541532,541532:0,Cozy romantic atomosphere with only around 15 tables at most.,AMBIENCE#GENERAL,positive,AMBIENCE,cozy romantic atomosphere with only around NUM tables at most .,phrase,cozy romantic atomosphere around table,"[['atomosphere', 'table']]","[['cozy', 'romantic']]",['AMBIENCE'],['negative']
189,600,558423,558423:0,This place has the best Chinese style BBQ ribs in the city.,"FOOD#QUALITY,FOOD#STYLE_OPTIONS","positive,positive","FOOD,FOOD",this place has the best chinese style bbq ribs in the city .,simple_sentence,place best chinese style bbq rib city,"[['place', 'style', 'bbq', 'rib', 'city']]",[['best']],['AMBIENCE'],['negative']
190,604,561054,561054:1,"When you're sitting in their main dining room (which has a spectacular, hand-painted high ceiling) you'd never know there was a world outside.","AMBIENCE#GENERAL,AMBIENCE#GENERAL","positive,positive","AMBIENCE,AMBIENCE","when you 're sitting in their main dining room ( which has a spectacular , hand-painted high ceiling ) you 'd never know there was a world outside .",complex_sentence,sit main dining room spectacular hand paint high ceiling never know world outside,"[['dining'], ['ceiling'], ['world']]","[['main'], ['high'], ['spectacular']]","['FOOD', 'AMBIENCE', 'AMBIENCE']","['negative', 'negative', 'positive']"
191,606,561054,561054:3,"I can't wait for summer, when they serve outside on their gigantic patio.",AMBIENCE#GENERAL,positive,AMBIENCE,"i ca not wait for summer , when they serve outside on their gigantic patio .",complex_sentence,canot wait summer serve outside gigantic patio,[['patio']],"[['outside', 'gigantic']]",['AMBIENCE'],['positive']
192,610,584025,584025:1,Warm and friendly in the winter and terrific outdoor seating in the warmer months.,AMBIENCE#GENERAL,positive,AMBIENCE,warm and friendly in the winter and terrific outdoor seating in the warmer months .,phrase,warm friendly winter terrific outdoor seating warm month,"[['winter'], ['seating', 'month']]","[['friendly'], ['terrific', 'warm']]","['AMBIENCE', 'VALUE']","['positive', 'positive']"
193,612,608500,608500:2,"While the ambiance and atmosphere were great, the food and service could have been a lot better.","AMBIENCE#GENERAL,AMBIENCE#GENERAL,FOOD#QUALITY,SERVICE#GENERAL","positive,positive,negative,negative","AMBIENCE,AMBIENCE,FOOD,SERVICE","while the ambiance and atmosphere were great , the food and service could have been a lot better .",complex_sentence,ambiance atmosphere great food service could lot good,"[['ambiance', 'atmosphere'], ['ambiance', 'food', 'service']]","[['great'], ['good']]","['AMBIENCE', 'AMBIENCE']","['positive', 'positive']"
194,624,626269,626269:2,The design and atmosphere is just as good.,"AMBIENCE#GENERAL,AMBIENCE#GENERAL","positive,positive","AMBIENCE,AMBIENCE",the design and atmosphere is just as good .,simple_sentence,design atmosphere good,"[['design', 'atmosphere']]",[['good']],['AMBIENCE'],['positive']
195,627,630914,630914:3,"Nice atmosphere, the service was very pleasant and the desert was good.","AMBIENCE#GENERAL,SERVICE#GENERAL,FOOD#QUALITY","positive,positive,positive","AMBIENCE,SERVICE,FOOD","nice atmosphere , the service was very pleasant and the desert was good .",compound_sentence,nice atmosphere service pleasant desert good,"[['atmosphere', 'service']]","[['nice', 'pleasant']]",['AMBIENCE'],['positive']
196,629,632121,632121:3,"Best of all is the warm vibe, the owner is super friendly and service is fast.","AMBIENCE#GENERAL,SERVICE#GENERAL,SERVICE#GENERAL","positive,positive,positive","AMBIENCE,SERVICE,SERVICE","best of all is the warm vibe , the owner is super friendly and service is fast .",compound_complex_sentence,best warm vibe owner super friendly service fast,"[['vibe'], ['service'], ['owner']]","[['best', 'warm'], ['fast'], ['super']]","['AMBIENCE', 'SERVICE', 'SERVICE']","['positive', 'negative', 'positive']"
197,631,680345,680345:0,This is an amazing place to try some roti rolls.,FOOD#QUALITY,positive,FOOD,this is an amazing place to try some roti rolls .,simple_sentence,amazing place try roti roll,"[['place', 'roti', 'roll']]",[['amazing']],['AMBIENCE'],['negative']
198,634,680390,680390:0,"Toons has recently been redone, so it's now a very attractive space.",AMBIENCE#GENERAL,positive,AMBIENCE,"toons has recently been redone , so it is now a very attractive space .",complex_sentence,toon recently redone attractive space,"[['toon', 'redone', 'space']]",[['attractive']],['AMBIENCE'],['negative']
199,636,680390,680390:2,"In an area sadly lacking in decent Thai food, this is one of the best spots.",FOOD#QUALITY,positive,FOOD,"in an area sadly lacking in decent thai food , this is one of the best spots .",compound_sentence,area sadly lack decent thai food one best spot,"[['area'], ['spot']]","[['sadly', 'lack', 'decent', 'thai'], ['best']]","['AMBIENCE', 'AMBIENCE']","['positive', 'negative']"
200,637,682250,682250:0,"Went here last night - nice decor, good service, but the food was surprisingly excellent.","AMBIENCE#GENERAL,SERVICE#GENERAL,FOOD#QUALITY","positive,positive,positive","AMBIENCE,SERVICE,FOOD","went here last night - nice decor , good service , but the food was surprisingly excellent .",phrase,go last night nice decor good service food surprisingly excellent,"[['night', 'decor'], ['service'], ['food']]","[['nice'], ['good'], ['excellent']]","['AMBIENCE', 'SERVICE', 'FOOD']","['positive', 'positive', 'positive']"
201,640,682391,682391:2,The service is good and the resturant is clean.,"SERVICE#GENERAL,AMBIENCE#GENERAL","positive,positive","SERVICE,AMBIENCE",the service is good and the resturant is clean .,compound_sentence,service good resturant clean,"[['service'], ['resturant']]","[['good'], ['clean']]","['SERVICE', 'AMBIENCE']","['positive', 'positive']"
202,643,709294,709294:1,"We recently decided to try this location, and to our delight, they have outdoor seating, perfect since I had my yorkie with me.",AMBIENCE#GENERAL,positive,AMBIENCE,"we recently decided to try this location , and to our delight , they have outdoor seating , perfect since i had my yorkie with me .",compound_complex_sentence,recently decide try location delight outdoor seat perfect since yorkie,"[['location', 'location']]","[['delight', 'outdoor', 'perfect']]",['AMBIENCE'],['positive']
203,644,709294,709294:2,Indoor was very cozy and cute.,AMBIENCE#GENERAL,positive,AMBIENCE,indoor was very cozy and cute .,phrase,indoor cozy cute,[['indoor']],"[['cozy', 'cute']]",['AMBIENCE'],['negative']
204,647,713152,713152:0,"Excellent dumplings served amid clean, chic decor.","FOOD#QUALITY,AMBIENCE#GENERAL","positive,positive","FOOD,AMBIENCE","excellent dumplings served amid clean , chic decor .",simple_sentence,excellent dumpling serve amid clean chic decor,"[['dumpling'], ['decor']]","[['excellent', 'clean'], ['chic']]","['FOOD', 'AMBIENCE']","['positive', 'positive']"
205,649,717570,717570:1,The decor is very simple but comfortable.,AMBIENCE#GENERAL,positive,AMBIENCE,the decor is very simple but comfortable .,simple_sentence,decor simple comfortable,[['decor']],"[['simple', 'comfortable']]",['AMBIENCE'],['negative']
206,660,735448,735448:2,"good music, great food, speedy service affordable prices.","AMBIENCE#GENERAL,FOOD#QUALITY,SERVICE#GENERAL","positive,positive,positive","AMBIENCE,FOOD,SERVICE","good music , great food , speedy service affordable prices .",phrase,good music great food speedy service affordable price,"[['music'], ['food'], ['service', 'price']]","[['good'], ['great'], ['speedy', 'affordable']]","['AMBIENCE', 'FOOD', 'VALUE']","['positive', 'positive', 'positive']"
207,663,737999,737999:3,Atmosphere is nice and relaxed too...,AMBIENCE#GENERAL,positive,AMBIENCE,atmosphere is nice and relaxed too ...,simple_sentence,atmosphere nice relax,[['atmosphere']],[['nice']],['AMBIENCE'],['positive']
208,666,746254,746254:2,"One would think we'd get an apology or complimentary drinks - instead, we got a snobby waiter wouldn't even take our order for 15 minutes and gave us lip when we asked him to do so.",SERVICE#GENERAL,negative,SERVICE,"one would think we 'd get an apology or complimentary drinks - instead , we got a snobby waiter would not even take our order for NUM minutes and gave us lip when we asked him to do so .",compound_complex_sentence,one would think get apology complimentary drink instead get snobby waiter wouldnot even take order minute give us lip ask,"[['drink'], ['waiter', 'order']]","[['complimentary'], ['snobby']]","['FOOD', 'AMBIENCE']","['negative', 'negative']"
209,667,746254,746254:4,"With so many good restaurants on the UWS, I don't need overpriced food, absurdly arrogant wait-staff who don't recognize they work at a glorified diner, clumsy service, and management that doesn't care.","FOOD#PRICES,SERVICE#GENERAL,SERVICE#GENERAL,SERVICE#GENERAL","negative,negative,negative,negative","FOOD,SERVICE,SERVICE,SERVICE","with so many good restaurants on the uws , i do not need overpriced food , absurdly arrogant wait-staff who do not recognize they work at a glorified diner , clumsy service , and management that does not care .",complex_sentence,many good restaurant uws donot need overprice food absurdly arrogant wait staff donot recognize work glorified diner clumsy service management doesnot care,"[['restaurant', 'uws'], ['food'], ['wait-staff'], ['diner'], ['service']]","[['good'], ['overpriced'], ['absurdly', 'arrogant'], ['work', 'glorified'], ['clumsy']]","['AMBIENCE', 'FOOD', 'SERVICE', 'AMBIENCE', 'SERVICE']","['positive', 'negative', 'negative', 'negative', 'positive']"
210,668,751493,751493:0,I am relatively new to the area and tried Pick a bgel on 2nd and was disappointed with the service and I thought the food was overated and on the pricey side.,"SERVICE#GENERAL,FOOD#PRICES,FOOD#QUALITY","negative,negative,negative","SERVICE,FOOD,FOOD",i am relatively new to the area and tried pick a bgel on 2nd and was disappointed with the service and i thought the food was overated and on the pricey side .,compound_complex_sentence,relatively new area try pick bgel 2nd disappoint service think food overated pricey side,"[['service'], ['side'], ['bgel', 'thought', 'bgel', 'thought', 'food']]","[['disappoint'], ['pricey'], ['new']]","['SERVICE', 'VALUE', 'AMBIENCE']","['positive', 'positive', 'positive']"
211,673,759781,759781:4,"The vibe is very relaxed and cozy, service was great and the food was excellent!","AMBIENCE#GENERAL,SERVICE#GENERAL,FOOD#QUALITY","positive,positive,positive","AMBIENCE,SERVICE,FOOD","the vibe is very relaxed and cozy , service was great and the food was excellent",compound_sentence,vibe relax cozy service great food excellent,"[['service'], ['food'], ['vibe']]","[['great'], ['excellent'], ['relax', 'cozy']]","['SERVICE', 'FOOD', 'AMBIENCE']","['positive', 'positive', 'positive']"
212,676,773720,773720:2,Although they do the typical what kind of water would you like questions the service was good and overall very relaxing to place to eat.,"SERVICE#GENERAL,AMBIENCE#GENERAL","positive,positive","SERVICE,AMBIENCE",although they do the typical what kind of water would you like questions the service was good and overall very relaxing to place to eat .,complex_sentence,although typical kind water would like question service good overall relax place eat,"[['question'], ['service']]","[['like'], ['good']]","['AMBIENCE', 'SERVICE']","['positive', 'positive']"
213,681,875139,875139:0,"Love the scene first off- the place has a character and nice light to it..very fortunate, location wise.","AMBIENCE#GENERAL,AMBIENCE#GENERAL,AMBIENCE#GENERAL","positive,positive,positive","AMBIENCE,AMBIENCE,AMBIENCE","love the scene first off- the place has a character and nice light to it..very fortunate , location wise .",simple_sentence,love scene first place character nice light fortunate location wise,"[['place', 'character', 'light'], ['scene']]","[['nice'], ['love']]","['AMBIENCE', 'AMBIENCE']","['positive', 'positive']"
214,685,929329,929329:3,"Interesting selection, good wines, service fine, fun decor.","FOOD#QUALITY,SERVICE#GENERAL,AMBIENCE#GENERAL,FOOD#STYLE_OPTIONS","positive,positive,positive,positive","FOOD,SERVICE,AMBIENCE,FOOD","interesting selection , good wines , service fine , fun decor .",phrase,interesting selection good wine service fine fun decor,"[['selection'], ['wine'], ['service'], ['decor']]","[['interesting'], ['good'], ['fine'], ['fun']]","['FOOD', 'FOOD', 'SERVICE', 'AMBIENCE']","['positive', 'positive', 'positive', 'positive']"
215,687,955711,955711:2,LOVE the atmosphere - felt like I was in Paris.,AMBIENCE#GENERAL,positive,AMBIENCE,love the atmosphere - felt like i was in paris .,phrase,love atmosphere felt like paris,[['atmosphere']],[['love']],['AMBIENCE'],['positive']
216,690,957145,957145:2,"Over the years the host, Vittorio, and his crew, have always treated me as family--although with all the business this not-so-little gem does, it amazing he's even able to remember a consistent but not-so-frequent visitor.","SERVICE#GENERAL,SERVICE#GENERAL","positive,positive","SERVICE,SERVICE","over the years the host , vittorio , and his crew , have always treated me as family -- although with all the business this not-so-little gem does , it amazing he is even able to remember a consistent but not-so-frequent visitor .",compound_complex_sentence,year host vittorio crew always treat family although business little gem amazing even able remember consistent frequent visitor,"[['business'], ['year', 'host', 'visitor', 'year', 'host', 'visitor']]","[['gem'], ['amazing', 'able', 'consistent']]","['SERVICE', 'AMBIENCE']","['positive', 'negative']"
217,691,957145,957145:3,"I've also been amazed at all the new additions in the past few years: A new Jazz Bar, the most fantastic Dining Garden, the Best Thin Crust Pizzas, and now a Lasagna Menu which is to die for (these are not your average lasagnas)!","AMBIENCE#GENERAL,AMBIENCE#GENERAL,FOOD#QUALITY,FOOD#QUALITY","positive,positive,positive,positive","AMBIENCE,AMBIENCE,FOOD,FOOD","i have also been amazed at all the new additions in the past few years a new jazz bar , the most fantastic dining garden , the best thin crust pizzas , and now a lasagna menu which is to die for ( these are not your average lasagnas )",phrase,also amaze new addition past year new jazz bar fantastic dining garden best thin crust pizza lasagna menu die average lasagna,"[['addition', 'year', 'jazz', 'bar'], ['dining', 'garden'], ['crust', 'pizza'], ['lasagna', 'menu']]","[['amaze'], ['fantastic'], ['best'], ['die']]","['AMBIENCE', 'FOOD', 'FOOD', 'FOOD']","['negative', 'negative', 'negative', 'negative']"
218,694,TR#8,TR#8:6,Nice view of river and NYC.,AMBIENCE#GENERAL,positive,AMBIENCE,nice view of river and nyc .,phrase,nice view river nyc,"[['view', 'river']]",[['nice']],['AMBIENCE'],['positive']
219,695,Y#3,Y#3:1,Very reliable place to eat,AMBIENCE#GENERAL,positive,AMBIENCE,very reliable place to eat,simple_sentence,reliable place eat,[['place']],[['reliable']],['AMBIENCE'],['negative']
220,696,Y#3,Y#3:3, Perfect location for those traveling in/out of the city by auto or bus,AMBIENCE#GENERAL,positive,AMBIENCE,perfect location for those traveling in/out of the city by auto or bus,phrase,perfect location travel city auto bus,"[['location', 'in/out', 'city', 'auto']]",[['perfect']],['AMBIENCE'],['positive']
221,697,Y#4,Y#4:3," The 8th Ave location was very convenient and while busy, wasn't packed",AMBIENCE#GENERAL,positive,AMBIENCE,"the 8th ave location was very convenient and while busy , was not packed",complex_sentence,8th ave location convenient busy wasnot pack,"[['ave', 'location']]",[['convenient']],['AMBIENCE'],['negative']
222,698,Y#5,Y#5:1,The location in the heart of Manhattan adjacent to the Port Authority makes this an easy spot to grab a bite to eat,AMBIENCE#GENERAL,positive,AMBIENCE,the location in the heart of manhattan adjacent to the port authority makes this an easy spot to grab a bite to eat,simple_sentence,location heart manhattan adjacent port authority make easy spot grab bite eat,"[['location', 'heart', 'manhattan', 'spot', 'bite']]","[['adjacent', 'easy']]",['AMBIENCE'],['negative']
223,699,Y#6,Y#6:2, Nice environment with a wide choice of beers,AMBIENCE#GENERAL,positive,AMBIENCE,nice environment with a wide choice of beers,phrase,nice environment wide choice beer,"[['environment', 'choice', 'beer']]",[['nice']],['AMBIENCE'],['positive']
224,700,Y#7,Y#7:2, Its in a great location with windows that open out onto the pavement in nice weather.,AMBIENCE#GENERAL,positive,AMBIENCE,it is in a great location with windows that open out onto the pavement in nice weather .,complex_sentence,great location window open onto pavement nice weather,"[['weather'], ['location']]","[['open', 'nice'], ['great']]","['SERVICE', 'AMBIENCE']","['positive', 'positive']"
225,701,Y#8,Y#8:2,"Location is convienient to businesses, hotels and theaters",AMBIENCE#GENERAL,positive,AMBIENCE,"location is convienient to businesses , hotels and theaters",simple_sentence,location convienient business hotel theater,[['location']],[['convienient']],['AMBIENCE'],['negative']
226,702,Y#9,Y#9:2,  Lovely atmosphere,AMBIENCE#GENERAL,positive,AMBIENCE,lovely atmosphere,phrase,lovely atmosphere,[['atmosphere']],[['lovely']],['AMBIENCE'],['positive']
227,703,Y#9,Y#9:2,  Boucherie is our new favorite neighborhood spot.,AMBIENCE#GENERAL,positive,AMBIENCE,boucherie is our new favorite neighborhood spot .,simple_sentence,boucherie new favorite neighborhood spot,"[['boucherie', 'neighborhood', 'spot']]",[['favorite']],['AMBIENCE'],['negative']
228,704,Y#10,Y#10:1,This small place has an amazing atmosphere of energy and yet intimacy,AMBIENCE#GENERAL,positive,AMBIENCE,this small place has an amazing atmosphere of energy and yet intimacy,simple_sentence,small place amazing atmosphere energy yet intimacy,"[['place', 'atmosphere', 'energy']]","[['small', 'amazing']]",['AMBIENCE'],['positive']
229,705,Y#13,Y#13:1,Nice and trendy place with a great atmosphere ,AMBIENCE#GENERAL,positive,AMBIENCE,nice and trendy place with a great atmosphere,phrase,nice trendy place great atmosphere,"[['place', 'atmosphere']]","[['trendy', 'great']]",['AMBIENCE'],['positive']
230,707,Y#14,Y#14:1,This is a fantastic place to eat!,AMBIENCE#GENERAL,positive,AMBIENCE,this is a fantastic place to eat,simple_sentence,fantastic place eat,[['place']],[['fantastic']],['AMBIENCE'],['negative']
231,708,Y#14,Y#14:2, the atmosphere was amazing!,AMBIENCE#GENERAL,positive,AMBIENCE,the atmosphere was amazing,simple_sentence,atmosphere amazing,[['atmosphere']],[['amazing']],['AMBIENCE'],['negative']
232,709,Y#15,Y#14:2, the atmosphere was amazing!,AMBIENCE#GENERAL,positive,AMBIENCE,the atmosphere was amazing,simple_sentence,atmosphere amazing,[['atmosphere']],[['amazing']],['AMBIENCE'],['negative']
233,710,Y#16,Y#16:3, It's a very warm and cozy atmosphere with a trendy style.,AMBIENCE#GENERAL,positive,AMBIENCE,it is a very warm and cozy atmosphere with a trendy style .,simple_sentence,warm cozy atmosphere trendy style,"[['atmosphere', 'style']]","[['cozy', 'trendy']]",['AMBIENCE'],['positive']
234,711,Y#18,Y#18:3, This restaurant has great decor and atmosphere,AMBIENCE#GENERAL,positive,AMBIENCE,this restaurant has great decor and atmosphere,simple_sentence,restaurant great decor atmosphere,"[['restaurant', 'decor']]",[['great']],['AMBIENCE'],['positive']
235,712,Y#19,Y#19:1,Hiding behind two great wooden door is this marvelous gem of a restaurant,AMBIENCE#GENERAL,positive,AMBIENCE,hiding behind two great wooden door is this marvelous gem of a restaurant,phrase,hide behind two great wooden door marvelous gem restaurant,"[['door', 'restaurant']]","[['great', 'marvelous', 'gem']]",['AMBIENCE'],['positive']
